place_id,place_name,category,location,district,rating,budget_min_LKR,budget_max_LKR,latitude,longitude,budget_level,description,tags,images
1,Arugam Bay,Beach,Ampara,Ampara,3.7,500,2000,6.84,81.836,Low,World-famous surfing destination,"surf,beach,adventure,ocean",
2,Kumana National Park,Wildlife,Ampara,Ampara,4.1,4000,12000,6.5872,81.7088,High,Remote wildlife sanctuary with leopards and birds,"leopard,wildlife,safari,birds",images/kumana_national_wildlife.jpg
3,Lahugala National Park,Wildlife,Ampara,Ampara,4.5,2000,5000,6.8442,81.6435,Medium,Elephant gathering near ancient tanks,"elephant,wildlife,tank,nature",images/lahugala_park.jpg
4,Panama Beach,Beach,Ampara,Ampara,4.8,200,800,6.6833,81.8333,Low,Remote pristine beach near Kumana,"beach,remote,pristine,peaceful",images/panama_beach.jpg
5,Deegawapi Temple,Religious,Ampara,Ampara,3.6,300,800,6.9167,81.65,Low,Ancient Buddhist temple with sacred history,"temple,buddhist,ancient,religious",
6,Ampara Tank,Nature,Ampara,Ampara,3.7,0,400,7.2833,81.6667,Low,Large irrigation tank with bird watching,"tank,birds,nature,scenic",images/ampara_tank.jpg
7,Pottuvil Lagoon,Nature,Ampara,Ampara,4.6,200,700,6.8833,81.8333,Low,Scenic lagoon near Arugam Bay,"lagoon,scenic,nature,birds",
8,Deegawapi Temple,Religious,Ampara,Ampara,4.5,300,800,6.9167,81.65,Low,Ancient Buddhist temple with sacred history,"temple,buddhist,ancient,religious",
9,Lahugala National Park,Wildlife,Ampara,Ampara,4.9,2000,5000,6.8442,81.6435,Medium,Elephant gathering near ancient tanks,"elephant,wildlife,tank,nature",images/lahugala_park.jpg
10,Lahugala National Park,Wildlife,Ampara,Ampara,4.6,2000,5000,6.8442,81.6435,Medium,Elephant gathering near ancient tanks,"elephant,wildlife,tank,nature",images/lahugala_park.jpg
11,Kumana National Park,Wildlife,Ampara,Ampara,3.6,4000,12000,6.5872,81.7088,High,Remote wildlife sanctuary with leopards and birds,"leopard,wildlife,safari,birds",images/kumana_national_wildlife.jpg
12,Arugam Bay,Beach,Ampara,Ampara,3.5,500,2000,6.84,81.836,Low,World-famous surfing destination,"surf,beach,adventure,ocean",
13,Deegawapi Temple,Religious,Ampara,Ampara,4.2,300,800,6.9167,81.65,Low,Ancient Buddhist temple with sacred history,"temple,buddhist,ancient,religious",
14,Deegawapi Temple,Religious,Ampara,Ampara,3.6,300,800,6.9167,81.65,Low,Ancient Buddhist temple with sacred history,"temple,buddhist,ancient,religious",
15,Ampara Tank,Nature,Ampara,Ampara,3.1,0,400,7.2833,81.6667,Low,Large irrigation tank with bird watching,"tank,birds,nature,scenic",images/ampara_tank.jpg
16,Pottuvil Lagoon,Nature,Ampara,Ampara,4.3,200,700,6.8833,81.8333,Low,Scenic lagoon near Arugam Bay,"lagoon,scenic,nature,birds",
17,Lahugala National Park,Wildlife,Ampara,Ampara,3.4,2000,5000,6.8442,81.6435,Medium,Elephant gathering near ancient tanks,"elephant,wildlife,tank,nature",images/lahugala_park.jpg
18,Deegawapi Temple,Religious,Ampara,Ampara,4,300,800,6.9167,81.65,Low,Ancient Buddhist temple with sacred history,"temple,buddhist,ancient,religious",
19,Ampara Tank,Nature,Ampara,Ampara,3.8,0,400,7.2833,81.6667,Low,Large irrigation tank with bird watching,"tank,birds,nature,scenic",images/ampara_tank.jpg
20,Ampara Tank,Nature,Ampara,Ampara,3.1,0,400,7.2833,81.6667,Low,Large irrigation tank with bird watching,"tank,birds,nature,scenic",images/ampara_tank.jpg
21,Pottuvil Lagoon,Nature,Ampara,Ampara,4.9,200,700,6.8833,81.8333,Low,Scenic lagoon near Arugam Bay,"lagoon,scenic,nature,birds",
22,Panama Beach,Beach,Ampara,Ampara,3.8,200,800,6.6833,81.8333,Low,Remote pristine beach near Kumana,"beach,remote,pristine,peaceful",images/panama_beach.jpg
23,Kumana National Park,Wildlife,Ampara,Ampara,4,4000,12000,6.5872,81.7088,High,Remote wildlife sanctuary with leopards and birds,"leopard,wildlife,safari,birds",images/kumana_national_wildlife.jpg
24,Deegawapi Temple,Religious,Ampara,Ampara,3.1,300,800,6.9167,81.65,Low,Ancient Buddhist temple with sacred history,"temple,buddhist,ancient,religious",
25,Arugam Bay,Beach,Ampara,Ampara,5,500,2000,6.84,81.836,Low,World-famous surfing destination,"surf,beach,adventure,ocean",
26,Lahugala National Park,Wildlife,Ampara,Ampara,3.3,2000,5000,6.8442,81.6435,Medium,Elephant gathering near ancient tanks,"elephant,wildlife,tank,nature",images/lahugala_park.jpg
27,Pottuvil Lagoon,Nature,Ampara,Ampara,4.7,200,700,6.8833,81.8333,Low,Scenic lagoon near Arugam Bay,"lagoon,scenic,nature,birds",
28,Panama Beach,Beach,Ampara,Ampara,3.7,200,800,6.6833,81.8333,Low,Remote pristine beach near Kumana,"beach,remote,pristine,peaceful",images/panama_beach.jpg
29,Ampara Tank,Nature,Ampara,Ampara,3.3,0,400,7.2833,81.6667,Low,Large irrigation tank with bird watching,"tank,birds,nature,scenic",images/ampara_tank.jpg
30,Panama Beach,Beach,Ampara,Ampara,4.9,200,800,6.6833,81.8333,Low,Remote pristine beach near Kumana,"beach,remote,pristine,peaceful",images/panama_beach.jpg
31,Pottuvil Lagoon,Nature,Ampara,Ampara,3.1,200,700,6.8833,81.8333,Low,Scenic lagoon near Arugam Bay,"lagoon,scenic,nature,birds",
32,Deegawapi Temple,Religious,Ampara,Ampara,3.1,300,800,6.9167,81.65,Low,Ancient Buddhist temple with sacred history,"temple,buddhist,ancient,religious",
33,Lahugala National Park,Wildlife,Ampara,Ampara,3.4,2000,5000,6.8442,81.6435,Medium,Elephant gathering near ancient tanks,"elephant,wildlife,tank,nature",images/lahugala_park.jpg
34,Arugam Bay,Beach,Ampara,Ampara,4.9,500,2000,6.84,81.836,Low,World-famous surfing destination,"surf,beach,adventure,ocean",
35,Panama Beach,Beach,Ampara,Ampara,4,200,800,6.6833,81.8333,Low,Remote pristine beach near Kumana,"beach,remote,pristine,peaceful",images/panama_beach.jpg
36,Ampara Tank,Nature,Ampara,Ampara,4.4,0,400,7.2833,81.6667,Low,Large irrigation tank with bird watching,"tank,birds,nature,scenic",images/ampara_tank.jpg
37,Pottuvil Lagoon,Nature,Ampara,Ampara,3.8,200,700,6.8833,81.8333,Low,Scenic lagoon near Arugam Bay,"lagoon,scenic,nature,birds",
38,Ampara Tank,Nature,Ampara,Ampara,3.8,0,400,7.2833,81.6667,Low,Large irrigation tank with bird watching,"tank,birds,nature,scenic",images/ampara_tank.jpg
39,Ampara Tank,Nature,Ampara,Ampara,4.1,0,400,7.2833,81.6667,Low,Large irrigation tank with bird watching,"tank,birds,nature,scenic",images/ampara_tank.jpg
40,Deegawapi Temple,Religious,Ampara,Ampara,3.3,300,800,6.9167,81.65,Low,Ancient Buddhist temple with sacred history,"temple,buddhist,ancient,religious",
41,Arugam Bay,Beach,Ampara,Ampara,3.6,500,2000,6.84,81.836,Low,World-famous surfing destination,"surf,beach,adventure,ocean",
42,Deegawapi Temple,Religious,Ampara,Ampara,4.8,300,800,6.9167,81.65,Low,Ancient Buddhist temple with sacred history,"temple,buddhist,ancient,religious",
43,Pottuvil Lagoon,Nature,Ampara,Ampara,3.3,200,700,6.8833,81.8333,Low,Scenic lagoon near Arugam Bay,"lagoon,scenic,nature,birds",
44,Lahugala National Park,Wildlife,Ampara,Ampara,3.8,2000,5000,6.8442,81.6435,Medium,Elephant gathering near ancient tanks,"elephant,wildlife,tank,nature",images/lahugala_park.jpg
45,Ampara Tank,Nature,Ampara,Ampara,4.5,0,400,7.2833,81.6667,Low,Large irrigation tank with bird watching,"tank,birds,nature,scenic",images/ampara_tank.jpg
46,Ampara Tank,Nature,Ampara,Ampara,4.4,0,400,7.2833,81.6667,Low,Large irrigation tank with bird watching,"tank,birds,nature,scenic",images/ampara_tank.jpg
47,Arugam Bay,Beach,Ampara,Ampara,3.6,500,2000,6.84,81.836,Low,World-famous surfing destination,"surf,beach,adventure,ocean",
48,Panama Beach,Beach,Ampara,Ampara,4.5,200,800,6.6833,81.8333,Low,Remote pristine beach near Kumana,"beach,remote,pristine,peaceful",images/panama_beach.jpg
49,Pottuvil Lagoon,Nature,Ampara,Ampara,3.5,200,700,6.8833,81.8333,Low,Scenic lagoon near Arugam Bay,"lagoon,scenic,nature,birds",
50,Kumana National Park,Wildlife,Ampara,Ampara,3.2,4000,12000,6.5872,81.7088,High,Remote wildlife sanctuary with leopards and birds,"leopard,wildlife,safari,birds",images/kumana_national_wildlife.jpg
51,Panama Beach,Beach,Ampara,Ampara,3.2,200,800,6.6833,81.8333,Low,Remote pristine beach near Kumana,"beach,remote,pristine,peaceful",images/panama_beach.jpg
52,Deegawapi Temple,Religious,Ampara,Ampara,4.2,300,800,6.9167,81.65,Low,Ancient Buddhist temple with sacred history,"temple,buddhist,ancient,religious",
53,Lahugala National Park,Wildlife,Ampara,Ampara,4.3,2000,5000,6.8442,81.6435,Medium,Elephant gathering near ancient tanks,"elephant,wildlife,tank,nature",images/lahugala_park.jpg
54,Ampara Tank,Nature,Ampara,Ampara,4.5,0,400,7.2833,81.6667,Low,Large irrigation tank with bird watching,"tank,birds,nature,scenic",images/ampara_tank.jpg
55,Arugam Bay,Beach,Ampara,Ampara,3,500,2000,6.84,81.836,Low,World-famous surfing destination,"surf,beach,adventure,ocean",
56,Kumana National Park,Wildlife,Ampara,Ampara,4.4,4000,12000,6.5872,81.7088,High,Remote wildlife sanctuary with leopards and birds,"leopard,wildlife,safari,birds",images/kumana_national_wildlife.jpg
57,Kumana National Park,Wildlife,Ampara,Ampara,4,4000,12000,6.5872,81.7088,High,Remote wildlife sanctuary with leopards and birds,"leopard,wildlife,safari,birds",images/kumana_national_wildlife.jpg
58,Lahugala National Park,Wildlife,Ampara,Ampara,4,2000,5000,6.8442,81.6435,Medium,Elephant gathering near ancient tanks,"elephant,wildlife,tank,nature",images/lahugala_park.jpg
59,Pottuvil Lagoon,Nature,Ampara,Ampara,4.6,200,700,6.8833,81.8333,Low,Scenic lagoon near Arugam Bay,"lagoon,scenic,nature,birds",
60,Lahugala National Park,Wildlife,Ampara,Ampara,3.3,2000,5000,6.8442,81.6435,Medium,Elephant gathering near ancient tanks,"elephant,wildlife,tank,nature",images/lahugala_park.jpg
61,Kumana National Park,Wildlife,Ampara,Ampara,4.5,4000,12000,6.5872,81.7088,High,Remote wildlife sanctuary with leopards and birds,"leopard,wildlife,safari,birds",images/kumana_national_wildlife.jpg
62,Pottuvil Lagoon,Nature,Ampara,Ampara,3.5,200,700,6.8833,81.8333,Low,Scenic lagoon near Arugam Bay,"lagoon,scenic,nature,birds",
63,Arugam Bay,Beach,Ampara,Ampara,4.5,500,2000,6.84,81.836,Low,World-famous surfing destination,"surf,beach,adventure,ocean",
64,Arugam Bay,Beach,Ampara,Ampara,3.7,500,2000,6.84,81.836,Low,World-famous surfing destination,"surf,beach,adventure,ocean",
65,Panama Beach,Beach,Ampara,Ampara,3.5,200,800,6.6833,81.8333,Low,Remote pristine beach near Kumana,"beach,remote,pristine,peaceful",images/panama_beach.jpg
66,Arugam Bay,Beach,Ampara,Ampara,3.5,500,2000,6.84,81.836,Low,World-famous surfing destination,"surf,beach,adventure,ocean",
67,Deegawapi Temple,Religious,Ampara,Ampara,4.3,300,800,6.9167,81.65,Low,Ancient Buddhist temple with sacred history,"temple,buddhist,ancient,religious",
68,Panama Beach,Beach,Ampara,Ampara,3.9,200,800,6.6833,81.8333,Low,Remote pristine beach near Kumana,"beach,remote,pristine,peaceful",images/panama_beach.jpg
69,Lahugala National Park,Wildlife,Ampara,Ampara,3.1,2000,5000,6.8442,81.6435,Medium,Elephant gathering near ancient tanks,"elephant,wildlife,tank,nature",images/lahugala_park.jpg
70,Pottuvil Lagoon,Nature,Ampara,Ampara,4.1,200,700,6.8833,81.8333,Low,Scenic lagoon near Arugam Bay,"lagoon,scenic,nature,birds",
71,Lahugala National Park,Wildlife,Ampara,Ampara,3.3,2000,5000,6.8442,81.6435,Medium,Elephant gathering near ancient tanks,"elephant,wildlife,tank,nature",images/lahugala_park.jpg
72,Pottuvil Lagoon,Nature,Ampara,Ampara,3.2,200,700,6.8833,81.8333,Low,Scenic lagoon near Arugam Bay,"lagoon,scenic,nature,birds",
73,Deegawapi Temple,Religious,Ampara,Ampara,4.3,300,800,6.9167,81.65,Low,Ancient Buddhist temple with sacred history,"temple,buddhist,ancient,religious",
74,Arugam Bay,Beach,Ampara,Ampara,3.5,500,2000,6.84,81.836,Low,World-famous surfing destination,"surf,beach,adventure,ocean",
75,Deegawapi Temple,Religious,Ampara,Ampara,3,300,800,6.9167,81.65,Low,Ancient Buddhist temple with sacred history,"temple,buddhist,ancient,religious",
76,Pottuvil Lagoon,Nature,Ampara,Ampara,4.7,200,700,6.8833,81.8333,Low,Scenic lagoon near Arugam Bay,"lagoon,scenic,nature,birds",
77,Kumana National Park,Wildlife,Ampara,Ampara,3.1,4000,12000,6.5872,81.7088,High,Remote wildlife sanctuary with leopards and birds,"leopard,wildlife,safari,birds",images/kumana_national_wildlife.jpg
78,Lahugala National Park,Wildlife,Ampara,Ampara,3.8,2000,5000,6.8442,81.6435,Medium,Elephant gathering near ancient tanks,"elephant,wildlife,tank,nature",images/lahugala_park.jpg
79,Kumana National Park,Wildlife,Ampara,Ampara,3.4,4000,12000,6.5872,81.7088,High,Remote wildlife sanctuary with leopards and birds,"leopard,wildlife,safari,birds",images/kumana_national_wildlife.jpg
80,Pottuvil Lagoon,Nature,Ampara,Ampara,3.1,200,700,6.8833,81.8333,Low,Scenic lagoon near Arugam Bay,"lagoon,scenic,nature,birds",
81,Pottuvil Lagoon,Nature,Ampara,Ampara,4.8,200,700,6.8833,81.8333,Low,Scenic lagoon near Arugam Bay,"lagoon,scenic,nature,birds",
82,Ampara Tank,Nature,Ampara,Ampara,4.3,0,400,7.2833,81.6667,Low,Large irrigation tank with bird watching,"tank,birds,nature,scenic",images/ampara_tank.jpg
83,Kumana National Park,Wildlife,Ampara,Ampara,3.6,4000,12000,6.5872,81.7088,High,Remote wildlife sanctuary with leopards and birds,"leopard,wildlife,safari,birds",images/kumana_national_wildlife.jpg
84,Panama Beach,Beach,Ampara,Ampara,4.8,200,800,6.6833,81.8333,Low,Remote pristine beach near Kumana,"beach,remote,pristine,peaceful",images/panama_beach.jpg
85,Lahugala National Park,Wildlife,Ampara,Ampara,3.5,2000,5000,6.8442,81.6435,Medium,Elephant gathering near ancient tanks,"elephant,wildlife,tank,nature",images/lahugala_park.jpg
86,Arugam Bay,Beach,Ampara,Ampara,4.1,500,2000,6.84,81.836,Low,World-famous surfing destination,"surf,beach,adventure,ocean",
87,Arugam Bay,Beach,Ampara,Ampara,4,500,2000,6.84,81.836,Low,World-famous surfing destination,"surf,beach,adventure,ocean",
88,Arugam Bay,Beach,Ampara,Ampara,3.4,500,2000,6.84,81.836,Low,World-famous surfing destination,"surf,beach,adventure,ocean",
89,Pottuvil Lagoon,Nature,Ampara,Ampara,4,200,700,6.8833,81.8333,Low,Scenic lagoon near Arugam Bay,"lagoon,scenic,nature,birds",
90,Arugam Bay,Beach,Ampara,Ampara,4.9,500,2000,6.84,81.836,Low,World-famous surfing destination,"surf,beach,adventure,ocean",
91,Arugam Bay,Beach,Ampara,Ampara,4.8,500,2000,6.84,81.836,Low,World-famous surfing destination,"surf,beach,adventure,ocean",
92,Pottuvil Lagoon,Nature,Ampara,Ampara,3.6,200,700,6.8833,81.8333,Low,Scenic lagoon near Arugam Bay,"lagoon,scenic,nature,birds",
93,Pottuvil Lagoon,Nature,Ampara,Ampara,3.6,200,700,6.8833,81.8333,Low,Scenic lagoon near Arugam Bay,"lagoon,scenic,nature,birds",
94,Arugam Bay,Beach,Ampara,Ampara,4.1,500,2000,6.84,81.836,Low,World-famous surfing destination,"surf,beach,adventure,ocean",
95,Arugam Bay,Beach,Ampara,Ampara,3.7,500,2000,6.84,81.836,Low,World-famous surfing destination,"surf,beach,adventure,ocean",
96,Lahugala National Park,Wildlife,Ampara,Ampara,4.1,2000,5000,6.8442,81.6435,Medium,Elephant gathering near ancient tanks,"elephant,wildlife,tank,nature",images/lahugala_park.jpg
97,Lahugala National Park,Wildlife,Ampara,Ampara,4.5,2000,5000,6.8442,81.6435,Medium,Elephant gathering near ancient tanks,"elephant,wildlife,tank,nature",images/lahugala_park.jpg
98,Kumana National Park,Wildlife,Ampara,Ampara,3.9,4000,12000,6.5872,81.7088,High,Remote wildlife sanctuary with leopards and birds,"leopard,wildlife,safari,birds",images/kumana_national_wildlife.jpg
99,Deegawapi Temple,Religious,Ampara,Ampara,4.9,300,800,6.9167,81.65,Low,Ancient Buddhist temple with sacred history,"temple,buddhist,ancient,religious",
100,Pottuvil Lagoon,Nature,Ampara,Ampara,4.6,200,700,6.8833,81.8333,Low,Scenic lagoon near Arugam Bay,"lagoon,scenic,nature,birds",
101,Ampara Tank,Nature,Ampara,Ampara,4.8,0,400,7.2833,81.6667,Low,Large irrigation tank with bird watching,"tank,birds,nature,scenic",images/ampara_tank.jpg
102,Pottuvil Lagoon,Nature,Ampara,Ampara,4.6,200,700,6.8833,81.8333,Low,Scenic lagoon near Arugam Bay,"lagoon,scenic,nature,birds",
103,Kumana National Park,Wildlife,Ampara,Ampara,3,4000,12000,6.5872,81.7088,High,Remote wildlife sanctuary with leopards and birds,"leopard,wildlife,safari,birds",images/kumana_national_wildlife.jpg
104,Panama Beach,Beach,Ampara,Ampara,3,200,800,6.6833,81.8333,Low,Remote pristine beach near Kumana,"beach,remote,pristine,peaceful",images/panama_beach.jpg
105,Deegawapi Temple,Religious,Ampara,Ampara,3.7,300,800,6.9167,81.65,Low,Ancient Buddhist temple with sacred history,"temple,buddhist,ancient,religious",
106,Pottuvil Lagoon,Nature,Ampara,Ampara,4.4,200,700,6.8833,81.8333,Low,Scenic lagoon near Arugam Bay,"lagoon,scenic,nature,birds",
107,Arugam Bay,Beach,Ampara,Ampara,4.9,500,2000,6.84,81.836,Low,World-famous surfing destination,"surf,beach,adventure,ocean",
108,Arugam Bay,Beach,Ampara,Ampara,4.5,500,2000,6.84,81.836,Low,World-famous surfing destination,"surf,beach,adventure,ocean",
109,Panama Beach,Beach,Ampara,Ampara,4.7,200,800,6.6833,81.8333,Low,Remote pristine beach near Kumana,"beach,remote,pristine,peaceful",images/panama_beach.jpg
110,Ampara Tank,Nature,Ampara,Ampara,3.6,0,400,7.2833,81.6667,Low,Large irrigation tank with bird watching,"tank,birds,nature,scenic",images/ampara_tank.jpg
111,Kumana National Park,Wildlife,Ampara,Ampara,4.1,4000,12000,6.5872,81.7088,High,Remote wildlife sanctuary with leopards and birds,"leopard,wildlife,safari,birds",images/kumana_national_wildlife.jpg
112,Kumana National Park,Wildlife,Ampara,Ampara,3.8,4000,12000,6.5872,81.7088,High,Remote wildlife sanctuary with leopards and birds,"leopard,wildlife,safari,birds",images/kumana_national_wildlife.jpg
113,Arugam Bay,Beach,Ampara,Ampara,4.9,500,2000,6.84,81.836,Low,World-famous surfing destination,"surf,beach,adventure,ocean",
114,Kumana National Park,Wildlife,Ampara,Ampara,4.4,4000,12000,6.5872,81.7088,High,Remote wildlife sanctuary with leopards and birds,"leopard,wildlife,safari,birds",images/kumana_national_wildlife.jpg
115,Arugam Bay,Beach,Ampara,Ampara,3.1,500,2000,6.84,81.836,Low,World-famous surfing destination,"surf,beach,adventure,ocean",
116,Kumana National Park,Wildlife,Ampara,Ampara,4.8,4000,12000,6.5872,81.7088,High,Remote wildlife sanctuary with leopards and birds,"leopard,wildlife,safari,birds",images/kumana_national_wildlife.jpg
117,Deegawapi Temple,Religious,Ampara,Ampara,3.8,300,800,6.9167,81.65,Low,Ancient Buddhist temple with sacred history,"temple,buddhist,ancient,religious",
118,Lahugala National Park,Wildlife,Ampara,Ampara,3.9,2000,5000,6.8442,81.6435,Medium,Elephant gathering near ancient tanks,"elephant,wildlife,tank,nature",images/lahugala_park.jpg
119,Ampara Tank,Nature,Ampara,Ampara,3.2,0,400,7.2833,81.6667,Low,Large irrigation tank with bird watching,"tank,birds,nature,scenic",images/ampara_tank.jpg
120,Arugam Bay,Beach,Ampara,Ampara,4,500,2000,6.84,81.836,Low,World-famous surfing destination,"surf,beach,adventure,ocean",
121,Ampara Tank,Nature,Ampara,Ampara,4.6,0,400,7.2833,81.6667,Low,Large irrigation tank with bird watching,"tank,birds,nature,scenic",images/ampara_tank.jpg
122,Arugam Bay,Beach,Ampara,Ampara,4.2,500,2000,6.84,81.836,Low,World-famous surfing destination,"surf,beach,adventure,ocean",
123,Arugam Bay,Beach,Ampara,Ampara,3.9,500,2000,6.84,81.836,Low,World-famous surfing destination,"surf,beach,adventure,ocean",
124,Kumana National Park,Wildlife,Ampara,Ampara,3.5,4000,12000,6.5872,81.7088,High,Remote wildlife sanctuary with leopards and birds,"leopard,wildlife,safari,birds",images/kumana_national_wildlife.jpg
125,Lahugala National Park,Wildlife,Ampara,Ampara,4.7,2000,5000,6.8442,81.6435,Medium,Elephant gathering near ancient tanks,"elephant,wildlife,tank,nature",images/lahugala_park.jpg
126,Pottuvil Lagoon,Nature,Ampara,Ampara,3.8,200,700,6.8833,81.8333,Low,Scenic lagoon near Arugam Bay,"lagoon,scenic,nature,birds",
127,Pottuvil Lagoon,Nature,Ampara,Ampara,4.5,200,700,6.8833,81.8333,Low,Scenic lagoon near Arugam Bay,"lagoon,scenic,nature,birds",
128,Lahugala National Park,Wildlife,Ampara,Ampara,3.9,2000,5000,6.8442,81.6435,Medium,Elephant gathering near ancient tanks,"elephant,wildlife,tank,nature",images/lahugala_park.jpg
129,Kumana National Park,Wildlife,Ampara,Ampara,3.1,4000,12000,6.5872,81.7088,High,Remote wildlife sanctuary with leopards and birds,"leopard,wildlife,safari,birds",images/kumana_national_wildlife.jpg
130,Kumana National Park,Wildlife,Ampara,Ampara,3.3,4000,12000,6.5872,81.7088,High,Remote wildlife sanctuary with leopards and birds,"leopard,wildlife,safari,birds",images/kumana_national_wildlife.jpg
131,Pottuvil Lagoon,Nature,Ampara,Ampara,4.2,200,700,6.8833,81.8333,Low,Scenic lagoon near Arugam Bay,"lagoon,scenic,nature,birds",
132,Kumana National Park,Wildlife,Ampara,Ampara,3.2,4000,12000,6.5872,81.7088,High,Remote wildlife sanctuary with leopards and birds,"leopard,wildlife,safari,birds",images/kumana_national_wildlife.jpg
133,Panama Beach,Beach,Ampara,Ampara,3.9,200,800,6.6833,81.8333,Low,Remote pristine beach near Kumana,"beach,remote,pristine,peaceful",images/panama_beach.jpg
134,Panama Beach,Beach,Ampara,Ampara,3.2,200,800,6.6833,81.8333,Low,Remote pristine beach near Kumana,"beach,remote,pristine,peaceful",images/panama_beach.jpg
135,Lahugala National Park,Wildlife,Ampara,Ampara,4.9,2000,5000,6.8442,81.6435,Medium,Elephant gathering near ancient tanks,"elephant,wildlife,tank,nature",images/lahugala_park.jpg
136,Kumana National Park,Wildlife,Ampara,Ampara,3.9,4000,12000,6.5872,81.7088,High,Remote wildlife sanctuary with leopards and birds,"leopard,wildlife,safari,birds",images/kumana_national_wildlife.jpg
137,Panama Beach,Beach,Ampara,Ampara,3.5,200,800,6.6833,81.8333,Low,Remote pristine beach near Kumana,"beach,remote,pristine,peaceful",images/panama_beach.jpg
138,Arugam Bay,Beach,Ampara,Ampara,3.2,500,2000,6.84,81.836,Low,World-famous surfing destination,"surf,beach,adventure,ocean",
139,Pottuvil Lagoon,Nature,Ampara,Ampara,4.4,200,700,6.8833,81.8333,Low,Scenic lagoon near Arugam Bay,"lagoon,scenic,nature,birds",
140,Pottuvil Lagoon,Nature,Ampara,Ampara,4.4,200,700,6.8833,81.8333,Low,Scenic lagoon near Arugam Bay,"lagoon,scenic,nature,birds",
141,Deegawapi Temple,Religious,Ampara,Ampara,3.1,300,800,6.9167,81.65,Low,Ancient Buddhist temple with sacred history,"temple,buddhist,ancient,religious",
142,Pottuvil Lagoon,Nature,Ampara,Ampara,4.7,200,700,6.8833,81.8333,Low,Scenic lagoon near Arugam Bay,"lagoon,scenic,nature,birds",
143,Kumana National Park,Wildlife,Ampara,Ampara,3.2,4000,12000,6.5872,81.7088,High,Remote wildlife sanctuary with leopards and birds,"leopard,wildlife,safari,birds",images/kumana_national_wildlife.jpg
144,Kumana National Park,Wildlife,Ampara,Ampara,4.9,4000,12000,6.5872,81.7088,High,Remote wildlife sanctuary with leopards and birds,"leopard,wildlife,safari,birds",images/kumana_national_wildlife.jpg
145,Panama Beach,Beach,Ampara,Ampara,4,200,800,6.6833,81.8333,Low,Remote pristine beach near Kumana,"beach,remote,pristine,peaceful",images/panama_beach.jpg
146,Ampara Tank,Nature,Ampara,Ampara,3.6,0,400,7.2833,81.6667,Low,Large irrigation tank with bird watching,"tank,birds,nature,scenic",images/ampara_tank.jpg
147,Pottuvil Lagoon,Nature,Ampara,Ampara,5,200,700,6.8833,81.8333,Low,Scenic lagoon near Arugam Bay,"lagoon,scenic,nature,birds",
148,Arugam Bay,Beach,Ampara,Ampara,4.9,500,2000,6.84,81.836,Low,World-famous surfing destination,"surf,beach,adventure,ocean",
149,Pottuvil Lagoon,Nature,Ampara,Ampara,3.9,200,700,6.8833,81.8333,Low,Scenic lagoon near Arugam Bay,"lagoon,scenic,nature,birds",
150,Ampara Tank,Nature,Ampara,Ampara,4.1,0,400,7.2833,81.6667,Low,Large irrigation tank with bird watching,"tank,birds,nature,scenic",images/ampara_tank.jpg
151,Arugam Bay,Beach,Ampara,Ampara,3.9,500,2000,6.84,81.836,Low,World-famous surfing destination,"surf,beach,adventure,ocean",
152,Pottuvil Lagoon,Nature,Ampara,Ampara,4.6,200,700,6.8833,81.8333,Low,Scenic lagoon near Arugam Bay,"lagoon,scenic,nature,birds",
153,Arugam Bay,Beach,Ampara,Ampara,3,500,2000,6.84,81.836,Low,World-famous surfing destination,"surf,beach,adventure,ocean",
154,Pottuvil Lagoon,Nature,Ampara,Ampara,4.6,200,700,6.8833,81.8333,Low,Scenic lagoon near Arugam Bay,"lagoon,scenic,nature,birds",
155,Kumana National Park,Wildlife,Ampara,Ampara,3.3,4000,12000,6.5872,81.7088,High,Remote wildlife sanctuary with leopards and birds,"leopard,wildlife,safari,birds",images/kumana_national_wildlife.jpg
156,Pottuvil Lagoon,Nature,Ampara,Ampara,3.8,200,700,6.8833,81.8333,Low,Scenic lagoon near Arugam Bay,"lagoon,scenic,nature,birds",
157,Ampara Tank,Nature,Ampara,Ampara,4.3,0,400,7.2833,81.6667,Low,Large irrigation tank with bird watching,"tank,birds,nature,scenic",images/ampara_tank.jpg
158,Ampara Tank,Nature,Ampara,Ampara,3.2,0,400,7.2833,81.6667,Low,Large irrigation tank with bird watching,"tank,birds,nature,scenic",images/ampara_tank.jpg
159,Deegawapi Temple,Religious,Ampara,Ampara,3.5,300,800,6.9167,81.65,Low,Ancient Buddhist temple with sacred history,"temple,buddhist,ancient,religious",
160,Pottuvil Lagoon,Nature,Ampara,Ampara,3.1,200,700,6.8833,81.8333,Low,Scenic lagoon near Arugam Bay,"lagoon,scenic,nature,birds",
161,Arugam Bay,Beach,Ampara,Ampara,3.4,500,2000,6.84,81.836,Low,World-famous surfing destination,"surf,beach,adventure,ocean",
162,Ampara Tank,Nature,Ampara,Ampara,3.9,0,400,7.2833,81.6667,Low,Large irrigation tank with bird watching,"tank,birds,nature,scenic",images/ampara_tank.jpg
163,Kumana National Park,Wildlife,Ampara,Ampara,3.2,4000,12000,6.5872,81.7088,High,Remote wildlife sanctuary with leopards and birds,"leopard,wildlife,safari,birds",images/kumana_national_wildlife.jpg
164,Pottuvil Lagoon,Nature,Ampara,Ampara,4.7,200,700,6.8833,81.8333,Low,Scenic lagoon near Arugam Bay,"lagoon,scenic,nature,birds",
165,Lahugala National Park,Wildlife,Ampara,Ampara,3.2,2000,5000,6.8442,81.6435,Medium,Elephant gathering near ancient tanks,"elephant,wildlife,tank,nature",images/lahugala_park.jpg
166,Panama Beach,Beach,Ampara,Ampara,3.1,200,800,6.6833,81.8333,Low,Remote pristine beach near Kumana,"beach,remote,pristine,peaceful",images/panama_beach.jpg
167,Deegawapi Temple,Religious,Ampara,Ampara,3.9,300,800,6.9167,81.65,Low,Ancient Buddhist temple with sacred history,"temple,buddhist,ancient,religious",
168,Ampara Tank,Nature,Ampara,Ampara,3.8,0,400,7.2833,81.6667,Low,Large irrigation tank with bird watching,"tank,birds,nature,scenic",images/ampara_tank.jpg
169,Arugam Bay,Beach,Ampara,Ampara,3.8,500,2000,6.84,81.836,Low,World-famous surfing destination,"surf,beach,adventure,ocean",
170,Panama Beach,Beach,Ampara,Ampara,3.3,200,800,6.6833,81.8333,Low,Remote pristine beach near Kumana,"beach,remote,pristine,peaceful",images/panama_beach.jpg
171,Kumana National Park,Wildlife,Ampara,Ampara,4.8,4000,12000,6.5872,81.7088,High,Remote wildlife sanctuary with leopards and birds,"leopard,wildlife,safari,birds",images/kumana_national_wildlife.jpg
172,Lahugala National Park,Wildlife,Ampara,Ampara,3.6,2000,5000,6.8442,81.6435,Medium,Elephant gathering near ancient tanks,"elephant,wildlife,tank,nature",images/lahugala_park.jpg
173,Kumana National Park,Wildlife,Ampara,Ampara,3.1,4000,12000,6.5872,81.7088,High,Remote wildlife sanctuary with leopards and birds,"leopard,wildlife,safari,birds",images/kumana_national_wildlife.jpg
174,Deegawapi Temple,Religious,Ampara,Ampara,4.2,300,800,6.9167,81.65,Low,Ancient Buddhist temple with sacred history,"temple,buddhist,ancient,religious",
175,Ampara Tank,Nature,Ampara,Ampara,3.6,0,400,7.2833,81.6667,Low,Large irrigation tank with bird watching,"tank,birds,nature,scenic",images/ampara_tank.jpg
176,Panama Beach,Beach,Ampara,Ampara,4.8,200,800,6.6833,81.8333,Low,Remote pristine beach near Kumana,"beach,remote,pristine,peaceful",images/panama_beach.jpg
177,Panama Beach,Beach,Ampara,Ampara,3.1,200,800,6.6833,81.8333,Low,Remote pristine beach near Kumana,"beach,remote,pristine,peaceful",images/panama_beach.jpg
178,Lahugala National Park,Wildlife,Ampara,Ampara,3.8,2000,5000,6.8442,81.6435,Medium,Elephant gathering near ancient tanks,"elephant,wildlife,tank,nature",images/lahugala_park.jpg
179,Panama Beach,Beach,Ampara,Ampara,3.4,200,800,6.6833,81.8333,Low,Remote pristine beach near Kumana,"beach,remote,pristine,peaceful",images/panama_beach.jpg
180,Pottuvil Lagoon,Nature,Ampara,Ampara,4.1,200,700,6.8833,81.8333,Low,Scenic lagoon near Arugam Bay,"lagoon,scenic,nature,birds",
181,Ampara Tank,Nature,Ampara,Ampara,5,0,400,7.2833,81.6667,Low,Large irrigation tank with bird watching,"tank,birds,nature,scenic",images/ampara_tank.jpg
182,Deegawapi Temple,Religious,Ampara,Ampara,4.6,300,800,6.9167,81.65,Low,Ancient Buddhist temple with sacred history,"temple,buddhist,ancient,religious",
183,Panama Beach,Beach,Ampara,Ampara,4.6,200,800,6.6833,81.8333,Low,Remote pristine beach near Kumana,"beach,remote,pristine,peaceful",images/panama_beach.jpg
184,Lahugala National Park,Wildlife,Ampara,Ampara,4,2000,5000,6.8442,81.6435,Medium,Elephant gathering near ancient tanks,"elephant,wildlife,tank,nature",images/lahugala_park.jpg
185,Pottuvil Lagoon,Nature,Ampara,Ampara,4,200,700,6.8833,81.8333,Low,Scenic lagoon near Arugam Bay,"lagoon,scenic,nature,birds",
186,Deegawapi Temple,Religious,Ampara,Ampara,4,300,800,6.9167,81.65,Low,Ancient Buddhist temple with sacred history,"temple,buddhist,ancient,religious",
187,Panama Beach,Beach,Ampara,Ampara,3.5,200,800,6.6833,81.8333,Low,Remote pristine beach near Kumana,"beach,remote,pristine,peaceful",images/panama_beach.jpg
188,Arugam Bay,Beach,Ampara,Ampara,3.6,500,2000,6.84,81.836,Low,World-famous surfing destination,"surf,beach,adventure,ocean",
189,Kumana National Park,Wildlife,Ampara,Ampara,3.1,4000,12000,6.5872,81.7088,High,Remote wildlife sanctuary with leopards and birds,"leopard,wildlife,safari,birds",images/kumana_national_wildlife.jpg
190,Pottuvil Lagoon,Nature,Ampara,Ampara,4.6,200,700,6.8833,81.8333,Low,Scenic lagoon near Arugam Bay,"lagoon,scenic,nature,birds",
191,Arugam Bay,Beach,Ampara,Ampara,4.6,500,2000,6.84,81.836,Low,World-famous surfing destination,"surf,beach,adventure,ocean",
192,Panama Beach,Beach,Ampara,Ampara,4.1,200,800,6.6833,81.8333,Low,Remote pristine beach near Kumana,"beach,remote,pristine,peaceful",images/panama_beach.jpg
193,Pottuvil Lagoon,Nature,Ampara,Ampara,4.2,200,700,6.8833,81.8333,Low,Scenic lagoon near Arugam Bay,"lagoon,scenic,nature,birds",
194,Kumana National Park,Wildlife,Ampara,Ampara,4.9,4000,12000,6.5872,81.7088,High,Remote wildlife sanctuary with leopards and birds,"leopard,wildlife,safari,birds",images/kumana_national_wildlife.jpg
195,Arugam Bay,Beach,Ampara,Ampara,3.5,500,2000,6.84,81.836,Low,World-famous surfing destination,"surf,beach,adventure,ocean",
196,Kumana National Park,Wildlife,Ampara,Ampara,3.5,4000,12000,6.5872,81.7088,High,Remote wildlife sanctuary with leopards and birds,"leopard,wildlife,safari,birds",images/kumana_national_wildlife.jpg
197,Pottuvil Lagoon,Nature,Ampara,Ampara,4.6,200,700,6.8833,81.8333,Low,Scenic lagoon near Arugam Bay,"lagoon,scenic,nature,birds",
198,Ampara Tank,Nature,Ampara,Ampara,3.1,0,400,7.2833,81.6667,Low,Large irrigation tank with bird watching,"tank,birds,nature,scenic",images/ampara_tank.jpg
199,Kumana National Park,Wildlife,Ampara,Ampara,4.2,4000,12000,6.5872,81.7088,High,Remote wildlife sanctuary with leopards and birds,"leopard,wildlife,safari,birds",images/kumana_national_wildlife.jpg
200,Pottuvil Lagoon,Nature,Ampara,Ampara,3.8,200,700,6.8833,81.8333,Low,Scenic lagoon near Arugam Bay,"lagoon,scenic,nature,birds",
201,Pottuvil Lagoon,Nature,Ampara,Ampara,5,200,700,6.8833,81.8333,Low,Scenic lagoon near Arugam Bay,"lagoon,scenic,nature,birds",
202,Kumana National Park,Wildlife,Ampara,Ampara,3.4,4000,12000,6.5872,81.7088,High,Remote wildlife sanctuary with leopards and birds,"leopard,wildlife,safari,birds",images/kumana_national_wildlife.jpg
203,Deegawapi Temple,Religious,Ampara,Ampara,3.6,300,800,6.9167,81.65,Low,Ancient Buddhist temple with sacred history,"temple,buddhist,ancient,religious",
204,Ampara Tank,Nature,Ampara,Ampara,4.4,0,400,7.2833,81.6667,Low,Large irrigation tank with bird watching,"tank,birds,nature,scenic",images/ampara_tank.jpg
205,Deegawapi Temple,Religious,Ampara,Ampara,3.1,300,800,6.9167,81.65,Low,Ancient Buddhist temple with sacred history,"temple,buddhist,ancient,religious",
206,Ampara Tank,Nature,Ampara,Ampara,3.7,0,400,7.2833,81.6667,Low,Large irrigation tank with bird watching,"tank,birds,nature,scenic",images/ampara_tank.jpg
207,Deegawapi Temple,Religious,Ampara,Ampara,4.1,300,800,6.9167,81.65,Low,Ancient Buddhist temple with sacred history,"temple,buddhist,ancient,religious",
208,Deegawapi Temple,Religious,Ampara,Ampara,4.9,300,800,6.9167,81.65,Low,Ancient Buddhist temple with sacred history,"temple,buddhist,ancient,religious",
209,Pottuvil Lagoon,Nature,Ampara,Ampara,5,200,700,6.8833,81.8333,Low,Scenic lagoon near Arugam Bay,"lagoon,scenic,nature,birds",
210,Panama Beach,Beach,Ampara,Ampara,4.1,200,800,6.6833,81.8333,Low,Remote pristine beach near Kumana,"beach,remote,pristine,peaceful",images/panama_beach.jpg
211,Kumana National Park,Wildlife,Ampara,Ampara,4,4000,12000,6.5872,81.7088,High,Remote wildlife sanctuary with leopards and birds,"leopard,wildlife,safari,birds",images/kumana_national_wildlife.jpg
212,Arugam Bay,Beach,Ampara,Ampara,3.1,500,2000,6.84,81.836,Low,World-famous surfing destination,"surf,beach,adventure,ocean",
213,Deegawapi Temple,Religious,Ampara,Ampara,3.4,300,800,6.9167,81.65,Low,Ancient Buddhist temple with sacred history,"temple,buddhist,ancient,religious",
214,Deegawapi Temple,Religious,Ampara,Ampara,4,300,800,6.9167,81.65,Low,Ancient Buddhist temple with sacred history,"temple,buddhist,ancient,religious",
215,Lahugala National Park,Wildlife,Ampara,Ampara,4.8,2000,5000,6.8442,81.6435,Medium,Elephant gathering near ancient tanks,"elephant,wildlife,tank,nature",images/lahugala_park.jpg
216,Kumana National Park,Wildlife,Ampara,Ampara,4.6,4000,12000,6.5872,81.7088,High,Remote wildlife sanctuary with leopards and birds,"leopard,wildlife,safari,birds",images/kumana_national_wildlife.jpg
217,Lahugala National Park,Wildlife,Ampara,Ampara,4.4,2000,5000,6.8442,81.6435,Medium,Elephant gathering near ancient tanks,"elephant,wildlife,tank,nature",images/lahugala_park.jpg
218,Pottuvil Lagoon,Nature,Ampara,Ampara,4.7,200,700,6.8833,81.8333,Low,Scenic lagoon near Arugam Bay,"lagoon,scenic,nature,birds",
219,Lahugala National Park,Wildlife,Ampara,Ampara,3.1,2000,5000,6.8442,81.6435,Medium,Elephant gathering near ancient tanks,"elephant,wildlife,tank,nature",images/lahugala_park.jpg
220,Kumana National Park,Wildlife,Ampara,Ampara,4.2,4000,12000,6.5872,81.7088,High,Remote wildlife sanctuary with leopards and birds,"leopard,wildlife,safari,birds",images/kumana_national_wildlife.jpg
1,Anuradhapura Sacred City,Historical,Anuradhapura,Anuradhapura,4.1,500,2000,8.3114,80.4037,Low,Ancient capital - UNESCO World Heritage Site,"UNESCO,ancient,historical,buddhist",
2,Sri Maha Bodhi,Religious,Anuradhapura,Anuradhapura,4.3,300,1000,8.3456,80.3972,Low,Sacred fig tree grown from cutting of Buddha's tree,"bodhi,tree,sacred,buddhist,religious",
3,Ruwanwelisaya Dagoba,Religious,Anuradhapura,Anuradhapura,4.2,500,2000,8.3481,80.3959,Low,One of tallest ancient dagobas - 2nd century BC,"dagoba,ancient,buddhist,religious",
4,Jetavanaramaya,Historical,Anuradhapura,Anuradhapura,3.7,500,2000,8.3528,80.4003,Low,Once tallest structure in ancient world,"dagoba,ancient,tallest,historical",
5,Thuparama Dagoba,Religious,Anuradhapura,Anuradhapura,4.5,300,1000,8.35,80.3972,Low,First dagoba built in Sri Lanka,"dagoba,first,ancient,religious",
6,Mihintale,Religious,Anuradhapura,Anuradhapura,4.4,300,1000,8.35,80.5167,Low,Where Buddhism was introduced to Sri Lanka,"buddhism,sacred,historical,religious",
7,Wilpattu National Park,Wildlife,Anuradhapura,Anuradhapura,4,4000,12000,8.455,80.0438,High,Largest park - leopards and natural villus,"leopard,wildlife,safari,nature",
8,Ritigala Ruins,Historical,Anuradhapura,Anuradhapura,4.5,300,1000,8.1014,80.6875,Low,Remote ancient monastery ruins in wilderness,"ruins,ancient,remote,monastery",
9,Aukana Buddha Statue,Religious,Anuradhapura,Anuradhapura,4.5,300,800,8.0333,80.5833,Low,Magnificent 5th century standing Buddha statue,"buddha,statue,ancient,religious",
10,Abhayagiri Monastery,Historical,Anuradhapura,Anuradhapura,3.9,500,2000,8.3564,80.3969,Low,Ancient monastery complex - UNESCO site,"monastery,ancient,UNESCO,historical",
11,Abhayagiri Monastery,Historical,Anuradhapura,Anuradhapura,4.4,500,2000,8.3564,80.3969,Low,Ancient monastery complex - UNESCO site,"monastery,ancient,UNESCO,historical",
12,Wilpattu National Park,Wildlife,Anuradhapura,Anuradhapura,4.7,4000,12000,8.455,80.0438,High,Largest park - leopards and natural villus,"leopard,wildlife,safari,nature",
13,Sri Maha Bodhi,Religious,Anuradhapura,Anuradhapura,4,300,1000,8.3456,80.3972,Low,Sacred fig tree grown from cutting of Buddha's tree,"bodhi,tree,sacred,buddhist,religious",
14,Abhayagiri Monastery,Historical,Anuradhapura,Anuradhapura,3.2,500,2000,8.3564,80.3969,Low,Ancient monastery complex - UNESCO site,"monastery,ancient,UNESCO,historical",
15,Sri Maha Bodhi,Religious,Anuradhapura,Anuradhapura,4.6,300,1000,8.3456,80.3972,Low,Sacred fig tree grown from cutting of Buddha's tree,"bodhi,tree,sacred,buddhist,religious",
16,Ritigala Ruins,Historical,Anuradhapura,Anuradhapura,3.4,300,1000,8.1014,80.6875,Low,Remote ancient monastery ruins in wilderness,"ruins,ancient,remote,monastery",
17,Jetavanaramaya,Historical,Anuradhapura,Anuradhapura,4.6,500,2000,8.3528,80.4003,Low,Once tallest structure in ancient world,"dagoba,ancient,tallest,historical",
18,Aukana Buddha Statue,Religious,Anuradhapura,Anuradhapura,4.9,300,800,8.0333,80.5833,Low,Magnificent 5th century standing Buddha statue,"buddha,statue,ancient,religious",
19,Mihintale,Religious,Anuradhapura,Anuradhapura,4.4,300,1000,8.35,80.5167,Low,Where Buddhism was introduced to Sri Lanka,"buddhism,sacred,historical,religious",
20,Thuparama Dagoba,Religious,Anuradhapura,Anuradhapura,3.3,300,1000,8.35,80.3972,Low,First dagoba built in Sri Lanka,"dagoba,first,ancient,religious",
21,Aukana Buddha Statue,Religious,Anuradhapura,Anuradhapura,4,300,800,8.0333,80.5833,Low,Magnificent 5th century standing Buddha statue,"buddha,statue,ancient,religious",
22,Jetavanaramaya,Historical,Anuradhapura,Anuradhapura,4.4,500,2000,8.3528,80.4003,Low,Once tallest structure in ancient world,"dagoba,ancient,tallest,historical",
23,Ritigala Ruins,Historical,Anuradhapura,Anuradhapura,3.7,300,1000,8.1014,80.6875,Low,Remote ancient monastery ruins in wilderness,"ruins,ancient,remote,monastery",
24,Anuradhapura Sacred City,Historical,Anuradhapura,Anuradhapura,3,500,2000,8.3114,80.4037,Low,Ancient capital - UNESCO World Heritage Site,"UNESCO,ancient,historical,buddhist",
25,Sri Maha Bodhi,Religious,Anuradhapura,Anuradhapura,4.8,300,1000,8.3456,80.3972,Low,Sacred fig tree grown from cutting of Buddha's tree,"bodhi,tree,sacred,buddhist,religious",
26,Abhayagiri Monastery,Historical,Anuradhapura,Anuradhapura,4.3,500,2000,8.3564,80.3969,Low,Ancient monastery complex - UNESCO site,"monastery,ancient,UNESCO,historical",
27,Ruwanwelisaya Dagoba,Religious,Anuradhapura,Anuradhapura,4.9,500,2000,8.3481,80.3959,Low,One of tallest ancient dagobas - 2nd century BC,"dagoba,ancient,buddhist,religious",
28,Aukana Buddha Statue,Religious,Anuradhapura,Anuradhapura,3.2,300,800,8.0333,80.5833,Low,Magnificent 5th century standing Buddha statue,"buddha,statue,ancient,religious",
29,Sri Maha Bodhi,Religious,Anuradhapura,Anuradhapura,4.8,300,1000,8.3456,80.3972,Low,Sacred fig tree grown from cutting of Buddha's tree,"bodhi,tree,sacred,buddhist,religious",
30,Jetavanaramaya,Historical,Anuradhapura,Anuradhapura,3.9,500,2000,8.3528,80.4003,Low,Once tallest structure in ancient world,"dagoba,ancient,tallest,historical",
31,Thuparama Dagoba,Religious,Anuradhapura,Anuradhapura,3.5,300,1000,8.35,80.3972,Low,First dagoba built in Sri Lanka,"dagoba,first,ancient,religious",
32,Anuradhapura Sacred City,Historical,Anuradhapura,Anuradhapura,3.2,500,2000,8.3114,80.4037,Low,Ancient capital - UNESCO World Heritage Site,"UNESCO,ancient,historical,buddhist",
33,Ruwanwelisaya Dagoba,Religious,Anuradhapura,Anuradhapura,4.7,500,2000,8.3481,80.3959,Low,One of tallest ancient dagobas - 2nd century BC,"dagoba,ancient,buddhist,religious",
34,Thuparama Dagoba,Religious,Anuradhapura,Anuradhapura,3.7,300,1000,8.35,80.3972,Low,First dagoba built in Sri Lanka,"dagoba,first,ancient,religious",
35,Mihintale,Religious,Anuradhapura,Anuradhapura,3.9,300,1000,8.35,80.5167,Low,Where Buddhism was introduced to Sri Lanka,"buddhism,sacred,historical,religious",
36,Sri Maha Bodhi,Religious,Anuradhapura,Anuradhapura,3.2,300,1000,8.3456,80.3972,Low,Sacred fig tree grown from cutting of Buddha's tree,"bodhi,tree,sacred,buddhist,religious",
37,Anuradhapura Sacred City,Historical,Anuradhapura,Anuradhapura,3,500,2000,8.3114,80.4037,Low,Ancient capital - UNESCO World Heritage Site,"UNESCO,ancient,historical,buddhist",
38,Ruwanwelisaya Dagoba,Religious,Anuradhapura,Anuradhapura,4.3,500,2000,8.3481,80.3959,Low,One of tallest ancient dagobas - 2nd century BC,"dagoba,ancient,buddhist,religious",
39,Ruwanwelisaya Dagoba,Religious,Anuradhapura,Anuradhapura,3.7,500,2000,8.3481,80.3959,Low,One of tallest ancient dagobas - 2nd century BC,"dagoba,ancient,buddhist,religious",
40,Ritigala Ruins,Historical,Anuradhapura,Anuradhapura,4.9,300,1000,8.1014,80.6875,Low,Remote ancient monastery ruins in wilderness,"ruins,ancient,remote,monastery",
41,Thuparama Dagoba,Religious,Anuradhapura,Anuradhapura,4.8,300,1000,8.35,80.3972,Low,First dagoba built in Sri Lanka,"dagoba,first,ancient,religious",
42,Sri Maha Bodhi,Religious,Anuradhapura,Anuradhapura,3.7,300,1000,8.3456,80.3972,Low,Sacred fig tree grown from cutting of Buddha's tree,"bodhi,tree,sacred,buddhist,religious",
43,Mihintale,Religious,Anuradhapura,Anuradhapura,3.4,300,1000,8.35,80.5167,Low,Where Buddhism was introduced to Sri Lanka,"buddhism,sacred,historical,religious",
44,Wilpattu National Park,Wildlife,Anuradhapura,Anuradhapura,3.8,4000,12000,8.455,80.0438,High,Largest park - leopards and natural villus,"leopard,wildlife,safari,nature",
45,Ritigala Ruins,Historical,Anuradhapura,Anuradhapura,3.5,300,1000,8.1014,80.6875,Low,Remote ancient monastery ruins in wilderness,"ruins,ancient,remote,monastery",
46,Wilpattu National Park,Wildlife,Anuradhapura,Anuradhapura,4.4,4000,12000,8.455,80.0438,High,Largest park - leopards and natural villus,"leopard,wildlife,safari,nature",
47,Ritigala Ruins,Historical,Anuradhapura,Anuradhapura,4.6,300,1000,8.1014,80.6875,Low,Remote ancient monastery ruins in wilderness,"ruins,ancient,remote,monastery",
48,Ruwanwelisaya Dagoba,Religious,Anuradhapura,Anuradhapura,3.2,500,2000,8.3481,80.3959,Low,One of tallest ancient dagobas - 2nd century BC,"dagoba,ancient,buddhist,religious",
49,Anuradhapura Sacred City,Historical,Anuradhapura,Anuradhapura,5,500,2000,8.3114,80.4037,Low,Ancient capital - UNESCO World Heritage Site,"UNESCO,ancient,historical,buddhist",
50,Ruwanwelisaya Dagoba,Religious,Anuradhapura,Anuradhapura,3.2,500,2000,8.3481,80.3959,Low,One of tallest ancient dagobas - 2nd century BC,"dagoba,ancient,buddhist,religious",
51,Abhayagiri Monastery,Historical,Anuradhapura,Anuradhapura,4,500,2000,8.3564,80.3969,Low,Ancient monastery complex - UNESCO site,"monastery,ancient,UNESCO,historical",
52,Abhayagiri Monastery,Historical,Anuradhapura,Anuradhapura,4.4,500,2000,8.3564,80.3969,Low,Ancient monastery complex - UNESCO site,"monastery,ancient,UNESCO,historical",
53,Ruwanwelisaya Dagoba,Religious,Anuradhapura,Anuradhapura,4.2,500,2000,8.3481,80.3959,Low,One of tallest ancient dagobas - 2nd century BC,"dagoba,ancient,buddhist,religious",
54,Mihintale,Religious,Anuradhapura,Anuradhapura,4.2,300,1000,8.35,80.5167,Low,Where Buddhism was introduced to Sri Lanka,"buddhism,sacred,historical,religious",
55,Ruwanwelisaya Dagoba,Religious,Anuradhapura,Anuradhapura,4,500,2000,8.3481,80.3959,Low,One of tallest ancient dagobas - 2nd century BC,"dagoba,ancient,buddhist,religious",
56,Ritigala Ruins,Historical,Anuradhapura,Anuradhapura,3.2,300,1000,8.1014,80.6875,Low,Remote ancient monastery ruins in wilderness,"ruins,ancient,remote,monastery",
57,Wilpattu National Park,Wildlife,Anuradhapura,Anuradhapura,3.9,4000,12000,8.455,80.0438,High,Largest park - leopards and natural villus,"leopard,wildlife,safari,nature",
58,Sri Maha Bodhi,Religious,Anuradhapura,Anuradhapura,3.5,300,1000,8.3456,80.3972,Low,Sacred fig tree grown from cutting of Buddha's tree,"bodhi,tree,sacred,buddhist,religious",
59,Mihintale,Religious,Anuradhapura,Anuradhapura,3,300,1000,8.35,80.5167,Low,Where Buddhism was introduced to Sri Lanka,"buddhism,sacred,historical,religious",
60,Aukana Buddha Statue,Religious,Anuradhapura,Anuradhapura,4.5,300,800,8.0333,80.5833,Low,Magnificent 5th century standing Buddha statue,"buddha,statue,ancient,religious",
61,Abhayagiri Monastery,Historical,Anuradhapura,Anuradhapura,4.4,500,2000,8.3564,80.3969,Low,Ancient monastery complex - UNESCO site,"monastery,ancient,UNESCO,historical",
62,Jetavanaramaya,Historical,Anuradhapura,Anuradhapura,5,500,2000,8.3528,80.4003,Low,Once tallest structure in ancient world,"dagoba,ancient,tallest,historical",
63,Mihintale,Religious,Anuradhapura,Anuradhapura,4,300,1000,8.35,80.5167,Low,Where Buddhism was introduced to Sri Lanka,"buddhism,sacred,historical,religious",
64,Abhayagiri Monastery,Historical,Anuradhapura,Anuradhapura,3.2,500,2000,8.3564,80.3969,Low,Ancient monastery complex - UNESCO site,"monastery,ancient,UNESCO,historical",
65,Jetavanaramaya,Historical,Anuradhapura,Anuradhapura,4,500,2000,8.3528,80.4003,Low,Once tallest structure in ancient world,"dagoba,ancient,tallest,historical",
66,Wilpattu National Park,Wildlife,Anuradhapura,Anuradhapura,3.3,4000,12000,8.455,80.0438,High,Largest park - leopards and natural villus,"leopard,wildlife,safari,nature",
67,Aukana Buddha Statue,Religious,Anuradhapura,Anuradhapura,4.8,300,800,8.0333,80.5833,Low,Magnificent 5th century standing Buddha statue,"buddha,statue,ancient,religious",
68,Abhayagiri Monastery,Historical,Anuradhapura,Anuradhapura,3.1,500,2000,8.3564,80.3969,Low,Ancient monastery complex - UNESCO site,"monastery,ancient,UNESCO,historical",
69,Ruwanwelisaya Dagoba,Religious,Anuradhapura,Anuradhapura,4,500,2000,8.3481,80.3959,Low,One of tallest ancient dagobas - 2nd century BC,"dagoba,ancient,buddhist,religious",
70,Ritigala Ruins,Historical,Anuradhapura,Anuradhapura,4.7,300,1000,8.1014,80.6875,Low,Remote ancient monastery ruins in wilderness,"ruins,ancient,remote,monastery",
71,Ruwanwelisaya Dagoba,Religious,Anuradhapura,Anuradhapura,3.1,500,2000,8.3481,80.3959,Low,One of tallest ancient dagobas - 2nd century BC,"dagoba,ancient,buddhist,religious",
72,Ritigala Ruins,Historical,Anuradhapura,Anuradhapura,3.6,300,1000,8.1014,80.6875,Low,Remote ancient monastery ruins in wilderness,"ruins,ancient,remote,monastery",
73,Mihintale,Religious,Anuradhapura,Anuradhapura,4.9,300,1000,8.35,80.5167,Low,Where Buddhism was introduced to Sri Lanka,"buddhism,sacred,historical,religious",
74,Anuradhapura Sacred City,Historical,Anuradhapura,Anuradhapura,4,500,2000,8.3114,80.4037,Low,Ancient capital - UNESCO World Heritage Site,"UNESCO,ancient,historical,buddhist",
75,Aukana Buddha Statue,Religious,Anuradhapura,Anuradhapura,4.3,300,800,8.0333,80.5833,Low,Magnificent 5th century standing Buddha statue,"buddha,statue,ancient,religious",
76,Wilpattu National Park,Wildlife,Anuradhapura,Anuradhapura,4.6,4000,12000,8.455,80.0438,High,Largest park - leopards and natural villus,"leopard,wildlife,safari,nature",
77,Sri Maha Bodhi,Religious,Anuradhapura,Anuradhapura,3.9,300,1000,8.3456,80.3972,Low,Sacred fig tree grown from cutting of Buddha's tree,"bodhi,tree,sacred,buddhist,religious",
78,Abhayagiri Monastery,Historical,Anuradhapura,Anuradhapura,3.9,500,2000,8.3564,80.3969,Low,Ancient monastery complex - UNESCO site,"monastery,ancient,UNESCO,historical",
79,Ritigala Ruins,Historical,Anuradhapura,Anuradhapura,3.9,300,1000,8.1014,80.6875,Low,Remote ancient monastery ruins in wilderness,"ruins,ancient,remote,monastery",
80,Sri Maha Bodhi,Religious,Anuradhapura,Anuradhapura,5,300,1000,8.3456,80.3972,Low,Sacred fig tree grown from cutting of Buddha's tree,"bodhi,tree,sacred,buddhist,religious",
81,Anuradhapura Sacred City,Historical,Anuradhapura,Anuradhapura,3.2,500,2000,8.3114,80.4037,Low,Ancient capital - UNESCO World Heritage Site,"UNESCO,ancient,historical,buddhist",
82,Wilpattu National Park,Wildlife,Anuradhapura,Anuradhapura,3.1,4000,12000,8.455,80.0438,High,Largest park - leopards and natural villus,"leopard,wildlife,safari,nature",
83,Aukana Buddha Statue,Religious,Anuradhapura,Anuradhapura,3,300,800,8.0333,80.5833,Low,Magnificent 5th century standing Buddha statue,"buddha,statue,ancient,religious",
84,Sri Maha Bodhi,Religious,Anuradhapura,Anuradhapura,4.6,300,1000,8.3456,80.3972,Low,Sacred fig tree grown from cutting of Buddha's tree,"bodhi,tree,sacred,buddhist,religious",
85,Abhayagiri Monastery,Historical,Anuradhapura,Anuradhapura,4.3,500,2000,8.3564,80.3969,Low,Ancient monastery complex - UNESCO site,"monastery,ancient,UNESCO,historical",
86,Aukana Buddha Statue,Religious,Anuradhapura,Anuradhapura,4.1,300,800,8.0333,80.5833,Low,Magnificent 5th century standing Buddha statue,"buddha,statue,ancient,religious",
87,Ritigala Ruins,Historical,Anuradhapura,Anuradhapura,4.9,300,1000,8.1014,80.6875,Low,Remote ancient monastery ruins in wilderness,"ruins,ancient,remote,monastery",
88,Mihintale,Religious,Anuradhapura,Anuradhapura,4.7,300,1000,8.35,80.5167,Low,Where Buddhism was introduced to Sri Lanka,"buddhism,sacred,historical,religious",
89,Jetavanaramaya,Historical,Anuradhapura,Anuradhapura,4.7,500,2000,8.3528,80.4003,Low,Once tallest structure in ancient world,"dagoba,ancient,tallest,historical",
90,Mihintale,Religious,Anuradhapura,Anuradhapura,4.1,300,1000,8.35,80.5167,Low,Where Buddhism was introduced to Sri Lanka,"buddhism,sacred,historical,religious",
91,Abhayagiri Monastery,Historical,Anuradhapura,Anuradhapura,4.2,500,2000,8.3564,80.3969,Low,Ancient monastery complex - UNESCO site,"monastery,ancient,UNESCO,historical",
92,Mihintale,Religious,Anuradhapura,Anuradhapura,4.4,300,1000,8.35,80.5167,Low,Where Buddhism was introduced to Sri Lanka,"buddhism,sacred,historical,religious",
93,Sri Maha Bodhi,Religious,Anuradhapura,Anuradhapura,3.2,300,1000,8.3456,80.3972,Low,Sacred fig tree grown from cutting of Buddha's tree,"bodhi,tree,sacred,buddhist,religious",
94,Jetavanaramaya,Historical,Anuradhapura,Anuradhapura,3,500,2000,8.3528,80.4003,Low,Once tallest structure in ancient world,"dagoba,ancient,tallest,historical",
95,Mihintale,Religious,Anuradhapura,Anuradhapura,4.7,300,1000,8.35,80.5167,Low,Where Buddhism was introduced to Sri Lanka,"buddhism,sacred,historical,religious",
96,Thuparama Dagoba,Religious,Anuradhapura,Anuradhapura,4.1,300,1000,8.35,80.3972,Low,First dagoba built in Sri Lanka,"dagoba,first,ancient,religious",
97,Mihintale,Religious,Anuradhapura,Anuradhapura,4.4,300,1000,8.35,80.5167,Low,Where Buddhism was introduced to Sri Lanka,"buddhism,sacred,historical,religious",
98,Anuradhapura Sacred City,Historical,Anuradhapura,Anuradhapura,4.8,500,2000,8.3114,80.4037,Low,Ancient capital - UNESCO World Heritage Site,"UNESCO,ancient,historical,buddhist",
99,Ritigala Ruins,Historical,Anuradhapura,Anuradhapura,3.3,300,1000,8.1014,80.6875,Low,Remote ancient monastery ruins in wilderness,"ruins,ancient,remote,monastery",
100,Wilpattu National Park,Wildlife,Anuradhapura,Anuradhapura,3.2,4000,12000,8.455,80.0438,High,Largest park - leopards and natural villus,"leopard,wildlife,safari,nature",
101,Abhayagiri Monastery,Historical,Anuradhapura,Anuradhapura,3.4,500,2000,8.3564,80.3969,Low,Ancient monastery complex - UNESCO site,"monastery,ancient,UNESCO,historical",
102,Sri Maha Bodhi,Religious,Anuradhapura,Anuradhapura,4.9,300,1000,8.3456,80.3972,Low,Sacred fig tree grown from cutting of Buddha's tree,"bodhi,tree,sacred,buddhist,religious",
103,Wilpattu National Park,Wildlife,Anuradhapura,Anuradhapura,3.4,4000,12000,8.455,80.0438,High,Largest park - leopards and natural villus,"leopard,wildlife,safari,nature",
104,Jetavanaramaya,Historical,Anuradhapura,Anuradhapura,4.4,500,2000,8.3528,80.4003,Low,Once tallest structure in ancient world,"dagoba,ancient,tallest,historical",
105,Sri Maha Bodhi,Religious,Anuradhapura,Anuradhapura,4.5,300,1000,8.3456,80.3972,Low,Sacred fig tree grown from cutting of Buddha's tree,"bodhi,tree,sacred,buddhist,religious",
106,Anuradhapura Sacred City,Historical,Anuradhapura,Anuradhapura,4.9,500,2000,8.3114,80.4037,Low,Ancient capital - UNESCO World Heritage Site,"UNESCO,ancient,historical,buddhist",
107,Abhayagiri Monastery,Historical,Anuradhapura,Anuradhapura,3.2,500,2000,8.3564,80.3969,Low,Ancient monastery complex - UNESCO site,"monastery,ancient,UNESCO,historical",
108,Ritigala Ruins,Historical,Anuradhapura,Anuradhapura,3.9,300,1000,8.1014,80.6875,Low,Remote ancient monastery ruins in wilderness,"ruins,ancient,remote,monastery",
109,Abhayagiri Monastery,Historical,Anuradhapura,Anuradhapura,4.9,500,2000,8.3564,80.3969,Low,Ancient monastery complex - UNESCO site,"monastery,ancient,UNESCO,historical",
110,Ruwanwelisaya Dagoba,Religious,Anuradhapura,Anuradhapura,4.9,500,2000,8.3481,80.3959,Low,One of tallest ancient dagobas - 2nd century BC,"dagoba,ancient,buddhist,religious",
111,Anuradhapura Sacred City,Historical,Anuradhapura,Anuradhapura,4.1,500,2000,8.3114,80.4037,Low,Ancient capital - UNESCO World Heritage Site,"UNESCO,ancient,historical,buddhist",
112,Anuradhapura Sacred City,Historical,Anuradhapura,Anuradhapura,4.1,500,2000,8.3114,80.4037,Low,Ancient capital - UNESCO World Heritage Site,"UNESCO,ancient,historical,buddhist",
113,Wilpattu National Park,Wildlife,Anuradhapura,Anuradhapura,4.7,4000,12000,8.455,80.0438,High,Largest park - leopards and natural villus,"leopard,wildlife,safari,nature",
114,Ritigala Ruins,Historical,Anuradhapura,Anuradhapura,4.8,300,1000,8.1014,80.6875,Low,Remote ancient monastery ruins in wilderness,"ruins,ancient,remote,monastery",
115,Ruwanwelisaya Dagoba,Religious,Anuradhapura,Anuradhapura,4.4,500,2000,8.3481,80.3959,Low,One of tallest ancient dagobas - 2nd century BC,"dagoba,ancient,buddhist,religious",
116,Ruwanwelisaya Dagoba,Religious,Anuradhapura,Anuradhapura,4.5,500,2000,8.3481,80.3959,Low,One of tallest ancient dagobas - 2nd century BC,"dagoba,ancient,buddhist,religious",
117,Ruwanwelisaya Dagoba,Religious,Anuradhapura,Anuradhapura,3.2,500,2000,8.3481,80.3959,Low,One of tallest ancient dagobas - 2nd century BC,"dagoba,ancient,buddhist,religious",
118,Abhayagiri Monastery,Historical,Anuradhapura,Anuradhapura,4.2,500,2000,8.3564,80.3969,Low,Ancient monastery complex - UNESCO site,"monastery,ancient,UNESCO,historical",
119,Mihintale,Religious,Anuradhapura,Anuradhapura,4,300,1000,8.35,80.5167,Low,Where Buddhism was introduced to Sri Lanka,"buddhism,sacred,historical,religious",
120,Wilpattu National Park,Wildlife,Anuradhapura,Anuradhapura,3.8,4000,12000,8.455,80.0438,High,Largest park - leopards and natural villus,"leopard,wildlife,safari,nature",
121,Abhayagiri Monastery,Historical,Anuradhapura,Anuradhapura,4.8,500,2000,8.3564,80.3969,Low,Ancient monastery complex - UNESCO site,"monastery,ancient,UNESCO,historical",
122,Jetavanaramaya,Historical,Anuradhapura,Anuradhapura,3.5,500,2000,8.3528,80.4003,Low,Once tallest structure in ancient world,"dagoba,ancient,tallest,historical",
123,Mihintale,Religious,Anuradhapura,Anuradhapura,4.9,300,1000,8.35,80.5167,Low,Where Buddhism was introduced to Sri Lanka,"buddhism,sacred,historical,religious",
124,Ritigala Ruins,Historical,Anuradhapura,Anuradhapura,4.6,300,1000,8.1014,80.6875,Low,Remote ancient monastery ruins in wilderness,"ruins,ancient,remote,monastery",
125,Ruwanwelisaya Dagoba,Religious,Anuradhapura,Anuradhapura,3.8,500,2000,8.3481,80.3959,Low,One of tallest ancient dagobas - 2nd century BC,"dagoba,ancient,buddhist,religious",
126,Aukana Buddha Statue,Religious,Anuradhapura,Anuradhapura,3.6,300,800,8.0333,80.5833,Low,Magnificent 5th century standing Buddha statue,"buddha,statue,ancient,religious",
127,Aukana Buddha Statue,Religious,Anuradhapura,Anuradhapura,4.7,300,800,8.0333,80.5833,Low,Magnificent 5th century standing Buddha statue,"buddha,statue,ancient,religious",
128,Aukana Buddha Statue,Religious,Anuradhapura,Anuradhapura,4.3,300,800,8.0333,80.5833,Low,Magnificent 5th century standing Buddha statue,"buddha,statue,ancient,religious",
129,Jetavanaramaya,Historical,Anuradhapura,Anuradhapura,3.4,500,2000,8.3528,80.4003,Low,Once tallest structure in ancient world,"dagoba,ancient,tallest,historical",
130,Thuparama Dagoba,Religious,Anuradhapura,Anuradhapura,4.4,300,1000,8.35,80.3972,Low,First dagoba built in Sri Lanka,"dagoba,first,ancient,religious",
131,Ruwanwelisaya Dagoba,Religious,Anuradhapura,Anuradhapura,5,500,2000,8.3481,80.3959,Low,One of tallest ancient dagobas - 2nd century BC,"dagoba,ancient,buddhist,religious",
132,Ruwanwelisaya Dagoba,Religious,Anuradhapura,Anuradhapura,4,500,2000,8.3481,80.3959,Low,One of tallest ancient dagobas - 2nd century BC,"dagoba,ancient,buddhist,religious",
133,Mihintale,Religious,Anuradhapura,Anuradhapura,4.4,300,1000,8.35,80.5167,Low,Where Buddhism was introduced to Sri Lanka,"buddhism,sacred,historical,religious",
134,Mihintale,Religious,Anuradhapura,Anuradhapura,4.1,300,1000,8.35,80.5167,Low,Where Buddhism was introduced to Sri Lanka,"buddhism,sacred,historical,religious",
135,Abhayagiri Monastery,Historical,Anuradhapura,Anuradhapura,4.1,500,2000,8.3564,80.3969,Low,Ancient monastery complex - UNESCO site,"monastery,ancient,UNESCO,historical",
136,Wilpattu National Park,Wildlife,Anuradhapura,Anuradhapura,4.3,4000,12000,8.455,80.0438,High,Largest park - leopards and natural villus,"leopard,wildlife,safari,nature",
137,Aukana Buddha Statue,Religious,Anuradhapura,Anuradhapura,3.6,300,800,8.0333,80.5833,Low,Magnificent 5th century standing Buddha statue,"buddha,statue,ancient,religious",
138,Wilpattu National Park,Wildlife,Anuradhapura,Anuradhapura,4.6,4000,12000,8.455,80.0438,High,Largest park - leopards and natural villus,"leopard,wildlife,safari,nature",
139,Aukana Buddha Statue,Religious,Anuradhapura,Anuradhapura,3.2,300,800,8.0333,80.5833,Low,Magnificent 5th century standing Buddha statue,"buddha,statue,ancient,religious",
140,Wilpattu National Park,Wildlife,Anuradhapura,Anuradhapura,3.3,4000,12000,8.455,80.0438,High,Largest park - leopards and natural villus,"leopard,wildlife,safari,nature",
141,Anuradhapura Sacred City,Historical,Anuradhapura,Anuradhapura,3.4,500,2000,8.3114,80.4037,Low,Ancient capital - UNESCO World Heritage Site,"UNESCO,ancient,historical,buddhist",
142,Ruwanwelisaya Dagoba,Religious,Anuradhapura,Anuradhapura,5,500,2000,8.3481,80.3959,Low,One of tallest ancient dagobas - 2nd century BC,"dagoba,ancient,buddhist,religious",
143,Thuparama Dagoba,Religious,Anuradhapura,Anuradhapura,3.3,300,1000,8.35,80.3972,Low,First dagoba built in Sri Lanka,"dagoba,first,ancient,religious",
144,Anuradhapura Sacred City,Historical,Anuradhapura,Anuradhapura,4.4,500,2000,8.3114,80.4037,Low,Ancient capital - UNESCO World Heritage Site,"UNESCO,ancient,historical,buddhist",
145,Thuparama Dagoba,Religious,Anuradhapura,Anuradhapura,3.4,300,1000,8.35,80.3972,Low,First dagoba built in Sri Lanka,"dagoba,first,ancient,religious",
146,Aukana Buddha Statue,Religious,Anuradhapura,Anuradhapura,3.1,300,800,8.0333,80.5833,Low,Magnificent 5th century standing Buddha statue,"buddha,statue,ancient,religious",
147,Ritigala Ruins,Historical,Anuradhapura,Anuradhapura,3.2,300,1000,8.1014,80.6875,Low,Remote ancient monastery ruins in wilderness,"ruins,ancient,remote,monastery",
148,Aukana Buddha Statue,Religious,Anuradhapura,Anuradhapura,4.7,300,800,8.0333,80.5833,Low,Magnificent 5th century standing Buddha statue,"buddha,statue,ancient,religious",
149,Aukana Buddha Statue,Religious,Anuradhapura,Anuradhapura,3.8,300,800,8.0333,80.5833,Low,Magnificent 5th century standing Buddha statue,"buddha,statue,ancient,religious",
150,Aukana Buddha Statue,Religious,Anuradhapura,Anuradhapura,4.6,300,800,8.0333,80.5833,Low,Magnificent 5th century standing Buddha statue,"buddha,statue,ancient,religious",
151,Thuparama Dagoba,Religious,Anuradhapura,Anuradhapura,4.4,300,1000,8.35,80.3972,Low,First dagoba built in Sri Lanka,"dagoba,first,ancient,religious",
152,Anuradhapura Sacred City,Historical,Anuradhapura,Anuradhapura,4.9,500,2000,8.3114,80.4037,Low,Ancient capital - UNESCO World Heritage Site,"UNESCO,ancient,historical,buddhist",
153,Wilpattu National Park,Wildlife,Anuradhapura,Anuradhapura,3.8,4000,12000,8.455,80.0438,High,Largest park - leopards and natural villus,"leopard,wildlife,safari,nature",
154,Mihintale,Religious,Anuradhapura,Anuradhapura,4.9,300,1000,8.35,80.5167,Low,Where Buddhism was introduced to Sri Lanka,"buddhism,sacred,historical,religious",
155,Anuradhapura Sacred City,Historical,Anuradhapura,Anuradhapura,3,500,2000,8.3114,80.4037,Low,Ancient capital - UNESCO World Heritage Site,"UNESCO,ancient,historical,buddhist",
156,Thuparama Dagoba,Religious,Anuradhapura,Anuradhapura,3.4,300,1000,8.35,80.3972,Low,First dagoba built in Sri Lanka,"dagoba,first,ancient,religious",
157,Ritigala Ruins,Historical,Anuradhapura,Anuradhapura,4.7,300,1000,8.1014,80.6875,Low,Remote ancient monastery ruins in wilderness,"ruins,ancient,remote,monastery",
158,Mihintale,Religious,Anuradhapura,Anuradhapura,4.5,300,1000,8.35,80.5167,Low,Where Buddhism was introduced to Sri Lanka,"buddhism,sacred,historical,religious",
159,Aukana Buddha Statue,Religious,Anuradhapura,Anuradhapura,4.5,300,800,8.0333,80.5833,Low,Magnificent 5th century standing Buddha statue,"buddha,statue,ancient,religious",
160,Jetavanaramaya,Historical,Anuradhapura,Anuradhapura,4.6,500,2000,8.3528,80.4003,Low,Once tallest structure in ancient world,"dagoba,ancient,tallest,historical",
161,Jetavanaramaya,Historical,Anuradhapura,Anuradhapura,3.6,500,2000,8.3528,80.4003,Low,Once tallest structure in ancient world,"dagoba,ancient,tallest,historical",
162,Ruwanwelisaya Dagoba,Religious,Anuradhapura,Anuradhapura,5,500,2000,8.3481,80.3959,Low,One of tallest ancient dagobas - 2nd century BC,"dagoba,ancient,buddhist,religious",
163,Sri Maha Bodhi,Religious,Anuradhapura,Anuradhapura,3.4,300,1000,8.3456,80.3972,Low,Sacred fig tree grown from cutting of Buddha's tree,"bodhi,tree,sacred,buddhist,religious",
164,Ruwanwelisaya Dagoba,Religious,Anuradhapura,Anuradhapura,4.5,500,2000,8.3481,80.3959,Low,One of tallest ancient dagobas - 2nd century BC,"dagoba,ancient,buddhist,religious",
165,Sri Maha Bodhi,Religious,Anuradhapura,Anuradhapura,3.8,300,1000,8.3456,80.3972,Low,Sacred fig tree grown from cutting of Buddha's tree,"bodhi,tree,sacred,buddhist,religious",
166,Wilpattu National Park,Wildlife,Anuradhapura,Anuradhapura,3.6,4000,12000,8.455,80.0438,High,Largest park - leopards and natural villus,"leopard,wildlife,safari,nature",
167,Thuparama Dagoba,Religious,Anuradhapura,Anuradhapura,3.3,300,1000,8.35,80.3972,Low,First dagoba built in Sri Lanka,"dagoba,first,ancient,religious",
168,Abhayagiri Monastery,Historical,Anuradhapura,Anuradhapura,4.7,500,2000,8.3564,80.3969,Low,Ancient monastery complex - UNESCO site,"monastery,ancient,UNESCO,historical",
169,Anuradhapura Sacred City,Historical,Anuradhapura,Anuradhapura,3.7,500,2000,8.3114,80.4037,Low,Ancient capital - UNESCO World Heritage Site,"UNESCO,ancient,historical,buddhist",
170,Ruwanwelisaya Dagoba,Religious,Anuradhapura,Anuradhapura,3.1,500,2000,8.3481,80.3959,Low,One of tallest ancient dagobas - 2nd century BC,"dagoba,ancient,buddhist,religious",
171,Mihintale,Religious,Anuradhapura,Anuradhapura,4.2,300,1000,8.35,80.5167,Low,Where Buddhism was introduced to Sri Lanka,"buddhism,sacred,historical,religious",
172,Abhayagiri Monastery,Historical,Anuradhapura,Anuradhapura,4.7,500,2000,8.3564,80.3969,Low,Ancient monastery complex - UNESCO site,"monastery,ancient,UNESCO,historical",
173,Thuparama Dagoba,Religious,Anuradhapura,Anuradhapura,4,300,1000,8.35,80.3972,Low,First dagoba built in Sri Lanka,"dagoba,first,ancient,religious",
174,Abhayagiri Monastery,Historical,Anuradhapura,Anuradhapura,4.1,500,2000,8.3564,80.3969,Low,Ancient monastery complex - UNESCO site,"monastery,ancient,UNESCO,historical",
175,Sri Maha Bodhi,Religious,Anuradhapura,Anuradhapura,4.6,300,1000,8.3456,80.3972,Low,Sacred fig tree grown from cutting of Buddha's tree,"bodhi,tree,sacred,buddhist,religious",
176,Mihintale,Religious,Anuradhapura,Anuradhapura,4.1,300,1000,8.35,80.5167,Low,Where Buddhism was introduced to Sri Lanka,"buddhism,sacred,historical,religious",
177,Ruwanwelisaya Dagoba,Religious,Anuradhapura,Anuradhapura,4,500,2000,8.3481,80.3959,Low,One of tallest ancient dagobas - 2nd century BC,"dagoba,ancient,buddhist,religious",
178,Aukana Buddha Statue,Religious,Anuradhapura,Anuradhapura,3.3,300,800,8.0333,80.5833,Low,Magnificent 5th century standing Buddha statue,"buddha,statue,ancient,religious",
179,Aukana Buddha Statue,Religious,Anuradhapura,Anuradhapura,4.1,300,800,8.0333,80.5833,Low,Magnificent 5th century standing Buddha statue,"buddha,statue,ancient,religious",
180,Sri Maha Bodhi,Religious,Anuradhapura,Anuradhapura,3.7,300,1000,8.3456,80.3972,Low,Sacred fig tree grown from cutting of Buddha's tree,"bodhi,tree,sacred,buddhist,religious",
181,Jetavanaramaya,Historical,Anuradhapura,Anuradhapura,4.3,500,2000,8.3528,80.4003,Low,Once tallest structure in ancient world,"dagoba,ancient,tallest,historical",
182,Mihintale,Religious,Anuradhapura,Anuradhapura,3.7,300,1000,8.35,80.5167,Low,Where Buddhism was introduced to Sri Lanka,"buddhism,sacred,historical,religious",
183,Jetavanaramaya,Historical,Anuradhapura,Anuradhapura,4.9,500,2000,8.3528,80.4003,Low,Once tallest structure in ancient world,"dagoba,ancient,tallest,historical",
184,Abhayagiri Monastery,Historical,Anuradhapura,Anuradhapura,4.1,500,2000,8.3564,80.3969,Low,Ancient monastery complex - UNESCO site,"monastery,ancient,UNESCO,historical",
185,Aukana Buddha Statue,Religious,Anuradhapura,Anuradhapura,4.6,300,800,8.0333,80.5833,Low,Magnificent 5th century standing Buddha statue,"buddha,statue,ancient,religious",
186,Anuradhapura Sacred City,Historical,Anuradhapura,Anuradhapura,3.2,500,2000,8.3114,80.4037,Low,Ancient capital - UNESCO World Heritage Site,"UNESCO,ancient,historical,buddhist",
187,Mihintale,Religious,Anuradhapura,Anuradhapura,3.9,300,1000,8.35,80.5167,Low,Where Buddhism was introduced to Sri Lanka,"buddhism,sacred,historical,religious",
188,Abhayagiri Monastery,Historical,Anuradhapura,Anuradhapura,4.8,500,2000,8.3564,80.3969,Low,Ancient monastery complex - UNESCO site,"monastery,ancient,UNESCO,historical",
189,Jetavanaramaya,Historical,Anuradhapura,Anuradhapura,4.9,500,2000,8.3528,80.4003,Low,Once tallest structure in ancient world,"dagoba,ancient,tallest,historical",
190,Mihintale,Religious,Anuradhapura,Anuradhapura,3.8,300,1000,8.35,80.5167,Low,Where Buddhism was introduced to Sri Lanka,"buddhism,sacred,historical,religious",
191,Sri Maha Bodhi,Religious,Anuradhapura,Anuradhapura,3.8,300,1000,8.3456,80.3972,Low,Sacred fig tree grown from cutting of Buddha's tree,"bodhi,tree,sacred,buddhist,religious",
192,Aukana Buddha Statue,Religious,Anuradhapura,Anuradhapura,4.4,300,800,8.0333,80.5833,Low,Magnificent 5th century standing Buddha statue,"buddha,statue,ancient,religious",
193,Anuradhapura Sacred City,Historical,Anuradhapura,Anuradhapura,4.8,500,2000,8.3114,80.4037,Low,Ancient capital - UNESCO World Heritage Site,"UNESCO,ancient,historical,buddhist",
194,Mihintale,Religious,Anuradhapura,Anuradhapura,4,300,1000,8.35,80.5167,Low,Where Buddhism was introduced to Sri Lanka,"buddhism,sacred,historical,religious",
195,Aukana Buddha Statue,Religious,Anuradhapura,Anuradhapura,3.9,300,800,8.0333,80.5833,Low,Magnificent 5th century standing Buddha statue,"buddha,statue,ancient,religious",
196,Anuradhapura Sacred City,Historical,Anuradhapura,Anuradhapura,3.6,500,2000,8.3114,80.4037,Low,Ancient capital - UNESCO World Heritage Site,"UNESCO,ancient,historical,buddhist",
197,Jetavanaramaya,Historical,Anuradhapura,Anuradhapura,3.6,500,2000,8.3528,80.4003,Low,Once tallest structure in ancient world,"dagoba,ancient,tallest,historical",
198,Sri Maha Bodhi,Religious,Anuradhapura,Anuradhapura,4.9,300,1000,8.3456,80.3972,Low,Sacred fig tree grown from cutting of Buddha's tree,"bodhi,tree,sacred,buddhist,religious",
199,Ruwanwelisaya Dagoba,Religious,Anuradhapura,Anuradhapura,4.9,500,2000,8.3481,80.3959,Low,One of tallest ancient dagobas - 2nd century BC,"dagoba,ancient,buddhist,religious",
200,Aukana Buddha Statue,Religious,Anuradhapura,Anuradhapura,4.1,300,800,8.0333,80.5833,Low,Magnificent 5th century standing Buddha statue,"buddha,statue,ancient,religious",
201,Sri Maha Bodhi,Religious,Anuradhapura,Anuradhapura,3.4,300,1000,8.3456,80.3972,Low,Sacred fig tree grown from cutting of Buddha's tree,"bodhi,tree,sacred,buddhist,religious",
202,Jetavanaramaya,Historical,Anuradhapura,Anuradhapura,4.7,500,2000,8.3528,80.4003,Low,Once tallest structure in ancient world,"dagoba,ancient,tallest,historical",
203,Wilpattu National Park,Wildlife,Anuradhapura,Anuradhapura,4.7,4000,12000,8.455,80.0438,High,Largest park - leopards and natural villus,"leopard,wildlife,safari,nature",
204,Jetavanaramaya,Historical,Anuradhapura,Anuradhapura,4.1,500,2000,8.3528,80.4003,Low,Once tallest structure in ancient world,"dagoba,ancient,tallest,historical",
205,Wilpattu National Park,Wildlife,Anuradhapura,Anuradhapura,4.3,4000,12000,8.455,80.0438,High,Largest park - leopards and natural villus,"leopard,wildlife,safari,nature",
206,Sri Maha Bodhi,Religious,Anuradhapura,Anuradhapura,4.5,300,1000,8.3456,80.3972,Low,Sacred fig tree grown from cutting of Buddha's tree,"bodhi,tree,sacred,buddhist,religious",
207,Ruwanwelisaya Dagoba,Religious,Anuradhapura,Anuradhapura,3,500,2000,8.3481,80.3959,Low,One of tallest ancient dagobas - 2nd century BC,"dagoba,ancient,buddhist,religious",
208,Mihintale,Religious,Anuradhapura,Anuradhapura,3.1,300,1000,8.35,80.5167,Low,Where Buddhism was introduced to Sri Lanka,"buddhism,sacred,historical,religious",
209,Sri Maha Bodhi,Religious,Anuradhapura,Anuradhapura,3.1,300,1000,8.3456,80.3972,Low,Sacred fig tree grown from cutting of Buddha's tree,"bodhi,tree,sacred,buddhist,religious",
210,Thuparama Dagoba,Religious,Anuradhapura,Anuradhapura,4.1,300,1000,8.35,80.3972,Low,First dagoba built in Sri Lanka,"dagoba,first,ancient,religious",
211,Abhayagiri Monastery,Historical,Anuradhapura,Anuradhapura,4.6,500,2000,8.3564,80.3969,Low,Ancient monastery complex - UNESCO site,"monastery,ancient,UNESCO,historical",
212,Thuparama Dagoba,Religious,Anuradhapura,Anuradhapura,3.8,300,1000,8.35,80.3972,Low,First dagoba built in Sri Lanka,"dagoba,first,ancient,religious",
213,Ritigala Ruins,Historical,Anuradhapura,Anuradhapura,4.3,300,1000,8.1014,80.6875,Low,Remote ancient monastery ruins in wilderness,"ruins,ancient,remote,monastery",
214,Wilpattu National Park,Wildlife,Anuradhapura,Anuradhapura,3.6,4000,12000,8.455,80.0438,High,Largest park - leopards and natural villus,"leopard,wildlife,safari,nature",
215,Wilpattu National Park,Wildlife,Anuradhapura,Anuradhapura,4.3,4000,12000,8.455,80.0438,High,Largest park - leopards and natural villus,"leopard,wildlife,safari,nature",
216,Aukana Buddha Statue,Religious,Anuradhapura,Anuradhapura,3,300,800,8.0333,80.5833,Low,Magnificent 5th century standing Buddha statue,"buddha,statue,ancient,religious",
217,Abhayagiri Monastery,Historical,Anuradhapura,Anuradhapura,3.1,500,2000,8.3564,80.3969,Low,Ancient monastery complex - UNESCO site,"monastery,ancient,UNESCO,historical",
218,Abhayagiri Monastery,Historical,Anuradhapura,Anuradhapura,3.1,500,2000,8.3564,80.3969,Low,Ancient monastery complex - UNESCO site,"monastery,ancient,UNESCO,historical",
219,Sri Maha Bodhi,Religious,Anuradhapura,Anuradhapura,3.7,300,1000,8.3456,80.3972,Low,Sacred fig tree grown from cutting of Buddha's tree,"bodhi,tree,sacred,buddhist,religious",
220,Aukana Buddha Statue,Religious,Anuradhapura,Anuradhapura,3.2,300,800,8.0333,80.5833,Low,Magnificent 5th century standing Buddha statue,"buddha,statue,ancient,religious",
1,Ella Rock,Adventure,Badulla,Badulla,4.3,200,1500,6.8667,81.0466,Low,Scenic hiking with valley views,"hiking,adventure,viewpoint,nature",
2,Nine Arches Bridge,Nature,Badulla,Badulla,4.5,0,500,6.879,81.059,Low,Iconic colonial railway bridge,"bridge,railway,colonial,scenic",
3,Ravana Falls,Nature,Badulla,Badulla,4.2,0,500,6.8456,81.0465,Low,Beautiful 25-meter waterfall,"waterfall,scenic,nature,ravana",
4,Lipton Seat,Nature,Badulla,Badulla,4.1,200,800,6.7667,81,Low,Famous tea estate viewpoint,"tea,viewpoint,scenic,nature",
5,Demodara Loop,Nature,Badulla,Badulla,3.6,0,500,6.8756,81.0472,Low,Unique railway loop engineering,"railway,loop,unique,engineering",
6,Haputale,Nature,Badulla,Badulla,4.8,200,800,6.7667,80.9667,Low,Scenic hill town with mountain views,"hills,scenic,tea,nature",images/haputale.jpg
7,Diyaluma Falls,Nature,Badulla,Badulla,4.5,200,800,6.7333,81.0167,Low,Second highest waterfall in Sri Lanka,"waterfall,tallest,scenic,nature",
8,Dunhinda Falls,Nature,Badulla,Badulla,4.3,300,1000,7.05,81.0667,Low,Beautiful waterfall near Badulla town,"waterfall,scenic,nature,beautiful",
9,Bogoda Wooden Bridge,Historical,Badulla,Badulla,4.8,100,400,7.05,81.0833,Low,Oldest wooden bridge in Sri Lanka,"bridge,wooden,ancient,historical",
10,Dunhinda Falls,Nature,Badulla,Badulla,4.3,300,1000,7.05,81.0667,Low,Beautiful waterfall near Badulla town,"waterfall,scenic,nature,beautiful",
11,Haputale,Nature,Badulla,Badulla,4.9,200,800,6.7667,80.9667,Low,Scenic hill town with mountain views,"hills,scenic,tea,nature",images/haputale.jpg
12,Diyaluma Falls,Nature,Badulla,Badulla,4.7,200,800,6.7333,81.0167,Low,Second highest waterfall in Sri Lanka,"waterfall,tallest,scenic,nature",
13,Haputale,Nature,Badulla,Badulla,3.8,200,800,6.7667,80.9667,Low,Scenic hill town with mountain views,"hills,scenic,tea,nature",images/haputale.jpg
14,Ella Rock,Adventure,Badulla,Badulla,3.2,200,1500,6.8667,81.0466,Low,Scenic hiking with valley views,"hiking,adventure,viewpoint,nature",
15,Haputale,Nature,Badulla,Badulla,4.9,200,800,6.7667,80.9667,Low,Scenic hill town with mountain views,"hills,scenic,tea,nature",images/haputale.jpg
16,Dunhinda Falls,Nature,Badulla,Badulla,3,300,1000,7.05,81.0667,Low,Beautiful waterfall near Badulla town,"waterfall,scenic,nature,beautiful",
17,Ella Rock,Adventure,Badulla,Badulla,4.5,200,1500,6.8667,81.0466,Low,Scenic hiking with valley views,"hiking,adventure,viewpoint,nature",
18,Haputale,Nature,Badulla,Badulla,3.4,200,800,6.7667,80.9667,Low,Scenic hill town with mountain views,"hills,scenic,tea,nature",images/haputale.jpg
19,Demodara Loop,Nature,Badulla,Badulla,4.6,0,500,6.8756,81.0472,Low,Unique railway loop engineering,"railway,loop,unique,engineering",
20,Lipton Seat,Nature,Badulla,Badulla,3.5,200,800,6.7667,81,Low,Famous tea estate viewpoint,"tea,viewpoint,scenic,nature",
21,Dunhinda Falls,Nature,Badulla,Badulla,4.9,300,1000,7.05,81.0667,Low,Beautiful waterfall near Badulla town,"waterfall,scenic,nature,beautiful",
22,Ella Rock,Adventure,Badulla,Badulla,3.6,200,1500,6.8667,81.0466,Low,Scenic hiking with valley views,"hiking,adventure,viewpoint,nature",
23,Lipton Seat,Nature,Badulla,Badulla,3,200,800,6.7667,81,Low,Famous tea estate viewpoint,"tea,viewpoint,scenic,nature",
24,Diyaluma Falls,Nature,Badulla,Badulla,3.2,200,800,6.7333,81.0167,Low,Second highest waterfall in Sri Lanka,"waterfall,tallest,scenic,nature",
25,Demodara Loop,Nature,Badulla,Badulla,4.1,0,500,6.8756,81.0472,Low,Unique railway loop engineering,"railway,loop,unique,engineering",
26,Dunhinda Falls,Nature,Badulla,Badulla,3.3,300,1000,7.05,81.0667,Low,Beautiful waterfall near Badulla town,"waterfall,scenic,nature,beautiful",
27,Lipton Seat,Nature,Badulla,Badulla,4.3,200,800,6.7667,81,Low,Famous tea estate viewpoint,"tea,viewpoint,scenic,nature",
28,Ravana Falls,Nature,Badulla,Badulla,3.1,0,500,6.8456,81.0465,Low,Beautiful 25-meter waterfall,"waterfall,scenic,nature,ravana",
29,Ravana Falls,Nature,Badulla,Badulla,4.5,0,500,6.8456,81.0465,Low,Beautiful 25-meter waterfall,"waterfall,scenic,nature,ravana",
30,Ravana Falls,Nature,Badulla,Badulla,3.5,0,500,6.8456,81.0465,Low,Beautiful 25-meter waterfall,"waterfall,scenic,nature,ravana",
31,Lipton Seat,Nature,Badulla,Badulla,4.8,200,800,6.7667,81,Low,Famous tea estate viewpoint,"tea,viewpoint,scenic,nature",
32,Demodara Loop,Nature,Badulla,Badulla,3.4,0,500,6.8756,81.0472,Low,Unique railway loop engineering,"railway,loop,unique,engineering",
33,Ella Rock,Adventure,Badulla,Badulla,5,200,1500,6.8667,81.0466,Low,Scenic hiking with valley views,"hiking,adventure,viewpoint,nature",
34,Bogoda Wooden Bridge,Historical,Badulla,Badulla,4.2,100,400,7.05,81.0833,Low,Oldest wooden bridge in Sri Lanka,"bridge,wooden,ancient,historical",
35,Bogoda Wooden Bridge,Historical,Badulla,Badulla,4.8,100,400,7.05,81.0833,Low,Oldest wooden bridge in Sri Lanka,"bridge,wooden,ancient,historical",
36,Ella Rock,Adventure,Badulla,Badulla,4.9,200,1500,6.8667,81.0466,Low,Scenic hiking with valley views,"hiking,adventure,viewpoint,nature",
37,Ella Rock,Adventure,Badulla,Badulla,4.7,200,1500,6.8667,81.0466,Low,Scenic hiking with valley views,"hiking,adventure,viewpoint,nature",
38,Haputale,Nature,Badulla,Badulla,3.9,200,800,6.7667,80.9667,Low,Scenic hill town with mountain views,"hills,scenic,tea,nature",images/haputale.jpg
39,Diyaluma Falls,Nature,Badulla,Badulla,3.5,200,800,6.7333,81.0167,Low,Second highest waterfall in Sri Lanka,"waterfall,tallest,scenic,nature",
40,Bogoda Wooden Bridge,Historical,Badulla,Badulla,3.9,100,400,7.05,81.0833,Low,Oldest wooden bridge in Sri Lanka,"bridge,wooden,ancient,historical",
41,Haputale,Nature,Badulla,Badulla,4,200,800,6.7667,80.9667,Low,Scenic hill town with mountain views,"hills,scenic,tea,nature",images/haputale.jpg
42,Ella Rock,Adventure,Badulla,Badulla,4.8,200,1500,6.8667,81.0466,Low,Scenic hiking with valley views,"hiking,adventure,viewpoint,nature",
43,Lipton Seat,Nature,Badulla,Badulla,3.1,200,800,6.7667,81,Low,Famous tea estate viewpoint,"tea,viewpoint,scenic,nature",
44,Diyaluma Falls,Nature,Badulla,Badulla,4.1,200,800,6.7333,81.0167,Low,Second highest waterfall in Sri Lanka,"waterfall,tallest,scenic,nature",
45,Haputale,Nature,Badulla,Badulla,3,200,800,6.7667,80.9667,Low,Scenic hill town with mountain views,"hills,scenic,tea,nature",images/haputale.jpg
46,Lipton Seat,Nature,Badulla,Badulla,3.7,200,800,6.7667,81,Low,Famous tea estate viewpoint,"tea,viewpoint,scenic,nature",
47,Ella Rock,Adventure,Badulla,Badulla,5,200,1500,6.8667,81.0466,Low,Scenic hiking with valley views,"hiking,adventure,viewpoint,nature",
48,Lipton Seat,Nature,Badulla,Badulla,5,200,800,6.7667,81,Low,Famous tea estate viewpoint,"tea,viewpoint,scenic,nature",
49,Diyaluma Falls,Nature,Badulla,Badulla,4.9,200,800,6.7333,81.0167,Low,Second highest waterfall in Sri Lanka,"waterfall,tallest,scenic,nature",
50,Lipton Seat,Nature,Badulla,Badulla,3.4,200,800,6.7667,81,Low,Famous tea estate viewpoint,"tea,viewpoint,scenic,nature",
51,Haputale,Nature,Badulla,Badulla,3.6,200,800,6.7667,80.9667,Low,Scenic hill town with mountain views,"hills,scenic,tea,nature",images/haputale.jpg
52,Nine Arches Bridge,Nature,Badulla,Badulla,3.1,0,500,6.879,81.059,Low,Iconic colonial railway bridge,"bridge,railway,colonial,scenic",
53,Diyaluma Falls,Nature,Badulla,Badulla,4.6,200,800,6.7333,81.0167,Low,Second highest waterfall in Sri Lanka,"waterfall,tallest,scenic,nature",
54,Haputale,Nature,Badulla,Badulla,4.7,200,800,6.7667,80.9667,Low,Scenic hill town with mountain views,"hills,scenic,tea,nature",images/haputale.jpg
55,Lipton Seat,Nature,Badulla,Badulla,3.2,200,800,6.7667,81,Low,Famous tea estate viewpoint,"tea,viewpoint,scenic,nature",
56,Lipton Seat,Nature,Badulla,Badulla,4.9,200,800,6.7667,81,Low,Famous tea estate viewpoint,"tea,viewpoint,scenic,nature",
57,Ella Rock,Adventure,Badulla,Badulla,4.6,200,1500,6.8667,81.0466,Low,Scenic hiking with valley views,"hiking,adventure,viewpoint,nature",
58,Bogoda Wooden Bridge,Historical,Badulla,Badulla,4.6,100,400,7.05,81.0833,Low,Oldest wooden bridge in Sri Lanka,"bridge,wooden,ancient,historical",
59,Nine Arches Bridge,Nature,Badulla,Badulla,4.6,0,500,6.879,81.059,Low,Iconic colonial railway bridge,"bridge,railway,colonial,scenic",
60,Dunhinda Falls,Nature,Badulla,Badulla,4.5,300,1000,7.05,81.0667,Low,Beautiful waterfall near Badulla town,"waterfall,scenic,nature,beautiful",
61,Dunhinda Falls,Nature,Badulla,Badulla,4.2,300,1000,7.05,81.0667,Low,Beautiful waterfall near Badulla town,"waterfall,scenic,nature,beautiful",
62,Nine Arches Bridge,Nature,Badulla,Badulla,4.9,0,500,6.879,81.059,Low,Iconic colonial railway bridge,"bridge,railway,colonial,scenic",
63,Ella Rock,Adventure,Badulla,Badulla,3.8,200,1500,6.8667,81.0466,Low,Scenic hiking with valley views,"hiking,adventure,viewpoint,nature",
64,Nine Arches Bridge,Nature,Badulla,Badulla,4.6,0,500,6.879,81.059,Low,Iconic colonial railway bridge,"bridge,railway,colonial,scenic",
65,Ella Rock,Adventure,Badulla,Badulla,4.8,200,1500,6.8667,81.0466,Low,Scenic hiking with valley views,"hiking,adventure,viewpoint,nature",
66,Dunhinda Falls,Nature,Badulla,Badulla,3.1,300,1000,7.05,81.0667,Low,Beautiful waterfall near Badulla town,"waterfall,scenic,nature,beautiful",
67,Diyaluma Falls,Nature,Badulla,Badulla,3.1,200,800,6.7333,81.0167,Low,Second highest waterfall in Sri Lanka,"waterfall,tallest,scenic,nature",
68,Ella Rock,Adventure,Badulla,Badulla,4.1,200,1500,6.8667,81.0466,Low,Scenic hiking with valley views,"hiking,adventure,viewpoint,nature",
69,Demodara Loop,Nature,Badulla,Badulla,4.7,0,500,6.8756,81.0472,Low,Unique railway loop engineering,"railway,loop,unique,engineering",
70,Diyaluma Falls,Nature,Badulla,Badulla,3.2,200,800,6.7333,81.0167,Low,Second highest waterfall in Sri Lanka,"waterfall,tallest,scenic,nature",
71,Diyaluma Falls,Nature,Badulla,Badulla,3.5,200,800,6.7333,81.0167,Low,Second highest waterfall in Sri Lanka,"waterfall,tallest,scenic,nature",
72,Ella Rock,Adventure,Badulla,Badulla,3.9,200,1500,6.8667,81.0466,Low,Scenic hiking with valley views,"hiking,adventure,viewpoint,nature",
73,Dunhinda Falls,Nature,Badulla,Badulla,4.6,300,1000,7.05,81.0667,Low,Beautiful waterfall near Badulla town,"waterfall,scenic,nature,beautiful",
74,Nine Arches Bridge,Nature,Badulla,Badulla,3.7,0,500,6.879,81.059,Low,Iconic colonial railway bridge,"bridge,railway,colonial,scenic",
75,Ella Rock,Adventure,Badulla,Badulla,3.9,200,1500,6.8667,81.0466,Low,Scenic hiking with valley views,"hiking,adventure,viewpoint,nature",
76,Haputale,Nature,Badulla,Badulla,4.2,200,800,6.7667,80.9667,Low,Scenic hill town with mountain views,"hills,scenic,tea,nature",images/haputale.jpg
77,Nine Arches Bridge,Nature,Badulla,Badulla,3.2,0,500,6.879,81.059,Low,Iconic colonial railway bridge,"bridge,railway,colonial,scenic",
78,Nine Arches Bridge,Nature,Badulla,Badulla,4.2,0,500,6.879,81.059,Low,Iconic colonial railway bridge,"bridge,railway,colonial,scenic",
79,Lipton Seat,Nature,Badulla,Badulla,4.8,200,800,6.7667,81,Low,Famous tea estate viewpoint,"tea,viewpoint,scenic,nature",
80,Ravana Falls,Nature,Badulla,Badulla,4.3,0,500,6.8456,81.0465,Low,Beautiful 25-meter waterfall,"waterfall,scenic,nature,ravana",
81,Demodara Loop,Nature,Badulla,Badulla,3.7,0,500,6.8756,81.0472,Low,Unique railway loop engineering,"railway,loop,unique,engineering",
82,Dunhinda Falls,Nature,Badulla,Badulla,4.4,300,1000,7.05,81.0667,Low,Beautiful waterfall near Badulla town,"waterfall,scenic,nature,beautiful",
83,Dunhinda Falls,Nature,Badulla,Badulla,3.4,300,1000,7.05,81.0667,Low,Beautiful waterfall near Badulla town,"waterfall,scenic,nature,beautiful",
84,Ravana Falls,Nature,Badulla,Badulla,4.6,0,500,6.8456,81.0465,Low,Beautiful 25-meter waterfall,"waterfall,scenic,nature,ravana",
85,Ella Rock,Adventure,Badulla,Badulla,3.3,200,1500,6.8667,81.0466,Low,Scenic hiking with valley views,"hiking,adventure,viewpoint,nature",
86,Diyaluma Falls,Nature,Badulla,Badulla,4,200,800,6.7333,81.0167,Low,Second highest waterfall in Sri Lanka,"waterfall,tallest,scenic,nature",
87,Haputale,Nature,Badulla,Badulla,3.6,200,800,6.7667,80.9667,Low,Scenic hill town with mountain views,"hills,scenic,tea,nature",images/haputale.jpg
88,Bogoda Wooden Bridge,Historical,Badulla,Badulla,4.6,100,400,7.05,81.0833,Low,Oldest wooden bridge in Sri Lanka,"bridge,wooden,ancient,historical",
89,Ravana Falls,Nature,Badulla,Badulla,3.9,0,500,6.8456,81.0465,Low,Beautiful 25-meter waterfall,"waterfall,scenic,nature,ravana",
90,Haputale,Nature,Badulla,Badulla,3.6,200,800,6.7667,80.9667,Low,Scenic hill town with mountain views,"hills,scenic,tea,nature",images/haputale.jpg
91,Ella Rock,Adventure,Badulla,Badulla,4,200,1500,6.8667,81.0466,Low,Scenic hiking with valley views,"hiking,adventure,viewpoint,nature",
92,Ravana Falls,Nature,Badulla,Badulla,3.1,0,500,6.8456,81.0465,Low,Beautiful 25-meter waterfall,"waterfall,scenic,nature,ravana",
93,Bogoda Wooden Bridge,Historical,Badulla,Badulla,4.6,100,400,7.05,81.0833,Low,Oldest wooden bridge in Sri Lanka,"bridge,wooden,ancient,historical",
94,Bogoda Wooden Bridge,Historical,Badulla,Badulla,4.7,100,400,7.05,81.0833,Low,Oldest wooden bridge in Sri Lanka,"bridge,wooden,ancient,historical",
95,Diyaluma Falls,Nature,Badulla,Badulla,3.7,200,800,6.7333,81.0167,Low,Second highest waterfall in Sri Lanka,"waterfall,tallest,scenic,nature",
96,Lipton Seat,Nature,Badulla,Badulla,4.3,200,800,6.7667,81,Low,Famous tea estate viewpoint,"tea,viewpoint,scenic,nature",
97,Lipton Seat,Nature,Badulla,Badulla,4.6,200,800,6.7667,81,Low,Famous tea estate viewpoint,"tea,viewpoint,scenic,nature",
98,Haputale,Nature,Badulla,Badulla,3.4,200,800,6.7667,80.9667,Low,Scenic hill town with mountain views,"hills,scenic,tea,nature",images/haputale.jpg
99,Dunhinda Falls,Nature,Badulla,Badulla,4.4,300,1000,7.05,81.0667,Low,Beautiful waterfall near Badulla town,"waterfall,scenic,nature,beautiful",
100,Dunhinda Falls,Nature,Badulla,Badulla,4.2,300,1000,7.05,81.0667,Low,Beautiful waterfall near Badulla town,"waterfall,scenic,nature,beautiful",
101,Haputale,Nature,Badulla,Badulla,4.7,200,800,6.7667,80.9667,Low,Scenic hill town with mountain views,"hills,scenic,tea,nature",images/haputale.jpg
102,Haputale,Nature,Badulla,Badulla,4.2,200,800,6.7667,80.9667,Low,Scenic hill town with mountain views,"hills,scenic,tea,nature",images/haputale.jpg
103,Diyaluma Falls,Nature,Badulla,Badulla,3.7,200,800,6.7333,81.0167,Low,Second highest waterfall in Sri Lanka,"waterfall,tallest,scenic,nature",
104,Nine Arches Bridge,Nature,Badulla,Badulla,3.9,0,500,6.879,81.059,Low,Iconic colonial railway bridge,"bridge,railway,colonial,scenic",
105,Ella Rock,Adventure,Badulla,Badulla,4,200,1500,6.8667,81.0466,Low,Scenic hiking with valley views,"hiking,adventure,viewpoint,nature",
106,Ella Rock,Adventure,Badulla,Badulla,4.3,200,1500,6.8667,81.0466,Low,Scenic hiking with valley views,"hiking,adventure,viewpoint,nature",
107,Lipton Seat,Nature,Badulla,Badulla,3.9,200,800,6.7667,81,Low,Famous tea estate viewpoint,"tea,viewpoint,scenic,nature",
108,Lipton Seat,Nature,Badulla,Badulla,3.5,200,800,6.7667,81,Low,Famous tea estate viewpoint,"tea,viewpoint,scenic,nature",
109,Haputale,Nature,Badulla,Badulla,4.6,200,800,6.7667,80.9667,Low,Scenic hill town with mountain views,"hills,scenic,tea,nature",images/haputale.jpg
110,Diyaluma Falls,Nature,Badulla,Badulla,3.4,200,800,6.7333,81.0167,Low,Second highest waterfall in Sri Lanka,"waterfall,tallest,scenic,nature",
111,Ravana Falls,Nature,Badulla,Badulla,4.7,0,500,6.8456,81.0465,Low,Beautiful 25-meter waterfall,"waterfall,scenic,nature,ravana",
112,Ella Rock,Adventure,Badulla,Badulla,3.7,200,1500,6.8667,81.0466,Low,Scenic hiking with valley views,"hiking,adventure,viewpoint,nature",
113,Nine Arches Bridge,Nature,Badulla,Badulla,3.7,0,500,6.879,81.059,Low,Iconic colonial railway bridge,"bridge,railway,colonial,scenic",
114,Bogoda Wooden Bridge,Historical,Badulla,Badulla,3.2,100,400,7.05,81.0833,Low,Oldest wooden bridge in Sri Lanka,"bridge,wooden,ancient,historical",
115,Demodara Loop,Nature,Badulla,Badulla,3.9,0,500,6.8756,81.0472,Low,Unique railway loop engineering,"railway,loop,unique,engineering",
116,Haputale,Nature,Badulla,Badulla,3.1,200,800,6.7667,80.9667,Low,Scenic hill town with mountain views,"hills,scenic,tea,nature",images/haputale.jpg
117,Ella Rock,Adventure,Badulla,Badulla,3.4,200,1500,6.8667,81.0466,Low,Scenic hiking with valley views,"hiking,adventure,viewpoint,nature",
118,Demodara Loop,Nature,Badulla,Badulla,3.3,0,500,6.8756,81.0472,Low,Unique railway loop engineering,"railway,loop,unique,engineering",
119,Demodara Loop,Nature,Badulla,Badulla,4.4,0,500,6.8756,81.0472,Low,Unique railway loop engineering,"railway,loop,unique,engineering",
120,Haputale,Nature,Badulla,Badulla,4.7,200,800,6.7667,80.9667,Low,Scenic hill town with mountain views,"hills,scenic,tea,nature",images/haputale.jpg
121,Lipton Seat,Nature,Badulla,Badulla,3.4,200,800,6.7667,81,Low,Famous tea estate viewpoint,"tea,viewpoint,scenic,nature",
122,Ella Rock,Adventure,Badulla,Badulla,3.4,200,1500,6.8667,81.0466,Low,Scenic hiking with valley views,"hiking,adventure,viewpoint,nature",
123,Demodara Loop,Nature,Badulla,Badulla,4.8,0,500,6.8756,81.0472,Low,Unique railway loop engineering,"railway,loop,unique,engineering",
124,Ella Rock,Adventure,Badulla,Badulla,4.7,200,1500,6.8667,81.0466,Low,Scenic hiking with valley views,"hiking,adventure,viewpoint,nature",
125,Ravana Falls,Nature,Badulla,Badulla,3.8,0,500,6.8456,81.0465,Low,Beautiful 25-meter waterfall,"waterfall,scenic,nature,ravana",
126,Nine Arches Bridge,Nature,Badulla,Badulla,3.7,0,500,6.879,81.059,Low,Iconic colonial railway bridge,"bridge,railway,colonial,scenic",
127,Lipton Seat,Nature,Badulla,Badulla,3.6,200,800,6.7667,81,Low,Famous tea estate viewpoint,"tea,viewpoint,scenic,nature",
128,Lipton Seat,Nature,Badulla,Badulla,3.7,200,800,6.7667,81,Low,Famous tea estate viewpoint,"tea,viewpoint,scenic,nature",
129,Haputale,Nature,Badulla,Badulla,4.3,200,800,6.7667,80.9667,Low,Scenic hill town with mountain views,"hills,scenic,tea,nature",images/haputale.jpg
130,Bogoda Wooden Bridge,Historical,Badulla,Badulla,5,100,400,7.05,81.0833,Low,Oldest wooden bridge in Sri Lanka,"bridge,wooden,ancient,historical",
131,Diyaluma Falls,Nature,Badulla,Badulla,4.8,200,800,6.7333,81.0167,Low,Second highest waterfall in Sri Lanka,"waterfall,tallest,scenic,nature",
132,Nine Arches Bridge,Nature,Badulla,Badulla,3.2,0,500,6.879,81.059,Low,Iconic colonial railway bridge,"bridge,railway,colonial,scenic",
133,Ravana Falls,Nature,Badulla,Badulla,4.6,0,500,6.8456,81.0465,Low,Beautiful 25-meter waterfall,"waterfall,scenic,nature,ravana",
134,Lipton Seat,Nature,Badulla,Badulla,4.1,200,800,6.7667,81,Low,Famous tea estate viewpoint,"tea,viewpoint,scenic,nature",
135,Haputale,Nature,Badulla,Badulla,3.6,200,800,6.7667,80.9667,Low,Scenic hill town with mountain views,"hills,scenic,tea,nature",images/haputale.jpg
136,Diyaluma Falls,Nature,Badulla,Badulla,5,200,800,6.7333,81.0167,Low,Second highest waterfall in Sri Lanka,"waterfall,tallest,scenic,nature",
137,Lipton Seat,Nature,Badulla,Badulla,4.8,200,800,6.7667,81,Low,Famous tea estate viewpoint,"tea,viewpoint,scenic,nature",
138,Lipton Seat,Nature,Badulla,Badulla,4.7,200,800,6.7667,81,Low,Famous tea estate viewpoint,"tea,viewpoint,scenic,nature",
139,Demodara Loop,Nature,Badulla,Badulla,4.6,0,500,6.8756,81.0472,Low,Unique railway loop engineering,"railway,loop,unique,engineering",
140,Haputale,Nature,Badulla,Badulla,3.5,200,800,6.7667,80.9667,Low,Scenic hill town with mountain views,"hills,scenic,tea,nature",images/haputale.jpg
141,Demodara Loop,Nature,Badulla,Badulla,4.7,0,500,6.8756,81.0472,Low,Unique railway loop engineering,"railway,loop,unique,engineering",
142,Bogoda Wooden Bridge,Historical,Badulla,Badulla,4.9,100,400,7.05,81.0833,Low,Oldest wooden bridge in Sri Lanka,"bridge,wooden,ancient,historical",
143,Dunhinda Falls,Nature,Badulla,Badulla,3.4,300,1000,7.05,81.0667,Low,Beautiful waterfall near Badulla town,"waterfall,scenic,nature,beautiful",
144,Nine Arches Bridge,Nature,Badulla,Badulla,4.6,0,500,6.879,81.059,Low,Iconic colonial railway bridge,"bridge,railway,colonial,scenic",
145,Nine Arches Bridge,Nature,Badulla,Badulla,3.3,0,500,6.879,81.059,Low,Iconic colonial railway bridge,"bridge,railway,colonial,scenic",
146,Diyaluma Falls,Nature,Badulla,Badulla,4.5,200,800,6.7333,81.0167,Low,Second highest waterfall in Sri Lanka,"waterfall,tallest,scenic,nature",
147,Bogoda Wooden Bridge,Historical,Badulla,Badulla,3.7,100,400,7.05,81.0833,Low,Oldest wooden bridge in Sri Lanka,"bridge,wooden,ancient,historical",
148,Bogoda Wooden Bridge,Historical,Badulla,Badulla,3.9,100,400,7.05,81.0833,Low,Oldest wooden bridge in Sri Lanka,"bridge,wooden,ancient,historical",
149,Haputale,Nature,Badulla,Badulla,4.4,200,800,6.7667,80.9667,Low,Scenic hill town with mountain views,"hills,scenic,tea,nature",images/haputale.jpg
150,Bogoda Wooden Bridge,Historical,Badulla,Badulla,4.4,100,400,7.05,81.0833,Low,Oldest wooden bridge in Sri Lanka,"bridge,wooden,ancient,historical",
151,Dunhinda Falls,Nature,Badulla,Badulla,3.9,300,1000,7.05,81.0667,Low,Beautiful waterfall near Badulla town,"waterfall,scenic,nature,beautiful",
152,Diyaluma Falls,Nature,Badulla,Badulla,4.3,200,800,6.7333,81.0167,Low,Second highest waterfall in Sri Lanka,"waterfall,tallest,scenic,nature",
153,Ella Rock,Adventure,Badulla,Badulla,3.4,200,1500,6.8667,81.0466,Low,Scenic hiking with valley views,"hiking,adventure,viewpoint,nature",
154,Lipton Seat,Nature,Badulla,Badulla,3.9,200,800,6.7667,81,Low,Famous tea estate viewpoint,"tea,viewpoint,scenic,nature",
155,Lipton Seat,Nature,Badulla,Badulla,3.8,200,800,6.7667,81,Low,Famous tea estate viewpoint,"tea,viewpoint,scenic,nature",
156,Demodara Loop,Nature,Badulla,Badulla,3.9,0,500,6.8756,81.0472,Low,Unique railway loop engineering,"railway,loop,unique,engineering",
157,Diyaluma Falls,Nature,Badulla,Badulla,4.1,200,800,6.7333,81.0167,Low,Second highest waterfall in Sri Lanka,"waterfall,tallest,scenic,nature",
158,Haputale,Nature,Badulla,Badulla,3.5,200,800,6.7667,80.9667,Low,Scenic hill town with mountain views,"hills,scenic,tea,nature",images/haputale.jpg
159,Nine Arches Bridge,Nature,Badulla,Badulla,3.3,0,500,6.879,81.059,Low,Iconic colonial railway bridge,"bridge,railway,colonial,scenic",
160,Nine Arches Bridge,Nature,Badulla,Badulla,3.6,0,500,6.879,81.059,Low,Iconic colonial railway bridge,"bridge,railway,colonial,scenic",
161,Bogoda Wooden Bridge,Historical,Badulla,Badulla,3.7,100,400,7.05,81.0833,Low,Oldest wooden bridge in Sri Lanka,"bridge,wooden,ancient,historical",
162,Ella Rock,Adventure,Badulla,Badulla,3.9,200,1500,6.8667,81.0466,Low,Scenic hiking with valley views,"hiking,adventure,viewpoint,nature",
163,Haputale,Nature,Badulla,Badulla,3.9,200,800,6.7667,80.9667,Low,Scenic hill town with mountain views,"hills,scenic,tea,nature",images/haputale.jpg
164,Dunhinda Falls,Nature,Badulla,Badulla,3.9,300,1000,7.05,81.0667,Low,Beautiful waterfall near Badulla town,"waterfall,scenic,nature,beautiful",
165,Haputale,Nature,Badulla,Badulla,4.6,200,800,6.7667,80.9667,Low,Scenic hill town with mountain views,"hills,scenic,tea,nature",images/haputale.jpg
166,Haputale,Nature,Badulla,Badulla,3.5,200,800,6.7667,80.9667,Low,Scenic hill town with mountain views,"hills,scenic,tea,nature",images/haputale.jpg
167,Ella Rock,Adventure,Badulla,Badulla,3.4,200,1500,6.8667,81.0466,Low,Scenic hiking with valley views,"hiking,adventure,viewpoint,nature",
168,Lipton Seat,Nature,Badulla,Badulla,3.5,200,800,6.7667,81,Low,Famous tea estate viewpoint,"tea,viewpoint,scenic,nature",
169,Nine Arches Bridge,Nature,Badulla,Badulla,3.7,0,500,6.879,81.059,Low,Iconic colonial railway bridge,"bridge,railway,colonial,scenic",
170,Nine Arches Bridge,Nature,Badulla,Badulla,3.6,0,500,6.879,81.059,Low,Iconic colonial railway bridge,"bridge,railway,colonial,scenic",
171,Bogoda Wooden Bridge,Historical,Badulla,Badulla,4,100,400,7.05,81.0833,Low,Oldest wooden bridge in Sri Lanka,"bridge,wooden,ancient,historical",
172,Nine Arches Bridge,Nature,Badulla,Badulla,4.6,0,500,6.879,81.059,Low,Iconic colonial railway bridge,"bridge,railway,colonial,scenic",
173,Lipton Seat,Nature,Badulla,Badulla,3.2,200,800,6.7667,81,Low,Famous tea estate viewpoint,"tea,viewpoint,scenic,nature",
174,Nine Arches Bridge,Nature,Badulla,Badulla,3.7,0,500,6.879,81.059,Low,Iconic colonial railway bridge,"bridge,railway,colonial,scenic",
175,Bogoda Wooden Bridge,Historical,Badulla,Badulla,3.4,100,400,7.05,81.0833,Low,Oldest wooden bridge in Sri Lanka,"bridge,wooden,ancient,historical",
176,Lipton Seat,Nature,Badulla,Badulla,4.4,200,800,6.7667,81,Low,Famous tea estate viewpoint,"tea,viewpoint,scenic,nature",
177,Demodara Loop,Nature,Badulla,Badulla,3.6,0,500,6.8756,81.0472,Low,Unique railway loop engineering,"railway,loop,unique,engineering",
178,Demodara Loop,Nature,Badulla,Badulla,3.4,0,500,6.8756,81.0472,Low,Unique railway loop engineering,"railway,loop,unique,engineering",
179,Ravana Falls,Nature,Badulla,Badulla,5,0,500,6.8456,81.0465,Low,Beautiful 25-meter waterfall,"waterfall,scenic,nature,ravana",
180,Bogoda Wooden Bridge,Historical,Badulla,Badulla,4.8,100,400,7.05,81.0833,Low,Oldest wooden bridge in Sri Lanka,"bridge,wooden,ancient,historical",
181,Ella Rock,Adventure,Badulla,Badulla,4.5,200,1500,6.8667,81.0466,Low,Scenic hiking with valley views,"hiking,adventure,viewpoint,nature",
182,Demodara Loop,Nature,Badulla,Badulla,4.6,0,500,6.8756,81.0472,Low,Unique railway loop engineering,"railway,loop,unique,engineering",
183,Diyaluma Falls,Nature,Badulla,Badulla,4.9,200,800,6.7333,81.0167,Low,Second highest waterfall in Sri Lanka,"waterfall,tallest,scenic,nature",
184,Ella Rock,Adventure,Badulla,Badulla,3.9,200,1500,6.8667,81.0466,Low,Scenic hiking with valley views,"hiking,adventure,viewpoint,nature",
185,Bogoda Wooden Bridge,Historical,Badulla,Badulla,5,100,400,7.05,81.0833,Low,Oldest wooden bridge in Sri Lanka,"bridge,wooden,ancient,historical",
186,Ravana Falls,Nature,Badulla,Badulla,4.7,0,500,6.8456,81.0465,Low,Beautiful 25-meter waterfall,"waterfall,scenic,nature,ravana",
187,Lipton Seat,Nature,Badulla,Badulla,3.5,200,800,6.7667,81,Low,Famous tea estate viewpoint,"tea,viewpoint,scenic,nature",
188,Lipton Seat,Nature,Badulla,Badulla,3.9,200,800,6.7667,81,Low,Famous tea estate viewpoint,"tea,viewpoint,scenic,nature",
189,Bogoda Wooden Bridge,Historical,Badulla,Badulla,4.2,100,400,7.05,81.0833,Low,Oldest wooden bridge in Sri Lanka,"bridge,wooden,ancient,historical",
190,Bogoda Wooden Bridge,Historical,Badulla,Badulla,4.5,100,400,7.05,81.0833,Low,Oldest wooden bridge in Sri Lanka,"bridge,wooden,ancient,historical",
191,Dunhinda Falls,Nature,Badulla,Badulla,3.7,300,1000,7.05,81.0667,Low,Beautiful waterfall near Badulla town,"waterfall,scenic,nature,beautiful",
192,Nine Arches Bridge,Nature,Badulla,Badulla,3.6,0,500,6.879,81.059,Low,Iconic colonial railway bridge,"bridge,railway,colonial,scenic",
193,Lipton Seat,Nature,Badulla,Badulla,3.9,200,800,6.7667,81,Low,Famous tea estate viewpoint,"tea,viewpoint,scenic,nature",
194,Diyaluma Falls,Nature,Badulla,Badulla,3.4,200,800,6.7333,81.0167,Low,Second highest waterfall in Sri Lanka,"waterfall,tallest,scenic,nature",
195,Dunhinda Falls,Nature,Badulla,Badulla,4.7,300,1000,7.05,81.0667,Low,Beautiful waterfall near Badulla town,"waterfall,scenic,nature,beautiful",
196,Ella Rock,Adventure,Badulla,Badulla,3.7,200,1500,6.8667,81.0466,Low,Scenic hiking with valley views,"hiking,adventure,viewpoint,nature",
197,Ravana Falls,Nature,Badulla,Badulla,3.6,0,500,6.8456,81.0465,Low,Beautiful 25-meter waterfall,"waterfall,scenic,nature,ravana",
198,Ella Rock,Adventure,Badulla,Badulla,4,200,1500,6.8667,81.0466,Low,Scenic hiking with valley views,"hiking,adventure,viewpoint,nature",
199,Haputale,Nature,Badulla,Badulla,3.7,200,800,6.7667,80.9667,Low,Scenic hill town with mountain views,"hills,scenic,tea,nature",images/haputale.jpg
200,Diyaluma Falls,Nature,Badulla,Badulla,3.9,200,800,6.7333,81.0167,Low,Second highest waterfall in Sri Lanka,"waterfall,tallest,scenic,nature",
201,Diyaluma Falls,Nature,Badulla,Badulla,4.5,200,800,6.7333,81.0167,Low,Second highest waterfall in Sri Lanka,"waterfall,tallest,scenic,nature",
202,Bogoda Wooden Bridge,Historical,Badulla,Badulla,3.6,100,400,7.05,81.0833,Low,Oldest wooden bridge in Sri Lanka,"bridge,wooden,ancient,historical",
203,Ella Rock,Adventure,Badulla,Badulla,4.1,200,1500,6.8667,81.0466,Low,Scenic hiking with valley views,"hiking,adventure,viewpoint,nature",
204,Ella Rock,Adventure,Badulla,Badulla,4.8,200,1500,6.8667,81.0466,Low,Scenic hiking with valley views,"hiking,adventure,viewpoint,nature",
205,Ravana Falls,Nature,Badulla,Badulla,5,0,500,6.8456,81.0465,Low,Beautiful 25-meter waterfall,"waterfall,scenic,nature,ravana",
206,Haputale,Nature,Badulla,Badulla,4.1,200,800,6.7667,80.9667,Low,Scenic hill town with mountain views,"hills,scenic,tea,nature",images/haputale.jpg
207,Diyaluma Falls,Nature,Badulla,Badulla,5,200,800,6.7333,81.0167,Low,Second highest waterfall in Sri Lanka,"waterfall,tallest,scenic,nature",
208,Lipton Seat,Nature,Badulla,Badulla,4.9,200,800,6.7667,81,Low,Famous tea estate viewpoint,"tea,viewpoint,scenic,nature",
209,Nine Arches Bridge,Nature,Badulla,Badulla,4.1,0,500,6.879,81.059,Low,Iconic colonial railway bridge,"bridge,railway,colonial,scenic",
210,Lipton Seat,Nature,Badulla,Badulla,3.9,200,800,6.7667,81,Low,Famous tea estate viewpoint,"tea,viewpoint,scenic,nature",
211,Haputale,Nature,Badulla,Badulla,4.1,200,800,6.7667,80.9667,Low,Scenic hill town with mountain views,"hills,scenic,tea,nature",images/haputale.jpg
212,Dunhinda Falls,Nature,Badulla,Badulla,4.3,300,1000,7.05,81.0667,Low,Beautiful waterfall near Badulla town,"waterfall,scenic,nature,beautiful",
213,Demodara Loop,Nature,Badulla,Badulla,3.2,0,500,6.8756,81.0472,Low,Unique railway loop engineering,"railway,loop,unique,engineering",
214,Nine Arches Bridge,Nature,Badulla,Badulla,4.3,0,500,6.879,81.059,Low,Iconic colonial railway bridge,"bridge,railway,colonial,scenic",
215,Ravana Falls,Nature,Badulla,Badulla,3.1,0,500,6.8456,81.0465,Low,Beautiful 25-meter waterfall,"waterfall,scenic,nature,ravana",
216,Dunhinda Falls,Nature,Badulla,Badulla,3.1,300,1000,7.05,81.0667,Low,Beautiful waterfall near Badulla town,"waterfall,scenic,nature,beautiful",
217,Lipton Seat,Nature,Badulla,Badulla,3.1,200,800,6.7667,81,Low,Famous tea estate viewpoint,"tea,viewpoint,scenic,nature",
218,Diyaluma Falls,Nature,Badulla,Badulla,3.6,200,800,6.7333,81.0167,Low,Second highest waterfall in Sri Lanka,"waterfall,tallest,scenic,nature",
219,Lipton Seat,Nature,Badulla,Badulla,3.6,200,800,6.7667,81,Low,Famous tea estate viewpoint,"tea,viewpoint,scenic,nature",
220,Bogoda Wooden Bridge,Historical,Badulla,Badulla,3.1,100,400,7.05,81.0833,Low,Oldest wooden bridge in Sri Lanka,"bridge,wooden,ancient,historical",
1,Batticaloa Fort,Historical,Batticaloa,Batticaloa,3.8,0,400,7.7167,81.6833,Low,Dutch fort on a lagoon island,"fort,dutch,colonial,historical",
2,Kallady Bridge,Nature,Batticaloa,Batticaloa,3.7,0,300,7.7,81.7,Low,Scenic bridge over Batticaloa lagoon,"bridge,lagoon,scenic,nature",
3,Pasikuda Beach,Beach,Batticaloa,Batticaloa,4,500,2000,7.9258,81.5528,Low,Shallow crystal clear beach - perfect for families,"beach,shallow,clear,family",
4,Kalkudah Beach,Beach,Batticaloa,Batticaloa,4.9,300,1500,7.95,81.5333,Low,Pristine beach with turquoise water,"beach,pristine,turquoise,scenic",
5,Batticaloa Lagoon,Nature,Batticaloa,Batticaloa,4,200,800,7.7167,81.7,Low,Singing fish lagoon - unique natural phenomenon,"lagoon,singfish,unique,nature",
6,Eravur Beach,Beach,Batticaloa,Batticaloa,4.4,200,800,7.7833,81.6667,Low,Quiet beach near Batticaloa town,"beach,quiet,peaceful,nature",
7,St Michael's College,Historical,Batticaloa,Batticaloa,4.7,0,200,7.7167,81.6833,Low,Historic colonial-era educational institution,"colonial,historical,education,culture",
8,Pasikuda Beach,Beach,Batticaloa,Batticaloa,3.9,500,2000,7.9258,81.5528,Low,Shallow crystal clear beach - perfect for families,"beach,shallow,clear,family",
9,Kalkudah Beach,Beach,Batticaloa,Batticaloa,4.6,300,1500,7.95,81.5333,Low,Pristine beach with turquoise water,"beach,pristine,turquoise,scenic",
10,St Michael's College,Historical,Batticaloa,Batticaloa,4.3,0,200,7.7167,81.6833,Low,Historic colonial-era educational institution,"colonial,historical,education,culture",
11,Batticaloa Lagoon,Nature,Batticaloa,Batticaloa,3.3,200,800,7.7167,81.7,Low,Singing fish lagoon - unique natural phenomenon,"lagoon,singfish,unique,nature",
12,Pasikuda Beach,Beach,Batticaloa,Batticaloa,4.2,500,2000,7.9258,81.5528,Low,Shallow crystal clear beach - perfect for families,"beach,shallow,clear,family",
13,Eravur Beach,Beach,Batticaloa,Batticaloa,3.4,200,800,7.7833,81.6667,Low,Quiet beach near Batticaloa town,"beach,quiet,peaceful,nature",
14,Pasikuda Beach,Beach,Batticaloa,Batticaloa,3.4,500,2000,7.9258,81.5528,Low,Shallow crystal clear beach - perfect for families,"beach,shallow,clear,family",
15,Kalkudah Beach,Beach,Batticaloa,Batticaloa,4.9,300,1500,7.95,81.5333,Low,Pristine beach with turquoise water,"beach,pristine,turquoise,scenic",
16,Pasikuda Beach,Beach,Batticaloa,Batticaloa,4.5,500,2000,7.9258,81.5528,Low,Shallow crystal clear beach - perfect for families,"beach,shallow,clear,family",
17,Eravur Beach,Beach,Batticaloa,Batticaloa,4,200,800,7.7833,81.6667,Low,Quiet beach near Batticaloa town,"beach,quiet,peaceful,nature",
18,Batticaloa Lagoon,Nature,Batticaloa,Batticaloa,4.6,200,800,7.7167,81.7,Low,Singing fish lagoon - unique natural phenomenon,"lagoon,singfish,unique,nature",
19,Pasikuda Beach,Beach,Batticaloa,Batticaloa,3.8,500,2000,7.9258,81.5528,Low,Shallow crystal clear beach - perfect for families,"beach,shallow,clear,family",
20,St Michael's College,Historical,Batticaloa,Batticaloa,4.6,0,200,7.7167,81.6833,Low,Historic colonial-era educational institution,"colonial,historical,education,culture",
21,Pasikuda Beach,Beach,Batticaloa,Batticaloa,3.2,500,2000,7.9258,81.5528,Low,Shallow crystal clear beach - perfect for families,"beach,shallow,clear,family",
22,Batticaloa Lagoon,Nature,Batticaloa,Batticaloa,3.4,200,800,7.7167,81.7,Low,Singing fish lagoon - unique natural phenomenon,"lagoon,singfish,unique,nature",
23,Batticaloa Lagoon,Nature,Batticaloa,Batticaloa,3.4,200,800,7.7167,81.7,Low,Singing fish lagoon - unique natural phenomenon,"lagoon,singfish,unique,nature",
24,St Michael's College,Historical,Batticaloa,Batticaloa,4.1,0,200,7.7167,81.6833,Low,Historic colonial-era educational institution,"colonial,historical,education,culture",
25,Eravur Beach,Beach,Batticaloa,Batticaloa,3.9,200,800,7.7833,81.6667,Low,Quiet beach near Batticaloa town,"beach,quiet,peaceful,nature",
26,Eravur Beach,Beach,Batticaloa,Batticaloa,3.4,200,800,7.7833,81.6667,Low,Quiet beach near Batticaloa town,"beach,quiet,peaceful,nature",
27,St Michael's College,Historical,Batticaloa,Batticaloa,3.6,0,200,7.7167,81.6833,Low,Historic colonial-era educational institution,"colonial,historical,education,culture",
28,Eravur Beach,Beach,Batticaloa,Batticaloa,3.1,200,800,7.7833,81.6667,Low,Quiet beach near Batticaloa town,"beach,quiet,peaceful,nature",
29,St Michael's College,Historical,Batticaloa,Batticaloa,4.6,0,200,7.7167,81.6833,Low,Historic colonial-era educational institution,"colonial,historical,education,culture",
30,Kalkudah Beach,Beach,Batticaloa,Batticaloa,4.3,300,1500,7.95,81.5333,Low,Pristine beach with turquoise water,"beach,pristine,turquoise,scenic",
31,Kallady Bridge,Nature,Batticaloa,Batticaloa,4.3,0,300,7.7,81.7,Low,Scenic bridge over Batticaloa lagoon,"bridge,lagoon,scenic,nature",
32,Kallady Bridge,Nature,Batticaloa,Batticaloa,3.5,0,300,7.7,81.7,Low,Scenic bridge over Batticaloa lagoon,"bridge,lagoon,scenic,nature",
33,Kallady Bridge,Nature,Batticaloa,Batticaloa,4.4,0,300,7.7,81.7,Low,Scenic bridge over Batticaloa lagoon,"bridge,lagoon,scenic,nature",
34,St Michael's College,Historical,Batticaloa,Batticaloa,3.8,0,200,7.7167,81.6833,Low,Historic colonial-era educational institution,"colonial,historical,education,culture",
35,Kalkudah Beach,Beach,Batticaloa,Batticaloa,5,300,1500,7.95,81.5333,Low,Pristine beach with turquoise water,"beach,pristine,turquoise,scenic",
36,Kalkudah Beach,Beach,Batticaloa,Batticaloa,4.2,300,1500,7.95,81.5333,Low,Pristine beach with turquoise water,"beach,pristine,turquoise,scenic",
37,Batticaloa Lagoon,Nature,Batticaloa,Batticaloa,4,200,800,7.7167,81.7,Low,Singing fish lagoon - unique natural phenomenon,"lagoon,singfish,unique,nature",
38,St Michael's College,Historical,Batticaloa,Batticaloa,4.4,0,200,7.7167,81.6833,Low,Historic colonial-era educational institution,"colonial,historical,education,culture",
39,Batticaloa Lagoon,Nature,Batticaloa,Batticaloa,3.1,200,800,7.7167,81.7,Low,Singing fish lagoon - unique natural phenomenon,"lagoon,singfish,unique,nature",
40,Pasikuda Beach,Beach,Batticaloa,Batticaloa,4.4,500,2000,7.9258,81.5528,Low,Shallow crystal clear beach - perfect for families,"beach,shallow,clear,family",
41,St Michael's College,Historical,Batticaloa,Batticaloa,4.1,0,200,7.7167,81.6833,Low,Historic colonial-era educational institution,"colonial,historical,education,culture",
42,Eravur Beach,Beach,Batticaloa,Batticaloa,4.8,200,800,7.7833,81.6667,Low,Quiet beach near Batticaloa town,"beach,quiet,peaceful,nature",
43,Batticaloa Fort,Historical,Batticaloa,Batticaloa,4.5,0,400,7.7167,81.6833,Low,Dutch fort on a lagoon island,"fort,dutch,colonial,historical",
44,Eravur Beach,Beach,Batticaloa,Batticaloa,4.3,200,800,7.7833,81.6667,Low,Quiet beach near Batticaloa town,"beach,quiet,peaceful,nature",
45,Kallady Bridge,Nature,Batticaloa,Batticaloa,4.3,0,300,7.7,81.7,Low,Scenic bridge over Batticaloa lagoon,"bridge,lagoon,scenic,nature",
46,Batticaloa Fort,Historical,Batticaloa,Batticaloa,4.1,0,400,7.7167,81.6833,Low,Dutch fort on a lagoon island,"fort,dutch,colonial,historical",
47,Eravur Beach,Beach,Batticaloa,Batticaloa,4.4,200,800,7.7833,81.6667,Low,Quiet beach near Batticaloa town,"beach,quiet,peaceful,nature",
48,Kalkudah Beach,Beach,Batticaloa,Batticaloa,4.9,300,1500,7.95,81.5333,Low,Pristine beach with turquoise water,"beach,pristine,turquoise,scenic",
49,Pasikuda Beach,Beach,Batticaloa,Batticaloa,4.9,500,2000,7.9258,81.5528,Low,Shallow crystal clear beach - perfect for families,"beach,shallow,clear,family",
50,Kalkudah Beach,Beach,Batticaloa,Batticaloa,3.2,300,1500,7.95,81.5333,Low,Pristine beach with turquoise water,"beach,pristine,turquoise,scenic",
51,Batticaloa Fort,Historical,Batticaloa,Batticaloa,3.5,0,400,7.7167,81.6833,Low,Dutch fort on a lagoon island,"fort,dutch,colonial,historical",
52,Batticaloa Lagoon,Nature,Batticaloa,Batticaloa,4.5,200,800,7.7167,81.7,Low,Singing fish lagoon - unique natural phenomenon,"lagoon,singfish,unique,nature",
53,Batticaloa Lagoon,Nature,Batticaloa,Batticaloa,4.2,200,800,7.7167,81.7,Low,Singing fish lagoon - unique natural phenomenon,"lagoon,singfish,unique,nature",
54,Batticaloa Lagoon,Nature,Batticaloa,Batticaloa,3.4,200,800,7.7167,81.7,Low,Singing fish lagoon - unique natural phenomenon,"lagoon,singfish,unique,nature",
55,Pasikuda Beach,Beach,Batticaloa,Batticaloa,3.8,500,2000,7.9258,81.5528,Low,Shallow crystal clear beach - perfect for families,"beach,shallow,clear,family",
56,St Michael's College,Historical,Batticaloa,Batticaloa,4.4,0,200,7.7167,81.6833,Low,Historic colonial-era educational institution,"colonial,historical,education,culture",
57,Eravur Beach,Beach,Batticaloa,Batticaloa,4,200,800,7.7833,81.6667,Low,Quiet beach near Batticaloa town,"beach,quiet,peaceful,nature",
58,Pasikuda Beach,Beach,Batticaloa,Batticaloa,5,500,2000,7.9258,81.5528,Low,Shallow crystal clear beach - perfect for families,"beach,shallow,clear,family",
59,Kalkudah Beach,Beach,Batticaloa,Batticaloa,3.2,300,1500,7.95,81.5333,Low,Pristine beach with turquoise water,"beach,pristine,turquoise,scenic",
60,Kalkudah Beach,Beach,Batticaloa,Batticaloa,4.8,300,1500,7.95,81.5333,Low,Pristine beach with turquoise water,"beach,pristine,turquoise,scenic",
61,Batticaloa Fort,Historical,Batticaloa,Batticaloa,3.2,0,400,7.7167,81.6833,Low,Dutch fort on a lagoon island,"fort,dutch,colonial,historical",
62,Eravur Beach,Beach,Batticaloa,Batticaloa,3.3,200,800,7.7833,81.6667,Low,Quiet beach near Batticaloa town,"beach,quiet,peaceful,nature",
63,Pasikuda Beach,Beach,Batticaloa,Batticaloa,3.7,500,2000,7.9258,81.5528,Low,Shallow crystal clear beach - perfect for families,"beach,shallow,clear,family",
64,St Michael's College,Historical,Batticaloa,Batticaloa,3.4,0,200,7.7167,81.6833,Low,Historic colonial-era educational institution,"colonial,historical,education,culture",
65,Kalkudah Beach,Beach,Batticaloa,Batticaloa,3.7,300,1500,7.95,81.5333,Low,Pristine beach with turquoise water,"beach,pristine,turquoise,scenic",
66,Batticaloa Fort,Historical,Batticaloa,Batticaloa,3.9,0,400,7.7167,81.6833,Low,Dutch fort on a lagoon island,"fort,dutch,colonial,historical",
67,Eravur Beach,Beach,Batticaloa,Batticaloa,3.9,200,800,7.7833,81.6667,Low,Quiet beach near Batticaloa town,"beach,quiet,peaceful,nature",
68,Batticaloa Fort,Historical,Batticaloa,Batticaloa,3.6,0,400,7.7167,81.6833,Low,Dutch fort on a lagoon island,"fort,dutch,colonial,historical",
69,St Michael's College,Historical,Batticaloa,Batticaloa,4.4,0,200,7.7167,81.6833,Low,Historic colonial-era educational institution,"colonial,historical,education,culture",
70,Batticaloa Fort,Historical,Batticaloa,Batticaloa,4.7,0,400,7.7167,81.6833,Low,Dutch fort on a lagoon island,"fort,dutch,colonial,historical",
71,Eravur Beach,Beach,Batticaloa,Batticaloa,3.2,200,800,7.7833,81.6667,Low,Quiet beach near Batticaloa town,"beach,quiet,peaceful,nature",
72,St Michael's College,Historical,Batticaloa,Batticaloa,3.3,0,200,7.7167,81.6833,Low,Historic colonial-era educational institution,"colonial,historical,education,culture",
73,Eravur Beach,Beach,Batticaloa,Batticaloa,3.5,200,800,7.7833,81.6667,Low,Quiet beach near Batticaloa town,"beach,quiet,peaceful,nature",
74,Kallady Bridge,Nature,Batticaloa,Batticaloa,4.1,0,300,7.7,81.7,Low,Scenic bridge over Batticaloa lagoon,"bridge,lagoon,scenic,nature",
75,Pasikuda Beach,Beach,Batticaloa,Batticaloa,4.1,500,2000,7.9258,81.5528,Low,Shallow crystal clear beach - perfect for families,"beach,shallow,clear,family",
76,Kalkudah Beach,Beach,Batticaloa,Batticaloa,3.5,300,1500,7.95,81.5333,Low,Pristine beach with turquoise water,"beach,pristine,turquoise,scenic",
77,Kalkudah Beach,Beach,Batticaloa,Batticaloa,4.3,300,1500,7.95,81.5333,Low,Pristine beach with turquoise water,"beach,pristine,turquoise,scenic",
78,Kallady Bridge,Nature,Batticaloa,Batticaloa,4.3,0,300,7.7,81.7,Low,Scenic bridge over Batticaloa lagoon,"bridge,lagoon,scenic,nature",
79,Kalkudah Beach,Beach,Batticaloa,Batticaloa,3.8,300,1500,7.95,81.5333,Low,Pristine beach with turquoise water,"beach,pristine,turquoise,scenic",
80,Eravur Beach,Beach,Batticaloa,Batticaloa,4.2,200,800,7.7833,81.6667,Low,Quiet beach near Batticaloa town,"beach,quiet,peaceful,nature",
81,Kallady Bridge,Nature,Batticaloa,Batticaloa,3.9,0,300,7.7,81.7,Low,Scenic bridge over Batticaloa lagoon,"bridge,lagoon,scenic,nature",
82,Kalkudah Beach,Beach,Batticaloa,Batticaloa,3.8,300,1500,7.95,81.5333,Low,Pristine beach with turquoise water,"beach,pristine,turquoise,scenic",
83,Eravur Beach,Beach,Batticaloa,Batticaloa,3.4,200,800,7.7833,81.6667,Low,Quiet beach near Batticaloa town,"beach,quiet,peaceful,nature",
84,Pasikuda Beach,Beach,Batticaloa,Batticaloa,4.5,500,2000,7.9258,81.5528,Low,Shallow crystal clear beach - perfect for families,"beach,shallow,clear,family",
85,St Michael's College,Historical,Batticaloa,Batticaloa,4.6,0,200,7.7167,81.6833,Low,Historic colonial-era educational institution,"colonial,historical,education,culture",
86,Batticaloa Lagoon,Nature,Batticaloa,Batticaloa,3.2,200,800,7.7167,81.7,Low,Singing fish lagoon - unique natural phenomenon,"lagoon,singfish,unique,nature",
87,St Michael's College,Historical,Batticaloa,Batticaloa,4.1,0,200,7.7167,81.6833,Low,Historic colonial-era educational institution,"colonial,historical,education,culture",
88,Pasikuda Beach,Beach,Batticaloa,Batticaloa,3.7,500,2000,7.9258,81.5528,Low,Shallow crystal clear beach - perfect for families,"beach,shallow,clear,family",
89,Kalkudah Beach,Beach,Batticaloa,Batticaloa,3.2,300,1500,7.95,81.5333,Low,Pristine beach with turquoise water,"beach,pristine,turquoise,scenic",
90,Eravur Beach,Beach,Batticaloa,Batticaloa,4.7,200,800,7.7833,81.6667,Low,Quiet beach near Batticaloa town,"beach,quiet,peaceful,nature",
91,Batticaloa Lagoon,Nature,Batticaloa,Batticaloa,4.9,200,800,7.7167,81.7,Low,Singing fish lagoon - unique natural phenomenon,"lagoon,singfish,unique,nature",
92,Pasikuda Beach,Beach,Batticaloa,Batticaloa,4.2,500,2000,7.9258,81.5528,Low,Shallow crystal clear beach - perfect for families,"beach,shallow,clear,family",
93,Batticaloa Lagoon,Nature,Batticaloa,Batticaloa,3.8,200,800,7.7167,81.7,Low,Singing fish lagoon - unique natural phenomenon,"lagoon,singfish,unique,nature",
94,Batticaloa Fort,Historical,Batticaloa,Batticaloa,3.7,0,400,7.7167,81.6833,Low,Dutch fort on a lagoon island,"fort,dutch,colonial,historical",
95,St Michael's College,Historical,Batticaloa,Batticaloa,3.9,0,200,7.7167,81.6833,Low,Historic colonial-era educational institution,"colonial,historical,education,culture",
96,Kallady Bridge,Nature,Batticaloa,Batticaloa,4.6,0,300,7.7,81.7,Low,Scenic bridge over Batticaloa lagoon,"bridge,lagoon,scenic,nature",
97,Eravur Beach,Beach,Batticaloa,Batticaloa,4.6,200,800,7.7833,81.6667,Low,Quiet beach near Batticaloa town,"beach,quiet,peaceful,nature",
98,Batticaloa Lagoon,Nature,Batticaloa,Batticaloa,4.2,200,800,7.7167,81.7,Low,Singing fish lagoon - unique natural phenomenon,"lagoon,singfish,unique,nature",
99,Eravur Beach,Beach,Batticaloa,Batticaloa,3.3,200,800,7.7833,81.6667,Low,Quiet beach near Batticaloa town,"beach,quiet,peaceful,nature",
100,Batticaloa Fort,Historical,Batticaloa,Batticaloa,3.5,0,400,7.7167,81.6833,Low,Dutch fort on a lagoon island,"fort,dutch,colonial,historical",
101,Batticaloa Fort,Historical,Batticaloa,Batticaloa,3.4,0,400,7.7167,81.6833,Low,Dutch fort on a lagoon island,"fort,dutch,colonial,historical",
102,Eravur Beach,Beach,Batticaloa,Batticaloa,3.3,200,800,7.7833,81.6667,Low,Quiet beach near Batticaloa town,"beach,quiet,peaceful,nature",
103,Kalkudah Beach,Beach,Batticaloa,Batticaloa,3.8,300,1500,7.95,81.5333,Low,Pristine beach with turquoise water,"beach,pristine,turquoise,scenic",
104,Kallady Bridge,Nature,Batticaloa,Batticaloa,4.1,0,300,7.7,81.7,Low,Scenic bridge over Batticaloa lagoon,"bridge,lagoon,scenic,nature",
105,Kalkudah Beach,Beach,Batticaloa,Batticaloa,3.4,300,1500,7.95,81.5333,Low,Pristine beach with turquoise water,"beach,pristine,turquoise,scenic",
106,Eravur Beach,Beach,Batticaloa,Batticaloa,4.1,200,800,7.7833,81.6667,Low,Quiet beach near Batticaloa town,"beach,quiet,peaceful,nature",
107,Eravur Beach,Beach,Batticaloa,Batticaloa,4.9,200,800,7.7833,81.6667,Low,Quiet beach near Batticaloa town,"beach,quiet,peaceful,nature",
108,Kallady Bridge,Nature,Batticaloa,Batticaloa,4.1,0,300,7.7,81.7,Low,Scenic bridge over Batticaloa lagoon,"bridge,lagoon,scenic,nature",
109,Kalkudah Beach,Beach,Batticaloa,Batticaloa,3.6,300,1500,7.95,81.5333,Low,Pristine beach with turquoise water,"beach,pristine,turquoise,scenic",
110,Kallady Bridge,Nature,Batticaloa,Batticaloa,3.6,0,300,7.7,81.7,Low,Scenic bridge over Batticaloa lagoon,"bridge,lagoon,scenic,nature",
111,Kalkudah Beach,Beach,Batticaloa,Batticaloa,4.2,300,1500,7.95,81.5333,Low,Pristine beach with turquoise water,"beach,pristine,turquoise,scenic",
112,St Michael's College,Historical,Batticaloa,Batticaloa,3.7,0,200,7.7167,81.6833,Low,Historic colonial-era educational institution,"colonial,historical,education,culture",
113,Batticaloa Fort,Historical,Batticaloa,Batticaloa,4,0,400,7.7167,81.6833,Low,Dutch fort on a lagoon island,"fort,dutch,colonial,historical",
114,Kallady Bridge,Nature,Batticaloa,Batticaloa,4.6,0,300,7.7,81.7,Low,Scenic bridge over Batticaloa lagoon,"bridge,lagoon,scenic,nature",
115,Batticaloa Lagoon,Nature,Batticaloa,Batticaloa,4,200,800,7.7167,81.7,Low,Singing fish lagoon - unique natural phenomenon,"lagoon,singfish,unique,nature",
116,Kalkudah Beach,Beach,Batticaloa,Batticaloa,3.8,300,1500,7.95,81.5333,Low,Pristine beach with turquoise water,"beach,pristine,turquoise,scenic",
117,Kalkudah Beach,Beach,Batticaloa,Batticaloa,3.8,300,1500,7.95,81.5333,Low,Pristine beach with turquoise water,"beach,pristine,turquoise,scenic",
118,St Michael's College,Historical,Batticaloa,Batticaloa,3.9,0,200,7.7167,81.6833,Low,Historic colonial-era educational institution,"colonial,historical,education,culture",
119,Kallady Bridge,Nature,Batticaloa,Batticaloa,3.2,0,300,7.7,81.7,Low,Scenic bridge over Batticaloa lagoon,"bridge,lagoon,scenic,nature",
120,Batticaloa Fort,Historical,Batticaloa,Batticaloa,4.6,0,400,7.7167,81.6833,Low,Dutch fort on a lagoon island,"fort,dutch,colonial,historical",
121,Kallady Bridge,Nature,Batticaloa,Batticaloa,3.6,0,300,7.7,81.7,Low,Scenic bridge over Batticaloa lagoon,"bridge,lagoon,scenic,nature",
122,Pasikuda Beach,Beach,Batticaloa,Batticaloa,3.4,500,2000,7.9258,81.5528,Low,Shallow crystal clear beach - perfect for families,"beach,shallow,clear,family",
123,Pasikuda Beach,Beach,Batticaloa,Batticaloa,3.3,500,2000,7.9258,81.5528,Low,Shallow crystal clear beach - perfect for families,"beach,shallow,clear,family",
124,Kalkudah Beach,Beach,Batticaloa,Batticaloa,4.1,300,1500,7.95,81.5333,Low,Pristine beach with turquoise water,"beach,pristine,turquoise,scenic",
125,St Michael's College,Historical,Batticaloa,Batticaloa,4.5,0,200,7.7167,81.6833,Low,Historic colonial-era educational institution,"colonial,historical,education,culture",
126,Batticaloa Lagoon,Nature,Batticaloa,Batticaloa,4,200,800,7.7167,81.7,Low,Singing fish lagoon - unique natural phenomenon,"lagoon,singfish,unique,nature",
127,Batticaloa Lagoon,Nature,Batticaloa,Batticaloa,3.2,200,800,7.7167,81.7,Low,Singing fish lagoon - unique natural phenomenon,"lagoon,singfish,unique,nature",
128,St Michael's College,Historical,Batticaloa,Batticaloa,4.1,0,200,7.7167,81.6833,Low,Historic colonial-era educational institution,"colonial,historical,education,culture",
129,Pasikuda Beach,Beach,Batticaloa,Batticaloa,4.1,500,2000,7.9258,81.5528,Low,Shallow crystal clear beach - perfect for families,"beach,shallow,clear,family",
130,St Michael's College,Historical,Batticaloa,Batticaloa,3.1,0,200,7.7167,81.6833,Low,Historic colonial-era educational institution,"colonial,historical,education,culture",
131,Eravur Beach,Beach,Batticaloa,Batticaloa,3.9,200,800,7.7833,81.6667,Low,Quiet beach near Batticaloa town,"beach,quiet,peaceful,nature",
132,Kallady Bridge,Nature,Batticaloa,Batticaloa,5,0,300,7.7,81.7,Low,Scenic bridge over Batticaloa lagoon,"bridge,lagoon,scenic,nature",
133,Batticaloa Fort,Historical,Batticaloa,Batticaloa,4.5,0,400,7.7167,81.6833,Low,Dutch fort on a lagoon island,"fort,dutch,colonial,historical",
134,Eravur Beach,Beach,Batticaloa,Batticaloa,4.5,200,800,7.7833,81.6667,Low,Quiet beach near Batticaloa town,"beach,quiet,peaceful,nature",
135,Pasikuda Beach,Beach,Batticaloa,Batticaloa,4.7,500,2000,7.9258,81.5528,Low,Shallow crystal clear beach - perfect for families,"beach,shallow,clear,family",
136,Batticaloa Fort,Historical,Batticaloa,Batticaloa,3.9,0,400,7.7167,81.6833,Low,Dutch fort on a lagoon island,"fort,dutch,colonial,historical",
137,Pasikuda Beach,Beach,Batticaloa,Batticaloa,4.7,500,2000,7.9258,81.5528,Low,Shallow crystal clear beach - perfect for families,"beach,shallow,clear,family",
138,Batticaloa Fort,Historical,Batticaloa,Batticaloa,3.9,0,400,7.7167,81.6833,Low,Dutch fort on a lagoon island,"fort,dutch,colonial,historical",
139,Batticaloa Fort,Historical,Batticaloa,Batticaloa,4.6,0,400,7.7167,81.6833,Low,Dutch fort on a lagoon island,"fort,dutch,colonial,historical",
140,Kallady Bridge,Nature,Batticaloa,Batticaloa,3.4,0,300,7.7,81.7,Low,Scenic bridge over Batticaloa lagoon,"bridge,lagoon,scenic,nature",
141,Eravur Beach,Beach,Batticaloa,Batticaloa,4.2,200,800,7.7833,81.6667,Low,Quiet beach near Batticaloa town,"beach,quiet,peaceful,nature",
142,Pasikuda Beach,Beach,Batticaloa,Batticaloa,4.7,500,2000,7.9258,81.5528,Low,Shallow crystal clear beach - perfect for families,"beach,shallow,clear,family",
143,Batticaloa Lagoon,Nature,Batticaloa,Batticaloa,4.3,200,800,7.7167,81.7,Low,Singing fish lagoon - unique natural phenomenon,"lagoon,singfish,unique,nature",
144,Kallady Bridge,Nature,Batticaloa,Batticaloa,4.2,0,300,7.7,81.7,Low,Scenic bridge over Batticaloa lagoon,"bridge,lagoon,scenic,nature",
145,St Michael's College,Historical,Batticaloa,Batticaloa,3.4,0,200,7.7167,81.6833,Low,Historic colonial-era educational institution,"colonial,historical,education,culture",
146,Kallady Bridge,Nature,Batticaloa,Batticaloa,4.6,0,300,7.7,81.7,Low,Scenic bridge over Batticaloa lagoon,"bridge,lagoon,scenic,nature",
147,Batticaloa Lagoon,Nature,Batticaloa,Batticaloa,3.7,200,800,7.7167,81.7,Low,Singing fish lagoon - unique natural phenomenon,"lagoon,singfish,unique,nature",
148,Pasikuda Beach,Beach,Batticaloa,Batticaloa,4.2,500,2000,7.9258,81.5528,Low,Shallow crystal clear beach - perfect for families,"beach,shallow,clear,family",
149,Kallady Bridge,Nature,Batticaloa,Batticaloa,3.6,0,300,7.7,81.7,Low,Scenic bridge over Batticaloa lagoon,"bridge,lagoon,scenic,nature",
150,Eravur Beach,Beach,Batticaloa,Batticaloa,3.6,200,800,7.7833,81.6667,Low,Quiet beach near Batticaloa town,"beach,quiet,peaceful,nature",
151,Batticaloa Lagoon,Nature,Batticaloa,Batticaloa,3.5,200,800,7.7167,81.7,Low,Singing fish lagoon - unique natural phenomenon,"lagoon,singfish,unique,nature",
152,St Michael's College,Historical,Batticaloa,Batticaloa,4,0,200,7.7167,81.6833,Low,Historic colonial-era educational institution,"colonial,historical,education,culture",
153,Eravur Beach,Beach,Batticaloa,Batticaloa,4.6,200,800,7.7833,81.6667,Low,Quiet beach near Batticaloa town,"beach,quiet,peaceful,nature",
154,Kallady Bridge,Nature,Batticaloa,Batticaloa,4.9,0,300,7.7,81.7,Low,Scenic bridge over Batticaloa lagoon,"bridge,lagoon,scenic,nature",
155,St Michael's College,Historical,Batticaloa,Batticaloa,3.8,0,200,7.7167,81.6833,Low,Historic colonial-era educational institution,"colonial,historical,education,culture",
156,Batticaloa Fort,Historical,Batticaloa,Batticaloa,5,0,400,7.7167,81.6833,Low,Dutch fort on a lagoon island,"fort,dutch,colonial,historical",
157,St Michael's College,Historical,Batticaloa,Batticaloa,4.3,0,200,7.7167,81.6833,Low,Historic colonial-era educational institution,"colonial,historical,education,culture",
158,Eravur Beach,Beach,Batticaloa,Batticaloa,4.7,200,800,7.7833,81.6667,Low,Quiet beach near Batticaloa town,"beach,quiet,peaceful,nature",
159,Kallady Bridge,Nature,Batticaloa,Batticaloa,3.3,0,300,7.7,81.7,Low,Scenic bridge over Batticaloa lagoon,"bridge,lagoon,scenic,nature",
160,Pasikuda Beach,Beach,Batticaloa,Batticaloa,4.7,500,2000,7.9258,81.5528,Low,Shallow crystal clear beach - perfect for families,"beach,shallow,clear,family",
161,St Michael's College,Historical,Batticaloa,Batticaloa,4.7,0,200,7.7167,81.6833,Low,Historic colonial-era educational institution,"colonial,historical,education,culture",
162,Kalkudah Beach,Beach,Batticaloa,Batticaloa,4,300,1500,7.95,81.5333,Low,Pristine beach with turquoise water,"beach,pristine,turquoise,scenic",
163,Batticaloa Lagoon,Nature,Batticaloa,Batticaloa,4.3,200,800,7.7167,81.7,Low,Singing fish lagoon - unique natural phenomenon,"lagoon,singfish,unique,nature",
164,Eravur Beach,Beach,Batticaloa,Batticaloa,3.8,200,800,7.7833,81.6667,Low,Quiet beach near Batticaloa town,"beach,quiet,peaceful,nature",
165,Kalkudah Beach,Beach,Batticaloa,Batticaloa,3.2,300,1500,7.95,81.5333,Low,Pristine beach with turquoise water,"beach,pristine,turquoise,scenic",
166,St Michael's College,Historical,Batticaloa,Batticaloa,4.8,0,200,7.7167,81.6833,Low,Historic colonial-era educational institution,"colonial,historical,education,culture",
167,Batticaloa Fort,Historical,Batticaloa,Batticaloa,3.8,0,400,7.7167,81.6833,Low,Dutch fort on a lagoon island,"fort,dutch,colonial,historical",
168,Eravur Beach,Beach,Batticaloa,Batticaloa,3.6,200,800,7.7833,81.6667,Low,Quiet beach near Batticaloa town,"beach,quiet,peaceful,nature",
169,Pasikuda Beach,Beach,Batticaloa,Batticaloa,3.9,500,2000,7.9258,81.5528,Low,Shallow crystal clear beach - perfect for families,"beach,shallow,clear,family",
170,Kalkudah Beach,Beach,Batticaloa,Batticaloa,3.7,300,1500,7.95,81.5333,Low,Pristine beach with turquoise water,"beach,pristine,turquoise,scenic",
171,Batticaloa Fort,Historical,Batticaloa,Batticaloa,4.7,0,400,7.7167,81.6833,Low,Dutch fort on a lagoon island,"fort,dutch,colonial,historical",
172,St Michael's College,Historical,Batticaloa,Batticaloa,4.5,0,200,7.7167,81.6833,Low,Historic colonial-era educational institution,"colonial,historical,education,culture",
173,Eravur Beach,Beach,Batticaloa,Batticaloa,4.9,200,800,7.7833,81.6667,Low,Quiet beach near Batticaloa town,"beach,quiet,peaceful,nature",
174,Eravur Beach,Beach,Batticaloa,Batticaloa,4.3,200,800,7.7833,81.6667,Low,Quiet beach near Batticaloa town,"beach,quiet,peaceful,nature",
175,Pasikuda Beach,Beach,Batticaloa,Batticaloa,4.7,500,2000,7.9258,81.5528,Low,Shallow crystal clear beach - perfect for families,"beach,shallow,clear,family",
176,St Michael's College,Historical,Batticaloa,Batticaloa,4.1,0,200,7.7167,81.6833,Low,Historic colonial-era educational institution,"colonial,historical,education,culture",
177,Kallady Bridge,Nature,Batticaloa,Batticaloa,4.9,0,300,7.7,81.7,Low,Scenic bridge over Batticaloa lagoon,"bridge,lagoon,scenic,nature",
178,St Michael's College,Historical,Batticaloa,Batticaloa,3.4,0,200,7.7167,81.6833,Low,Historic colonial-era educational institution,"colonial,historical,education,culture",
179,Pasikuda Beach,Beach,Batticaloa,Batticaloa,3.6,500,2000,7.9258,81.5528,Low,Shallow crystal clear beach - perfect for families,"beach,shallow,clear,family",
180,Pasikuda Beach,Beach,Batticaloa,Batticaloa,3.7,500,2000,7.9258,81.5528,Low,Shallow crystal clear beach - perfect for families,"beach,shallow,clear,family",
181,Batticaloa Lagoon,Nature,Batticaloa,Batticaloa,3.3,200,800,7.7167,81.7,Low,Singing fish lagoon - unique natural phenomenon,"lagoon,singfish,unique,nature",
182,St Michael's College,Historical,Batticaloa,Batticaloa,4,0,200,7.7167,81.6833,Low,Historic colonial-era educational institution,"colonial,historical,education,culture",
183,Pasikuda Beach,Beach,Batticaloa,Batticaloa,4.8,500,2000,7.9258,81.5528,Low,Shallow crystal clear beach - perfect for families,"beach,shallow,clear,family",
184,St Michael's College,Historical,Batticaloa,Batticaloa,3.1,0,200,7.7167,81.6833,Low,Historic colonial-era educational institution,"colonial,historical,education,culture",
185,Batticaloa Fort,Historical,Batticaloa,Batticaloa,4.3,0,400,7.7167,81.6833,Low,Dutch fort on a lagoon island,"fort,dutch,colonial,historical",
186,St Michael's College,Historical,Batticaloa,Batticaloa,3.9,0,200,7.7167,81.6833,Low,Historic colonial-era educational institution,"colonial,historical,education,culture",
187,Batticaloa Fort,Historical,Batticaloa,Batticaloa,4.9,0,400,7.7167,81.6833,Low,Dutch fort on a lagoon island,"fort,dutch,colonial,historical",
188,Kallady Bridge,Nature,Batticaloa,Batticaloa,3.9,0,300,7.7,81.7,Low,Scenic bridge over Batticaloa lagoon,"bridge,lagoon,scenic,nature",
189,Batticaloa Fort,Historical,Batticaloa,Batticaloa,5,0,400,7.7167,81.6833,Low,Dutch fort on a lagoon island,"fort,dutch,colonial,historical",
190,Kalkudah Beach,Beach,Batticaloa,Batticaloa,3.4,300,1500,7.95,81.5333,Low,Pristine beach with turquoise water,"beach,pristine,turquoise,scenic",
191,Eravur Beach,Beach,Batticaloa,Batticaloa,4.8,200,800,7.7833,81.6667,Low,Quiet beach near Batticaloa town,"beach,quiet,peaceful,nature",
192,Eravur Beach,Beach,Batticaloa,Batticaloa,3.6,200,800,7.7833,81.6667,Low,Quiet beach near Batticaloa town,"beach,quiet,peaceful,nature",
193,St Michael's College,Historical,Batticaloa,Batticaloa,4.9,0,200,7.7167,81.6833,Low,Historic colonial-era educational institution,"colonial,historical,education,culture",
194,Pasikuda Beach,Beach,Batticaloa,Batticaloa,3.2,500,2000,7.9258,81.5528,Low,Shallow crystal clear beach - perfect for families,"beach,shallow,clear,family",
195,Pasikuda Beach,Beach,Batticaloa,Batticaloa,3.5,500,2000,7.9258,81.5528,Low,Shallow crystal clear beach - perfect for families,"beach,shallow,clear,family",
196,Pasikuda Beach,Beach,Batticaloa,Batticaloa,4.3,500,2000,7.9258,81.5528,Low,Shallow crystal clear beach - perfect for families,"beach,shallow,clear,family",
197,Eravur Beach,Beach,Batticaloa,Batticaloa,3.3,200,800,7.7833,81.6667,Low,Quiet beach near Batticaloa town,"beach,quiet,peaceful,nature",
198,Kalkudah Beach,Beach,Batticaloa,Batticaloa,4.3,300,1500,7.95,81.5333,Low,Pristine beach with turquoise water,"beach,pristine,turquoise,scenic",
199,Eravur Beach,Beach,Batticaloa,Batticaloa,4.4,200,800,7.7833,81.6667,Low,Quiet beach near Batticaloa town,"beach,quiet,peaceful,nature",
200,Kallady Bridge,Nature,Batticaloa,Batticaloa,3.9,0,300,7.7,81.7,Low,Scenic bridge over Batticaloa lagoon,"bridge,lagoon,scenic,nature",
201,Batticaloa Fort,Historical,Batticaloa,Batticaloa,4.4,0,400,7.7167,81.6833,Low,Dutch fort on a lagoon island,"fort,dutch,colonial,historical",
202,Batticaloa Fort,Historical,Batticaloa,Batticaloa,3.4,0,400,7.7167,81.6833,Low,Dutch fort on a lagoon island,"fort,dutch,colonial,historical",
203,Batticaloa Fort,Historical,Batticaloa,Batticaloa,3.3,0,400,7.7167,81.6833,Low,Dutch fort on a lagoon island,"fort,dutch,colonial,historical",
204,Kallady Bridge,Nature,Batticaloa,Batticaloa,4,0,300,7.7,81.7,Low,Scenic bridge over Batticaloa lagoon,"bridge,lagoon,scenic,nature",
205,Kalkudah Beach,Beach,Batticaloa,Batticaloa,3,300,1500,7.95,81.5333,Low,Pristine beach with turquoise water,"beach,pristine,turquoise,scenic",
206,Eravur Beach,Beach,Batticaloa,Batticaloa,3.7,200,800,7.7833,81.6667,Low,Quiet beach near Batticaloa town,"beach,quiet,peaceful,nature",
207,Batticaloa Fort,Historical,Batticaloa,Batticaloa,5,0,400,7.7167,81.6833,Low,Dutch fort on a lagoon island,"fort,dutch,colonial,historical",
208,Kalkudah Beach,Beach,Batticaloa,Batticaloa,4.4,300,1500,7.95,81.5333,Low,Pristine beach with turquoise water,"beach,pristine,turquoise,scenic",
209,Kalkudah Beach,Beach,Batticaloa,Batticaloa,3.1,300,1500,7.95,81.5333,Low,Pristine beach with turquoise water,"beach,pristine,turquoise,scenic",
210,Kalkudah Beach,Beach,Batticaloa,Batticaloa,3.2,300,1500,7.95,81.5333,Low,Pristine beach with turquoise water,"beach,pristine,turquoise,scenic",
211,St Michael's College,Historical,Batticaloa,Batticaloa,3.2,0,200,7.7167,81.6833,Low,Historic colonial-era educational institution,"colonial,historical,education,culture",
212,Pasikuda Beach,Beach,Batticaloa,Batticaloa,3.7,500,2000,7.9258,81.5528,Low,Shallow crystal clear beach - perfect for families,"beach,shallow,clear,family",
213,Pasikuda Beach,Beach,Batticaloa,Batticaloa,3.3,500,2000,7.9258,81.5528,Low,Shallow crystal clear beach - perfect for families,"beach,shallow,clear,family",
214,St Michael's College,Historical,Batticaloa,Batticaloa,4.6,0,200,7.7167,81.6833,Low,Historic colonial-era educational institution,"colonial,historical,education,culture",
215,St Michael's College,Historical,Batticaloa,Batticaloa,3.3,0,200,7.7167,81.6833,Low,Historic colonial-era educational institution,"colonial,historical,education,culture",
216,Eravur Beach,Beach,Batticaloa,Batticaloa,3.3,200,800,7.7833,81.6667,Low,Quiet beach near Batticaloa town,"beach,quiet,peaceful,nature",
217,Batticaloa Lagoon,Nature,Batticaloa,Batticaloa,4.1,200,800,7.7167,81.7,Low,Singing fish lagoon - unique natural phenomenon,"lagoon,singfish,unique,nature",
218,Batticaloa Lagoon,Nature,Batticaloa,Batticaloa,4.3,200,800,7.7167,81.7,Low,Singing fish lagoon - unique natural phenomenon,"lagoon,singfish,unique,nature",
219,Kalkudah Beach,Beach,Batticaloa,Batticaloa,3.7,300,1500,7.95,81.5333,Low,Pristine beach with turquoise water,"beach,pristine,turquoise,scenic",
220,Kallady Bridge,Nature,Batticaloa,Batticaloa,4.3,0,300,7.7,81.7,Low,Scenic bridge over Batticaloa lagoon,"bridge,lagoon,scenic,nature",
1,Gangaramaya Temple,Religious,Colombo,Colombo,3.6,0,500,6.9154,79.856,Low,Eclectic Buddhist temple,"temple,buddhist,religious",images/gangaramaya_temple.jpg
2,Gangaramaya Temple,Religious,Colombo,Colombo,4,0,500,6.9154,79.856,Low,Eclectic Buddhist temple,"temple,buddhist,religious",images/gangaramaya_temple.jpg
3,Gangaramaya Temple,Religious,Colombo,Colombo,5,0,500,6.9154,79.856,Low,Eclectic Buddhist temple,"temple,buddhist,religious",images/gangaramaya_temple.jpg
4,Gangaramaya Temple,Religious,Colombo,Colombo,4.1,0,500,6.9154,79.856,Low,Eclectic Buddhist temple,"temple,buddhist,religious",images/gangaramaya_temple.jpg
5,Gangaramaya Temple,Religious,Colombo,Colombo,3.4,0,500,6.9154,79.856,Low,Eclectic Buddhist temple,"temple,buddhist,religious",images/gangaramaya_temple.jpg
6,Gangaramaya Temple,Religious,Colombo,Colombo,3.8,0,500,6.9154,79.856,Low,Eclectic Buddhist temple,"temple,buddhist,religious",images/gangaramaya_temple.jpg
7,Gangaramaya Temple,Religious,Colombo,Colombo,4.5,0,500,6.9154,79.856,Low,Eclectic Buddhist temple,"temple,buddhist,religious",images/gangaramaya_temple.jpg
8,Gangaramaya Temple,Religious,Colombo,Colombo,3.9,0,500,6.9154,79.856,Low,Eclectic Buddhist temple,"temple,buddhist,religious",images/gangaramaya_temple.jpg
9,Gangaramaya Temple,Religious,Colombo,Colombo,3.6,0,500,6.9154,79.856,Low,Eclectic Buddhist temple,"temple,buddhist,religious",images/gangaramaya_temple.jpg
10,Gangaramaya Temple,Religious,Colombo,Colombo,4.4,0,500,6.9154,79.856,Low,Eclectic Buddhist temple,"temple,buddhist,religious",images/gangaramaya_temple.jpg
11,Gangaramaya Temple,Religious,Colombo,Colombo,3.9,0,500,6.9154,79.856,Low,Eclectic Buddhist temple,"temple,buddhist,religious",images/gangaramaya_temple.jpg
12,Gangaramaya Temple,Religious,Colombo,Colombo,3.2,0,500,6.9154,79.856,Low,Eclectic Buddhist temple,"temple,buddhist,religious",images/gangaramaya_temple.jpg
13,Gangaramaya Temple,Religious,Colombo,Colombo,3.4,0,500,6.9154,79.856,Low,Eclectic Buddhist temple,"temple,buddhist,religious",images/gangaramaya_temple.jpg
14,Gangaramaya Temple,Religious,Colombo,Colombo,3.8,0,500,6.9154,79.856,Low,Eclectic Buddhist temple,"temple,buddhist,religious",images/gangaramaya_temple.jpg
15,Gangaramaya Temple,Religious,Colombo,Colombo,3.9,0,500,6.9154,79.856,Low,Eclectic Buddhist temple,"temple,buddhist,religious",images/gangaramaya_temple.jpg
16,Gangaramaya Temple,Religious,Colombo,Colombo,3.9,0,500,6.9154,79.856,Low,Eclectic Buddhist temple,"temple,buddhist,religious",images/gangaramaya_temple.jpg
17,Gangaramaya Temple,Religious,Colombo,Colombo,4.8,0,500,6.9154,79.856,Low,Eclectic Buddhist temple,"temple,buddhist,religious",images/gangaramaya_temple.jpg
18,Gangaramaya Temple,Religious,Colombo,Colombo,3.5,0,500,6.9154,79.856,Low,Eclectic Buddhist temple,"temple,buddhist,religious",images/gangaramaya_temple.jpg
19,Gangaramaya Temple,Religious,Colombo,Colombo,4.4,0,500,6.9154,79.856,Low,Eclectic Buddhist temple,"temple,buddhist,religious",images/gangaramaya_temple.jpg
20,Gangaramaya Temple,Religious,Colombo,Colombo,3.2,0,500,6.9154,79.856,Low,Eclectic Buddhist temple,"temple,buddhist,religious",images/gangaramaya_temple.jpg
21,Gangaramaya Temple,Religious,Colombo,Colombo,4.3,0,500,6.9154,79.856,Low,Eclectic Buddhist temple,"temple,buddhist,religious",images/gangaramaya_temple.jpg
22,Gangaramaya Temple,Religious,Colombo,Colombo,4,0,500,6.9154,79.856,Low,Eclectic Buddhist temple,"temple,buddhist,religious",images/gangaramaya_temple.jpg
23,Gangaramaya Temple,Religious,Colombo,Colombo,4.5,0,500,6.9154,79.856,Low,Eclectic Buddhist temple,"temple,buddhist,religious",images/gangaramaya_temple.jpg
24,Gangaramaya Temple,Religious,Colombo,Colombo,3.8,0,500,6.9154,79.856,Low,Eclectic Buddhist temple,"temple,buddhist,religious",images/gangaramaya_temple.jpg
25,Gangaramaya Temple,Religious,Colombo,Colombo,3.1,0,500,6.9154,79.856,Low,Eclectic Buddhist temple,"temple,buddhist,religious",images/gangaramaya_temple.jpg
26,Gangaramaya Temple,Religious,Colombo,Colombo,4.8,0,500,6.9154,79.856,Low,Eclectic Buddhist temple,"temple,buddhist,religious",images/gangaramaya_temple.jpg
27,Gangaramaya Temple,Religious,Colombo,Colombo,3.3,0,500,6.9154,79.856,Low,Eclectic Buddhist temple,"temple,buddhist,religious",images/gangaramaya_temple.jpg
28,Gangaramaya Temple,Religious,Colombo,Colombo,3.4,0,500,6.9154,79.856,Low,Eclectic Buddhist temple,"temple,buddhist,religious",images/gangaramaya_temple.jpg
29,Gangaramaya Temple,Religious,Colombo,Colombo,3.8,0,500,6.9154,79.856,Low,Eclectic Buddhist temple,"temple,buddhist,religious",images/gangaramaya_temple.jpg
30,Gangaramaya Temple,Religious,Colombo,Colombo,4.5,0,500,6.9154,79.856,Low,Eclectic Buddhist temple,"temple,buddhist,religious",images/gangaramaya_temple.jpg
31,Gangaramaya Temple,Religious,Colombo,Colombo,3.6,0,500,6.9154,79.856,Low,Eclectic Buddhist temple,"temple,buddhist,religious",images/gangaramaya_temple.jpg
32,Gangaramaya Temple,Religious,Colombo,Colombo,3.2,0,500,6.9154,79.856,Low,Eclectic Buddhist temple,"temple,buddhist,religious",images/gangaramaya_temple.jpg
33,Gangaramaya Temple,Religious,Colombo,Colombo,4.9,0,500,6.9154,79.856,Low,Eclectic Buddhist temple,"temple,buddhist,religious",images/gangaramaya_temple.jpg
34,Gangaramaya Temple,Religious,Colombo,Colombo,4.2,0,500,6.9154,79.856,Low,Eclectic Buddhist temple,"temple,buddhist,religious",images/gangaramaya_temple.jpg
35,Gangaramaya Temple,Religious,Colombo,Colombo,3,0,500,6.9154,79.856,Low,Eclectic Buddhist temple,"temple,buddhist,religious",images/gangaramaya_temple.jpg
36,Gangaramaya Temple,Religious,Colombo,Colombo,4.7,0,500,6.9154,79.856,Low,Eclectic Buddhist temple,"temple,buddhist,religious",images/gangaramaya_temple.jpg
37,Gangaramaya Temple,Religious,Colombo,Colombo,4.2,0,500,6.9154,79.856,Low,Eclectic Buddhist temple,"temple,buddhist,religious",images/gangaramaya_temple.jpg
38,Gangaramaya Temple,Religious,Colombo,Colombo,3.5,0,500,6.9154,79.856,Low,Eclectic Buddhist temple,"temple,buddhist,religious",images/gangaramaya_temple.jpg
39,Gangaramaya Temple,Religious,Colombo,Colombo,3.9,0,500,6.9154,79.856,Low,Eclectic Buddhist temple,"temple,buddhist,religious",images/gangaramaya_temple.jpg
40,Gangaramaya Temple,Religious,Colombo,Colombo,3.2,0,500,6.9154,79.856,Low,Eclectic Buddhist temple,"temple,buddhist,religious",images/gangaramaya_temple.jpg
41,Gangaramaya Temple,Religious,Colombo,Colombo,3.5,0,500,6.9154,79.856,Low,Eclectic Buddhist temple,"temple,buddhist,religious",images/gangaramaya_temple.jpg
42,Gangaramaya Temple,Religious,Colombo,Colombo,4.2,0,500,6.9154,79.856,Low,Eclectic Buddhist temple,"temple,buddhist,religious",images/gangaramaya_temple.jpg
43,Gangaramaya Temple,Religious,Colombo,Colombo,3.1,0,500,6.9154,79.856,Low,Eclectic Buddhist temple,"temple,buddhist,religious",images/gangaramaya_temple.jpg
44,Gangaramaya Temple,Religious,Colombo,Colombo,3.1,0,500,6.9154,79.856,Low,Eclectic Buddhist temple,"temple,buddhist,religious",images/gangaramaya_temple.jpg
45,Gangaramaya Temple,Religious,Colombo,Colombo,3.1,0,500,6.9154,79.856,Low,Eclectic Buddhist temple,"temple,buddhist,religious",images/gangaramaya_temple.jpg
46,Gangaramaya Temple,Religious,Colombo,Colombo,4.3,0,500,6.9154,79.856,Low,Eclectic Buddhist temple,"temple,buddhist,religious",images/gangaramaya_temple.jpg
47,Gangaramaya Temple,Religious,Colombo,Colombo,3.7,0,500,6.9154,79.856,Low,Eclectic Buddhist temple,"temple,buddhist,religious",images/gangaramaya_temple.jpg
48,Gangaramaya Temple,Religious,Colombo,Colombo,3.1,0,500,6.9154,79.856,Low,Eclectic Buddhist temple,"temple,buddhist,religious",images/gangaramaya_temple.jpg
49,Gangaramaya Temple,Religious,Colombo,Colombo,5,0,500,6.9154,79.856,Low,Eclectic Buddhist temple,"temple,buddhist,religious",images/gangaramaya_temple.jpg
50,Gangaramaya Temple,Religious,Colombo,Colombo,4.3,0,500,6.9154,79.856,Low,Eclectic Buddhist temple,"temple,buddhist,religious",images/gangaramaya_temple.jpg
51,Gangaramaya Temple,Religious,Colombo,Colombo,4.9,0,500,6.9154,79.856,Low,Eclectic Buddhist temple,"temple,buddhist,religious",images/gangaramaya_temple.jpg
52,Gangaramaya Temple,Religious,Colombo,Colombo,4.9,0,500,6.9154,79.856,Low,Eclectic Buddhist temple,"temple,buddhist,religious",images/gangaramaya_temple.jpg
53,Gangaramaya Temple,Religious,Colombo,Colombo,4.5,0,500,6.9154,79.856,Low,Eclectic Buddhist temple,"temple,buddhist,religious",images/gangaramaya_temple.jpg
54,Gangaramaya Temple,Religious,Colombo,Colombo,3.7,0,500,6.9154,79.856,Low,Eclectic Buddhist temple,"temple,buddhist,religious",images/gangaramaya_temple.jpg
55,Gangaramaya Temple,Religious,Colombo,Colombo,4.6,0,500,6.9154,79.856,Low,Eclectic Buddhist temple,"temple,buddhist,religious",images/gangaramaya_temple.jpg
56,Gangaramaya Temple,Religious,Colombo,Colombo,4.7,0,500,6.9154,79.856,Low,Eclectic Buddhist temple,"temple,buddhist,religious",images/gangaramaya_temple.jpg
57,Gangaramaya Temple,Religious,Colombo,Colombo,3.6,0,500,6.9154,79.856,Low,Eclectic Buddhist temple,"temple,buddhist,religious",images/gangaramaya_temple.jpg
58,Gangaramaya Temple,Religious,Colombo,Colombo,3.2,0,500,6.9154,79.856,Low,Eclectic Buddhist temple,"temple,buddhist,religious",images/gangaramaya_temple.jpg
59,Gangaramaya Temple,Religious,Colombo,Colombo,3.7,0,500,6.9154,79.856,Low,Eclectic Buddhist temple,"temple,buddhist,religious",images/gangaramaya_temple.jpg
60,Gangaramaya Temple,Religious,Colombo,Colombo,4,0,500,6.9154,79.856,Low,Eclectic Buddhist temple,"temple,buddhist,religious",images/gangaramaya_temple.jpg
61,Gangaramaya Temple,Religious,Colombo,Colombo,4.2,0,500,6.9154,79.856,Low,Eclectic Buddhist temple,"temple,buddhist,religious",images/gangaramaya_temple.jpg
62,Gangaramaya Temple,Religious,Colombo,Colombo,4.1,0,500,6.9154,79.856,Low,Eclectic Buddhist temple,"temple,buddhist,religious",images/gangaramaya_temple.jpg
63,Gangaramaya Temple,Religious,Colombo,Colombo,4,0,500,6.9154,79.856,Low,Eclectic Buddhist temple,"temple,buddhist,religious",images/gangaramaya_temple.jpg
64,Gangaramaya Temple,Religious,Colombo,Colombo,3.9,0,500,6.9154,79.856,Low,Eclectic Buddhist temple,"temple,buddhist,religious",images/gangaramaya_temple.jpg
65,Gangaramaya Temple,Religious,Colombo,Colombo,3.5,0,500,6.9154,79.856,Low,Eclectic Buddhist temple,"temple,buddhist,religious",images/gangaramaya_temple.jpg
66,Gangaramaya Temple,Religious,Colombo,Colombo,4.9,0,500,6.9154,79.856,Low,Eclectic Buddhist temple,"temple,buddhist,religious",images/gangaramaya_temple.jpg
67,Gangaramaya Temple,Religious,Colombo,Colombo,4,0,500,6.9154,79.856,Low,Eclectic Buddhist temple,"temple,buddhist,religious",images/gangaramaya_temple.jpg
68,Gangaramaya Temple,Religious,Colombo,Colombo,4,0,500,6.9154,79.856,Low,Eclectic Buddhist temple,"temple,buddhist,religious",images/gangaramaya_temple.jpg
69,Gangaramaya Temple,Religious,Colombo,Colombo,4.8,0,500,6.9154,79.856,Low,Eclectic Buddhist temple,"temple,buddhist,religious",images/gangaramaya_temple.jpg
70,Gangaramaya Temple,Religious,Colombo,Colombo,4.4,0,500,6.9154,79.856,Low,Eclectic Buddhist temple,"temple,buddhist,religious",images/gangaramaya_temple.jpg
71,Gangaramaya Temple,Religious,Colombo,Colombo,3,0,500,6.9154,79.856,Low,Eclectic Buddhist temple,"temple,buddhist,religious",images/gangaramaya_temple.jpg
72,Gangaramaya Temple,Religious,Colombo,Colombo,3.9,0,500,6.9154,79.856,Low,Eclectic Buddhist temple,"temple,buddhist,religious",images/gangaramaya_temple.jpg
73,Gangaramaya Temple,Religious,Colombo,Colombo,4.5,0,500,6.9154,79.856,Low,Eclectic Buddhist temple,"temple,buddhist,religious",images/gangaramaya_temple.jpg
74,Gangaramaya Temple,Religious,Colombo,Colombo,4.6,0,500,6.9154,79.856,Low,Eclectic Buddhist temple,"temple,buddhist,religious",images/gangaramaya_temple.jpg
75,Gangaramaya Temple,Religious,Colombo,Colombo,3.8,0,500,6.9154,79.856,Low,Eclectic Buddhist temple,"temple,buddhist,religious",images/gangaramaya_temple.jpg
76,Gangaramaya Temple,Religious,Colombo,Colombo,3.7,0,500,6.9154,79.856,Low,Eclectic Buddhist temple,"temple,buddhist,religious",images/gangaramaya_temple.jpg
77,Gangaramaya Temple,Religious,Colombo,Colombo,3,0,500,6.9154,79.856,Low,Eclectic Buddhist temple,"temple,buddhist,religious",images/gangaramaya_temple.jpg
78,Gangaramaya Temple,Religious,Colombo,Colombo,4.4,0,500,6.9154,79.856,Low,Eclectic Buddhist temple,"temple,buddhist,religious",images/gangaramaya_temple.jpg
79,Gangaramaya Temple,Religious,Colombo,Colombo,4.6,0,500,6.9154,79.856,Low,Eclectic Buddhist temple,"temple,buddhist,religious",images/gangaramaya_temple.jpg
80,Gangaramaya Temple,Religious,Colombo,Colombo,3.6,0,500,6.9154,79.856,Low,Eclectic Buddhist temple,"temple,buddhist,religious",images/gangaramaya_temple.jpg
81,Gangaramaya Temple,Religious,Colombo,Colombo,4.5,0,500,6.9154,79.856,Low,Eclectic Buddhist temple,"temple,buddhist,religious",images/gangaramaya_temple.jpg
82,Gangaramaya Temple,Religious,Colombo,Colombo,4.4,0,500,6.9154,79.856,Low,Eclectic Buddhist temple,"temple,buddhist,religious",images/gangaramaya_temple.jpg
83,Gangaramaya Temple,Religious,Colombo,Colombo,3.8,0,500,6.9154,79.856,Low,Eclectic Buddhist temple,"temple,buddhist,religious",images/gangaramaya_temple.jpg
84,Gangaramaya Temple,Religious,Colombo,Colombo,4.7,0,500,6.9154,79.856,Low,Eclectic Buddhist temple,"temple,buddhist,religious",images/gangaramaya_temple.jpg
85,Gangaramaya Temple,Religious,Colombo,Colombo,3.7,0,500,6.9154,79.856,Low,Eclectic Buddhist temple,"temple,buddhist,religious",images/gangaramaya_temple.jpg
86,Gangaramaya Temple,Religious,Colombo,Colombo,4.8,0,500,6.9154,79.856,Low,Eclectic Buddhist temple,"temple,buddhist,religious",images/gangaramaya_temple.jpg
87,Gangaramaya Temple,Religious,Colombo,Colombo,4.8,0,500,6.9154,79.856,Low,Eclectic Buddhist temple,"temple,buddhist,religious",images/gangaramaya_temple.jpg
88,Gangaramaya Temple,Religious,Colombo,Colombo,4.3,0,500,6.9154,79.856,Low,Eclectic Buddhist temple,"temple,buddhist,religious",images/gangaramaya_temple.jpg
89,Gangaramaya Temple,Religious,Colombo,Colombo,3.3,0,500,6.9154,79.856,Low,Eclectic Buddhist temple,"temple,buddhist,religious",images/gangaramaya_temple.jpg
90,Gangaramaya Temple,Religious,Colombo,Colombo,4.8,0,500,6.9154,79.856,Low,Eclectic Buddhist temple,"temple,buddhist,religious",images/gangaramaya_temple.jpg
91,Gangaramaya Temple,Religious,Colombo,Colombo,3.9,0,500,6.9154,79.856,Low,Eclectic Buddhist temple,"temple,buddhist,religious",images/gangaramaya_temple.jpg
92,Gangaramaya Temple,Religious,Colombo,Colombo,4.9,0,500,6.9154,79.856,Low,Eclectic Buddhist temple,"temple,buddhist,religious",images/gangaramaya_temple.jpg
93,Gangaramaya Temple,Religious,Colombo,Colombo,4.7,0,500,6.9154,79.856,Low,Eclectic Buddhist temple,"temple,buddhist,religious",images/gangaramaya_temple.jpg
94,Gangaramaya Temple,Religious,Colombo,Colombo,4.1,0,500,6.9154,79.856,Low,Eclectic Buddhist temple,"temple,buddhist,religious",images/gangaramaya_temple.jpg
95,Gangaramaya Temple,Religious,Colombo,Colombo,4.1,0,500,6.9154,79.856,Low,Eclectic Buddhist temple,"temple,buddhist,religious",images/gangaramaya_temple.jpg
96,Gangaramaya Temple,Religious,Colombo,Colombo,3.4,0,500,6.9154,79.856,Low,Eclectic Buddhist temple,"temple,buddhist,religious",images/gangaramaya_temple.jpg
97,Gangaramaya Temple,Religious,Colombo,Colombo,4.6,0,500,6.9154,79.856,Low,Eclectic Buddhist temple,"temple,buddhist,religious",images/gangaramaya_temple.jpg
98,Gangaramaya Temple,Religious,Colombo,Colombo,3.1,0,500,6.9154,79.856,Low,Eclectic Buddhist temple,"temple,buddhist,religious",images/gangaramaya_temple.jpg
99,Gangaramaya Temple,Religious,Colombo,Colombo,3.6,0,500,6.9154,79.856,Low,Eclectic Buddhist temple,"temple,buddhist,religious",images/gangaramaya_temple.jpg
100,Gangaramaya Temple,Religious,Colombo,Colombo,3.7,0,500,6.9154,79.856,Low,Eclectic Buddhist temple,"temple,buddhist,religious",images/gangaramaya_temple.jpg
101,Gangaramaya Temple,Religious,Colombo,Colombo,4.3,0,500,6.9154,79.856,Low,Eclectic Buddhist temple,"temple,buddhist,religious",images/gangaramaya_temple.jpg
102,Gangaramaya Temple,Religious,Colombo,Colombo,4.1,0,500,6.9154,79.856,Low,Eclectic Buddhist temple,"temple,buddhist,religious",images/gangaramaya_temple.jpg
103,Gangaramaya Temple,Religious,Colombo,Colombo,3.4,0,500,6.9154,79.856,Low,Eclectic Buddhist temple,"temple,buddhist,religious",images/gangaramaya_temple.jpg
104,Gangaramaya Temple,Religious,Colombo,Colombo,4.7,0,500,6.9154,79.856,Low,Eclectic Buddhist temple,"temple,buddhist,religious",images/gangaramaya_temple.jpg
105,Gangaramaya Temple,Religious,Colombo,Colombo,4.4,0,500,6.9154,79.856,Low,Eclectic Buddhist temple,"temple,buddhist,religious",images/gangaramaya_temple.jpg
106,Gangaramaya Temple,Religious,Colombo,Colombo,4.4,0,500,6.9154,79.856,Low,Eclectic Buddhist temple,"temple,buddhist,religious",images/gangaramaya_temple.jpg
107,Gangaramaya Temple,Religious,Colombo,Colombo,3.8,0,500,6.9154,79.856,Low,Eclectic Buddhist temple,"temple,buddhist,religious",images/gangaramaya_temple.jpg
108,Gangaramaya Temple,Religious,Colombo,Colombo,4.8,0,500,6.9154,79.856,Low,Eclectic Buddhist temple,"temple,buddhist,religious",images/gangaramaya_temple.jpg
109,Gangaramaya Temple,Religious,Colombo,Colombo,3.9,0,500,6.9154,79.856,Low,Eclectic Buddhist temple,"temple,buddhist,religious",images/gangaramaya_temple.jpg
110,Gangaramaya Temple,Religious,Colombo,Colombo,3.4,0,500,6.9154,79.856,Low,Eclectic Buddhist temple,"temple,buddhist,religious",images/gangaramaya_temple.jpg
111,Gangaramaya Temple,Religious,Colombo,Colombo,3.4,0,500,6.9154,79.856,Low,Eclectic Buddhist temple,"temple,buddhist,religious",images/gangaramaya_temple.jpg
112,Gangaramaya Temple,Religious,Colombo,Colombo,4.6,0,500,6.9154,79.856,Low,Eclectic Buddhist temple,"temple,buddhist,religious",images/gangaramaya_temple.jpg
113,Gangaramaya Temple,Religious,Colombo,Colombo,4.8,0,500,6.9154,79.856,Low,Eclectic Buddhist temple,"temple,buddhist,religious",images/gangaramaya_temple.jpg
114,Gangaramaya Temple,Religious,Colombo,Colombo,4,0,500,6.9154,79.856,Low,Eclectic Buddhist temple,"temple,buddhist,religious",images/gangaramaya_temple.jpg
115,Gangaramaya Temple,Religious,Colombo,Colombo,4.8,0,500,6.9154,79.856,Low,Eclectic Buddhist temple,"temple,buddhist,religious",images/gangaramaya_temple.jpg
116,Gangaramaya Temple,Religious,Colombo,Colombo,3.4,0,500,6.9154,79.856,Low,Eclectic Buddhist temple,"temple,buddhist,religious",images/gangaramaya_temple.jpg
117,Gangaramaya Temple,Religious,Colombo,Colombo,4.5,0,500,6.9154,79.856,Low,Eclectic Buddhist temple,"temple,buddhist,religious",images/gangaramaya_temple.jpg
118,Gangaramaya Temple,Religious,Colombo,Colombo,4.6,0,500,6.9154,79.856,Low,Eclectic Buddhist temple,"temple,buddhist,religious",images/gangaramaya_temple.jpg
119,Gangaramaya Temple,Religious,Colombo,Colombo,4.5,0,500,6.9154,79.856,Low,Eclectic Buddhist temple,"temple,buddhist,religious",images/gangaramaya_temple.jpg
120,Gangaramaya Temple,Religious,Colombo,Colombo,4.6,0,500,6.9154,79.856,Low,Eclectic Buddhist temple,"temple,buddhist,religious",images/gangaramaya_temple.jpg
121,Gangaramaya Temple,Religious,Colombo,Colombo,3.4,0,500,6.9154,79.856,Low,Eclectic Buddhist temple,"temple,buddhist,religious",images/gangaramaya_temple.jpg
122,Gangaramaya Temple,Religious,Colombo,Colombo,3.9,0,500,6.9154,79.856,Low,Eclectic Buddhist temple,"temple,buddhist,religious",images/gangaramaya_temple.jpg
123,Gangaramaya Temple,Religious,Colombo,Colombo,3,0,500,6.9154,79.856,Low,Eclectic Buddhist temple,"temple,buddhist,religious",images/gangaramaya_temple.jpg
124,Gangaramaya Temple,Religious,Colombo,Colombo,4.4,0,500,6.9154,79.856,Low,Eclectic Buddhist temple,"temple,buddhist,religious",images/gangaramaya_temple.jpg
125,Gangaramaya Temple,Religious,Colombo,Colombo,3.7,0,500,6.9154,79.856,Low,Eclectic Buddhist temple,"temple,buddhist,religious",images/gangaramaya_temple.jpg
126,Gangaramaya Temple,Religious,Colombo,Colombo,3.2,0,500,6.9154,79.856,Low,Eclectic Buddhist temple,"temple,buddhist,religious",images/gangaramaya_temple.jpg
127,Gangaramaya Temple,Religious,Colombo,Colombo,3,0,500,6.9154,79.856,Low,Eclectic Buddhist temple,"temple,buddhist,religious",images/gangaramaya_temple.jpg
128,Gangaramaya Temple,Religious,Colombo,Colombo,4.3,0,500,6.9154,79.856,Low,Eclectic Buddhist temple,"temple,buddhist,religious",images/gangaramaya_temple.jpg
129,Gangaramaya Temple,Religious,Colombo,Colombo,3.6,0,500,6.9154,79.856,Low,Eclectic Buddhist temple,"temple,buddhist,religious",images/gangaramaya_temple.jpg
130,Gangaramaya Temple,Religious,Colombo,Colombo,3.6,0,500,6.9154,79.856,Low,Eclectic Buddhist temple,"temple,buddhist,religious",images/gangaramaya_temple.jpg
131,Gangaramaya Temple,Religious,Colombo,Colombo,4.5,0,500,6.9154,79.856,Low,Eclectic Buddhist temple,"temple,buddhist,religious",images/gangaramaya_temple.jpg
132,Gangaramaya Temple,Religious,Colombo,Colombo,3.5,0,500,6.9154,79.856,Low,Eclectic Buddhist temple,"temple,buddhist,religious",images/gangaramaya_temple.jpg
133,Gangaramaya Temple,Religious,Colombo,Colombo,3.5,0,500,6.9154,79.856,Low,Eclectic Buddhist temple,"temple,buddhist,religious",images/gangaramaya_temple.jpg
134,Gangaramaya Temple,Religious,Colombo,Colombo,4.9,0,500,6.9154,79.856,Low,Eclectic Buddhist temple,"temple,buddhist,religious",images/gangaramaya_temple.jpg
135,Gangaramaya Temple,Religious,Colombo,Colombo,3.4,0,500,6.9154,79.856,Low,Eclectic Buddhist temple,"temple,buddhist,religious",images/gangaramaya_temple.jpg
136,Gangaramaya Temple,Religious,Colombo,Colombo,4.1,0,500,6.9154,79.856,Low,Eclectic Buddhist temple,"temple,buddhist,religious",images/gangaramaya_temple.jpg
137,Gangaramaya Temple,Religious,Colombo,Colombo,3.3,0,500,6.9154,79.856,Low,Eclectic Buddhist temple,"temple,buddhist,religious",images/gangaramaya_temple.jpg
138,Gangaramaya Temple,Religious,Colombo,Colombo,4.1,0,500,6.9154,79.856,Low,Eclectic Buddhist temple,"temple,buddhist,religious",images/gangaramaya_temple.jpg
139,Gangaramaya Temple,Religious,Colombo,Colombo,3.1,0,500,6.9154,79.856,Low,Eclectic Buddhist temple,"temple,buddhist,religious",images/gangaramaya_temple.jpg
140,Gangaramaya Temple,Religious,Colombo,Colombo,4.1,0,500,6.9154,79.856,Low,Eclectic Buddhist temple,"temple,buddhist,religious",images/gangaramaya_temple.jpg
141,Gangaramaya Temple,Religious,Colombo,Colombo,3.3,0,500,6.9154,79.856,Low,Eclectic Buddhist temple,"temple,buddhist,religious",images/gangaramaya_temple.jpg
142,Gangaramaya Temple,Religious,Colombo,Colombo,4.8,0,500,6.9154,79.856,Low,Eclectic Buddhist temple,"temple,buddhist,religious",images/gangaramaya_temple.jpg
143,Gangaramaya Temple,Religious,Colombo,Colombo,3.2,0,500,6.9154,79.856,Low,Eclectic Buddhist temple,"temple,buddhist,religious",images/gangaramaya_temple.jpg
144,Gangaramaya Temple,Religious,Colombo,Colombo,3.2,0,500,6.9154,79.856,Low,Eclectic Buddhist temple,"temple,buddhist,religious",images/gangaramaya_temple.jpg
145,Gangaramaya Temple,Religious,Colombo,Colombo,3.4,0,500,6.9154,79.856,Low,Eclectic Buddhist temple,"temple,buddhist,religious",images/gangaramaya_temple.jpg
146,Gangaramaya Temple,Religious,Colombo,Colombo,4.2,0,500,6.9154,79.856,Low,Eclectic Buddhist temple,"temple,buddhist,religious",images/gangaramaya_temple.jpg
147,Gangaramaya Temple,Religious,Colombo,Colombo,3.7,0,500,6.9154,79.856,Low,Eclectic Buddhist temple,"temple,buddhist,religious",images/gangaramaya_temple.jpg
148,Gangaramaya Temple,Religious,Colombo,Colombo,4.4,0,500,6.9154,79.856,Low,Eclectic Buddhist temple,"temple,buddhist,religious",images/gangaramaya_temple.jpg
149,Gangaramaya Temple,Religious,Colombo,Colombo,4.9,0,500,6.9154,79.856,Low,Eclectic Buddhist temple,"temple,buddhist,religious",images/gangaramaya_temple.jpg
150,Gangaramaya Temple,Religious,Colombo,Colombo,4.1,0,500,6.9154,79.856,Low,Eclectic Buddhist temple,"temple,buddhist,religious",images/gangaramaya_temple.jpg
151,Gangaramaya Temple,Religious,Colombo,Colombo,4.6,0,500,6.9154,79.856,Low,Eclectic Buddhist temple,"temple,buddhist,religious",images/gangaramaya_temple.jpg
152,Gangaramaya Temple,Religious,Colombo,Colombo,3.2,0,500,6.9154,79.856,Low,Eclectic Buddhist temple,"temple,buddhist,religious",images/gangaramaya_temple.jpg
153,Gangaramaya Temple,Religious,Colombo,Colombo,4.4,0,500,6.9154,79.856,Low,Eclectic Buddhist temple,"temple,buddhist,religious",images/gangaramaya_temple.jpg
154,Gangaramaya Temple,Religious,Colombo,Colombo,3.9,0,500,6.9154,79.856,Low,Eclectic Buddhist temple,"temple,buddhist,religious",images/gangaramaya_temple.jpg
155,Gangaramaya Temple,Religious,Colombo,Colombo,3.3,0,500,6.9154,79.856,Low,Eclectic Buddhist temple,"temple,buddhist,religious",images/gangaramaya_temple.jpg
156,Gangaramaya Temple,Religious,Colombo,Colombo,4.8,0,500,6.9154,79.856,Low,Eclectic Buddhist temple,"temple,buddhist,religious",images/gangaramaya_temple.jpg
157,Gangaramaya Temple,Religious,Colombo,Colombo,3.4,0,500,6.9154,79.856,Low,Eclectic Buddhist temple,"temple,buddhist,religious",images/gangaramaya_temple.jpg
158,Gangaramaya Temple,Religious,Colombo,Colombo,4.6,0,500,6.9154,79.856,Low,Eclectic Buddhist temple,"temple,buddhist,religious",images/gangaramaya_temple.jpg
159,Gangaramaya Temple,Religious,Colombo,Colombo,3.9,0,500,6.9154,79.856,Low,Eclectic Buddhist temple,"temple,buddhist,religious",images/gangaramaya_temple.jpg
160,Gangaramaya Temple,Religious,Colombo,Colombo,3.1,0,500,6.9154,79.856,Low,Eclectic Buddhist temple,"temple,buddhist,religious",images/gangaramaya_temple.jpg
161,Gangaramaya Temple,Religious,Colombo,Colombo,3.7,0,500,6.9154,79.856,Low,Eclectic Buddhist temple,"temple,buddhist,religious",images/gangaramaya_temple.jpg
162,Gangaramaya Temple,Religious,Colombo,Colombo,4.7,0,500,6.9154,79.856,Low,Eclectic Buddhist temple,"temple,buddhist,religious",images/gangaramaya_temple.jpg
163,Gangaramaya Temple,Religious,Colombo,Colombo,4.5,0,500,6.9154,79.856,Low,Eclectic Buddhist temple,"temple,buddhist,religious",images/gangaramaya_temple.jpg
164,Gangaramaya Temple,Religious,Colombo,Colombo,4,0,500,6.9154,79.856,Low,Eclectic Buddhist temple,"temple,buddhist,religious",images/gangaramaya_temple.jpg
165,Gangaramaya Temple,Religious,Colombo,Colombo,4.6,0,500,6.9154,79.856,Low,Eclectic Buddhist temple,"temple,buddhist,religious",images/gangaramaya_temple.jpg
166,Gangaramaya Temple,Religious,Colombo,Colombo,3.7,0,500,6.9154,79.856,Low,Eclectic Buddhist temple,"temple,buddhist,religious",images/gangaramaya_temple.jpg
167,Gangaramaya Temple,Religious,Colombo,Colombo,4.6,0,500,6.9154,79.856,Low,Eclectic Buddhist temple,"temple,buddhist,religious",images/gangaramaya_temple.jpg
168,Gangaramaya Temple,Religious,Colombo,Colombo,3.8,0,500,6.9154,79.856,Low,Eclectic Buddhist temple,"temple,buddhist,religious",images/gangaramaya_temple.jpg
169,Gangaramaya Temple,Religious,Colombo,Colombo,3.5,0,500,6.9154,79.856,Low,Eclectic Buddhist temple,"temple,buddhist,religious",images/gangaramaya_temple.jpg
170,Gangaramaya Temple,Religious,Colombo,Colombo,4.1,0,500,6.9154,79.856,Low,Eclectic Buddhist temple,"temple,buddhist,religious",images/gangaramaya_temple.jpg
171,Gangaramaya Temple,Religious,Colombo,Colombo,3.8,0,500,6.9154,79.856,Low,Eclectic Buddhist temple,"temple,buddhist,religious",images/gangaramaya_temple.jpg
172,Gangaramaya Temple,Religious,Colombo,Colombo,3.4,0,500,6.9154,79.856,Low,Eclectic Buddhist temple,"temple,buddhist,religious",images/gangaramaya_temple.jpg
173,Gangaramaya Temple,Religious,Colombo,Colombo,4.6,0,500,6.9154,79.856,Low,Eclectic Buddhist temple,"temple,buddhist,religious",images/gangaramaya_temple.jpg
174,Gangaramaya Temple,Religious,Colombo,Colombo,4.1,0,500,6.9154,79.856,Low,Eclectic Buddhist temple,"temple,buddhist,religious",images/gangaramaya_temple.jpg
175,Gangaramaya Temple,Religious,Colombo,Colombo,4.1,0,500,6.9154,79.856,Low,Eclectic Buddhist temple,"temple,buddhist,religious",images/gangaramaya_temple.jpg
176,Gangaramaya Temple,Religious,Colombo,Colombo,3.3,0,500,6.9154,79.856,Low,Eclectic Buddhist temple,"temple,buddhist,religious",images/gangaramaya_temple.jpg
177,Gangaramaya Temple,Religious,Colombo,Colombo,4.5,0,500,6.9154,79.856,Low,Eclectic Buddhist temple,"temple,buddhist,religious",images/gangaramaya_temple.jpg
178,Gangaramaya Temple,Religious,Colombo,Colombo,3.2,0,500,6.9154,79.856,Low,Eclectic Buddhist temple,"temple,buddhist,religious",images/gangaramaya_temple.jpg
179,Gangaramaya Temple,Religious,Colombo,Colombo,3.7,0,500,6.9154,79.856,Low,Eclectic Buddhist temple,"temple,buddhist,religious",images/gangaramaya_temple.jpg
180,Gangaramaya Temple,Religious,Colombo,Colombo,4.6,0,500,6.9154,79.856,Low,Eclectic Buddhist temple,"temple,buddhist,religious",images/gangaramaya_temple.jpg
181,Gangaramaya Temple,Religious,Colombo,Colombo,3.6,0,500,6.9154,79.856,Low,Eclectic Buddhist temple,"temple,buddhist,religious",images/gangaramaya_temple.jpg
182,Gangaramaya Temple,Religious,Colombo,Colombo,3.1,0,500,6.9154,79.856,Low,Eclectic Buddhist temple,"temple,buddhist,religious",images/gangaramaya_temple.jpg
183,Gangaramaya Temple,Religious,Colombo,Colombo,4.4,0,500,6.9154,79.856,Low,Eclectic Buddhist temple,"temple,buddhist,religious",images/gangaramaya_temple.jpg
184,Gangaramaya Temple,Religious,Colombo,Colombo,3.7,0,500,6.9154,79.856,Low,Eclectic Buddhist temple,"temple,buddhist,religious",images/gangaramaya_temple.jpg
185,Gangaramaya Temple,Religious,Colombo,Colombo,3.2,0,500,6.9154,79.856,Low,Eclectic Buddhist temple,"temple,buddhist,religious",images/gangaramaya_temple.jpg
186,Gangaramaya Temple,Religious,Colombo,Colombo,4.8,0,500,6.9154,79.856,Low,Eclectic Buddhist temple,"temple,buddhist,religious",images/gangaramaya_temple.jpg
187,Gangaramaya Temple,Religious,Colombo,Colombo,4.5,0,500,6.9154,79.856,Low,Eclectic Buddhist temple,"temple,buddhist,religious",images/gangaramaya_temple.jpg
188,Gangaramaya Temple,Religious,Colombo,Colombo,3.9,0,500,6.9154,79.856,Low,Eclectic Buddhist temple,"temple,buddhist,religious",images/gangaramaya_temple.jpg
189,Gangaramaya Temple,Religious,Colombo,Colombo,3.8,0,500,6.9154,79.856,Low,Eclectic Buddhist temple,"temple,buddhist,religious",images/gangaramaya_temple.jpg
190,Gangaramaya Temple,Religious,Colombo,Colombo,3.4,0,500,6.9154,79.856,Low,Eclectic Buddhist temple,"temple,buddhist,religious",images/gangaramaya_temple.jpg
191,Gangaramaya Temple,Religious,Colombo,Colombo,3.6,0,500,6.9154,79.856,Low,Eclectic Buddhist temple,"temple,buddhist,religious",images/gangaramaya_temple.jpg
192,Gangaramaya Temple,Religious,Colombo,Colombo,4.8,0,500,6.9154,79.856,Low,Eclectic Buddhist temple,"temple,buddhist,religious",images/gangaramaya_temple.jpg
193,Gangaramaya Temple,Religious,Colombo,Colombo,4.4,0,500,6.9154,79.856,Low,Eclectic Buddhist temple,"temple,buddhist,religious",images/gangaramaya_temple.jpg
194,Gangaramaya Temple,Religious,Colombo,Colombo,5,0,500,6.9154,79.856,Low,Eclectic Buddhist temple,"temple,buddhist,religious",images/gangaramaya_temple.jpg
195,Gangaramaya Temple,Religious,Colombo,Colombo,4.2,0,500,6.9154,79.856,Low,Eclectic Buddhist temple,"temple,buddhist,religious",images/gangaramaya_temple.jpg
196,Gangaramaya Temple,Religious,Colombo,Colombo,4.7,0,500,6.9154,79.856,Low,Eclectic Buddhist temple,"temple,buddhist,religious",images/gangaramaya_temple.jpg
197,Gangaramaya Temple,Religious,Colombo,Colombo,3.1,0,500,6.9154,79.856,Low,Eclectic Buddhist temple,"temple,buddhist,religious",images/gangaramaya_temple.jpg
198,Gangaramaya Temple,Religious,Colombo,Colombo,3,0,500,6.9154,79.856,Low,Eclectic Buddhist temple,"temple,buddhist,religious",images/gangaramaya_temple.jpg
199,Gangaramaya Temple,Religious,Colombo,Colombo,3.2,0,500,6.9154,79.856,Low,Eclectic Buddhist temple,"temple,buddhist,religious",images/gangaramaya_temple.jpg
200,Gangaramaya Temple,Religious,Colombo,Colombo,4.7,0,500,6.9154,79.856,Low,Eclectic Buddhist temple,"temple,buddhist,religious",images/gangaramaya_temple.jpg
201,Gangaramaya Temple,Religious,Colombo,Colombo,3.9,0,500,6.9154,79.856,Low,Eclectic Buddhist temple,"temple,buddhist,religious",images/gangaramaya_temple.jpg
202,Gangaramaya Temple,Religious,Colombo,Colombo,4.3,0,500,6.9154,79.856,Low,Eclectic Buddhist temple,"temple,buddhist,religious",images/gangaramaya_temple.jpg
203,Gangaramaya Temple,Religious,Colombo,Colombo,3.8,0,500,6.9154,79.856,Low,Eclectic Buddhist temple,"temple,buddhist,religious",images/gangaramaya_temple.jpg
204,Gangaramaya Temple,Religious,Colombo,Colombo,4.1,0,500,6.9154,79.856,Low,Eclectic Buddhist temple,"temple,buddhist,religious",images/gangaramaya_temple.jpg
205,Gangaramaya Temple,Religious,Colombo,Colombo,3.9,0,500,6.9154,79.856,Low,Eclectic Buddhist temple,"temple,buddhist,religious",images/gangaramaya_temple.jpg
206,Gangaramaya Temple,Religious,Colombo,Colombo,4.1,0,500,6.9154,79.856,Low,Eclectic Buddhist temple,"temple,buddhist,religious",images/gangaramaya_temple.jpg
207,Gangaramaya Temple,Religious,Colombo,Colombo,4.7,0,500,6.9154,79.856,Low,Eclectic Buddhist temple,"temple,buddhist,religious",images/gangaramaya_temple.jpg
208,Gangaramaya Temple,Religious,Colombo,Colombo,3.6,0,500,6.9154,79.856,Low,Eclectic Buddhist temple,"temple,buddhist,religious",images/gangaramaya_temple.jpg
209,Gangaramaya Temple,Religious,Colombo,Colombo,3.3,0,500,6.9154,79.856,Low,Eclectic Buddhist temple,"temple,buddhist,religious",images/gangaramaya_temple.jpg
210,Gangaramaya Temple,Religious,Colombo,Colombo,4.3,0,500,6.9154,79.856,Low,Eclectic Buddhist temple,"temple,buddhist,religious",images/gangaramaya_temple.jpg
211,Gangaramaya Temple,Religious,Colombo,Colombo,4.4,0,500,6.9154,79.856,Low,Eclectic Buddhist temple,"temple,buddhist,religious",images/gangaramaya_temple.jpg
212,Gangaramaya Temple,Religious,Colombo,Colombo,4.3,0,500,6.9154,79.856,Low,Eclectic Buddhist temple,"temple,buddhist,religious",images/gangaramaya_temple.jpg
213,Gangaramaya Temple,Religious,Colombo,Colombo,3.2,0,500,6.9154,79.856,Low,Eclectic Buddhist temple,"temple,buddhist,religious",images/gangaramaya_temple.jpg
214,Gangaramaya Temple,Religious,Colombo,Colombo,4.7,0,500,6.9154,79.856,Low,Eclectic Buddhist temple,"temple,buddhist,religious",images/gangaramaya_temple.jpg
215,Gangaramaya Temple,Religious,Colombo,Colombo,4.2,0,500,6.9154,79.856,Low,Eclectic Buddhist temple,"temple,buddhist,religious",images/gangaramaya_temple.jpg
216,Gangaramaya Temple,Religious,Colombo,Colombo,4,0,500,6.9154,79.856,Low,Eclectic Buddhist temple,"temple,buddhist,religious",images/gangaramaya_temple.jpg
217,Gangaramaya Temple,Religious,Colombo,Colombo,3.8,0,500,6.9154,79.856,Low,Eclectic Buddhist temple,"temple,buddhist,religious",images/gangaramaya_temple.jpg
218,Gangaramaya Temple,Religious,Colombo,Colombo,3.4,0,500,6.9154,79.856,Low,Eclectic Buddhist temple,"temple,buddhist,religious",images/gangaramaya_temple.jpg
219,Gangaramaya Temple,Religious,Colombo,Colombo,4.2,0,500,6.9154,79.856,Low,Eclectic Buddhist temple,"temple,buddhist,religious",images/gangaramaya_temple.jpg
220,Gangaramaya Temple,Religious,Colombo,Colombo,4.4,0,500,6.9154,79.856,Low,Eclectic Buddhist temple,"temple,buddhist,religious",images/gangaramaya_temple.jpg
1,Galle Fort,Historical,Galle,Galle,4.1,0,1000,6.0296,80.217,Low,UNESCO World Heritage Dutch colonial fort,"UNESCO,fort,colonial,historical",
2,Unawatuna Beach,Beach,Galle,Galle,4.6,300,1500,6.009,80.249,Low,Sheltered bay with coral reefs,"beach,coral,snorkeling,relaxation",
3,Hikkaduwa Beach,Beach,Galle,Galle,4.8,400,1800,6.1391,80.1027,Low,Vibrant beach with coral sanctuary,"beach,coral,surf,turtle",
4,Jungle Beach,Beach,Galle,Galle,3.8,200,800,6.0167,80.25,Low,Hidden beach accessible by foot,"beach,hidden,secret,nature",
5,Rumassala,Nature,Galle,Galle,3.7,0,500,6.0167,80.2333,Low,Hill with medicinal herbs and ocean views,"hill,herbs,nature,scenic",
6,Japanese Peace Pagoda,Religious,Galle,Galle,3.8,0,400,6.0333,80.2333,Low,White Buddhist pagoda with ocean view,"pagoda,buddhist,peace,scenic,religious",
7,Koggala Lake,Nature,Galle,Galle,3.9,500,1500,5.9833,80.3333,Medium,Scenic lake with boat rides and bird watching,"lake,birds,boat,nature",
8,Martin Wickramasinghe Museum,Historical,Galle,Galle,4.1,200,600,5.9667,80.35,Low,Cultural museum of famous Sri Lankan author,"museum,culture,historical,literary",
9,Jungle Beach,Beach,Galle,Galle,3.8,200,800,6.0167,80.25,Low,Hidden beach accessible by foot,"beach,hidden,secret,nature",
10,Jungle Beach,Beach,Galle,Galle,3.1,200,800,6.0167,80.25,Low,Hidden beach accessible by foot,"beach,hidden,secret,nature",
11,Martin Wickramasinghe Museum,Historical,Galle,Galle,3.1,200,600,5.9667,80.35,Low,Cultural museum of famous Sri Lankan author,"museum,culture,historical,literary",
12,Koggala Lake,Nature,Galle,Galle,3.3,500,1500,5.9833,80.3333,Medium,Scenic lake with boat rides and bird watching,"lake,birds,boat,nature",
13,Martin Wickramasinghe Museum,Historical,Galle,Galle,3.4,200,600,5.9667,80.35,Low,Cultural museum of famous Sri Lankan author,"museum,culture,historical,literary",
14,Japanese Peace Pagoda,Religious,Galle,Galle,3.3,0,400,6.0333,80.2333,Low,White Buddhist pagoda with ocean view,"pagoda,buddhist,peace,scenic,religious",
15,Jungle Beach,Beach,Galle,Galle,4.3,200,800,6.0167,80.25,Low,Hidden beach accessible by foot,"beach,hidden,secret,nature",
16,Rumassala,Nature,Galle,Galle,3.4,0,500,6.0167,80.2333,Low,Hill with medicinal herbs and ocean views,"hill,herbs,nature,scenic",
17,Hikkaduwa Beach,Beach,Galle,Galle,3.1,400,1800,6.1391,80.1027,Low,Vibrant beach with coral sanctuary,"beach,coral,surf,turtle",
18,Galle Fort,Historical,Galle,Galle,3.6,0,1000,6.0296,80.217,Low,UNESCO World Heritage Dutch colonial fort,"UNESCO,fort,colonial,historical",
19,Unawatuna Beach,Beach,Galle,Galle,4.7,300,1500,6.009,80.249,Low,Sheltered bay with coral reefs,"beach,coral,snorkeling,relaxation",
20,Martin Wickramasinghe Museum,Historical,Galle,Galle,3.8,200,600,5.9667,80.35,Low,Cultural museum of famous Sri Lankan author,"museum,culture,historical,literary",
21,Japanese Peace Pagoda,Religious,Galle,Galle,3.4,0,400,6.0333,80.2333,Low,White Buddhist pagoda with ocean view,"pagoda,buddhist,peace,scenic,religious",
22,Rumassala,Nature,Galle,Galle,4.2,0,500,6.0167,80.2333,Low,Hill with medicinal herbs and ocean views,"hill,herbs,nature,scenic",
23,Hikkaduwa Beach,Beach,Galle,Galle,4.2,400,1800,6.1391,80.1027,Low,Vibrant beach with coral sanctuary,"beach,coral,surf,turtle",
24,Jungle Beach,Beach,Galle,Galle,3.2,200,800,6.0167,80.25,Low,Hidden beach accessible by foot,"beach,hidden,secret,nature",
25,Martin Wickramasinghe Museum,Historical,Galle,Galle,4.7,200,600,5.9667,80.35,Low,Cultural museum of famous Sri Lankan author,"museum,culture,historical,literary",
26,Jungle Beach,Beach,Galle,Galle,4.2,200,800,6.0167,80.25,Low,Hidden beach accessible by foot,"beach,hidden,secret,nature",
27,Martin Wickramasinghe Museum,Historical,Galle,Galle,3.6,200,600,5.9667,80.35,Low,Cultural museum of famous Sri Lankan author,"museum,culture,historical,literary",
28,Koggala Lake,Nature,Galle,Galle,4.5,500,1500,5.9833,80.3333,Medium,Scenic lake with boat rides and bird watching,"lake,birds,boat,nature",
29,Jungle Beach,Beach,Galle,Galle,3.5,200,800,6.0167,80.25,Low,Hidden beach accessible by foot,"beach,hidden,secret,nature",
30,Koggala Lake,Nature,Galle,Galle,4.2,500,1500,5.9833,80.3333,Medium,Scenic lake with boat rides and bird watching,"lake,birds,boat,nature",
31,Hikkaduwa Beach,Beach,Galle,Galle,4.8,400,1800,6.1391,80.1027,Low,Vibrant beach with coral sanctuary,"beach,coral,surf,turtle",
32,Galle Fort,Historical,Galle,Galle,3.8,0,1000,6.0296,80.217,Low,UNESCO World Heritage Dutch colonial fort,"UNESCO,fort,colonial,historical",
33,Galle Fort,Historical,Galle,Galle,3.1,0,1000,6.0296,80.217,Low,UNESCO World Heritage Dutch colonial fort,"UNESCO,fort,colonial,historical",
34,Martin Wickramasinghe Museum,Historical,Galle,Galle,4.5,200,600,5.9667,80.35,Low,Cultural museum of famous Sri Lankan author,"museum,culture,historical,literary",
35,Galle Fort,Historical,Galle,Galle,3.9,0,1000,6.0296,80.217,Low,UNESCO World Heritage Dutch colonial fort,"UNESCO,fort,colonial,historical",
36,Koggala Lake,Nature,Galle,Galle,4,500,1500,5.9833,80.3333,Medium,Scenic lake with boat rides and bird watching,"lake,birds,boat,nature",
37,Unawatuna Beach,Beach,Galle,Galle,3.9,300,1500,6.009,80.249,Low,Sheltered bay with coral reefs,"beach,coral,snorkeling,relaxation",
38,Jungle Beach,Beach,Galle,Galle,3.2,200,800,6.0167,80.25,Low,Hidden beach accessible by foot,"beach,hidden,secret,nature",
39,Galle Fort,Historical,Galle,Galle,4.4,0,1000,6.0296,80.217,Low,UNESCO World Heritage Dutch colonial fort,"UNESCO,fort,colonial,historical",
40,Koggala Lake,Nature,Galle,Galle,4.9,500,1500,5.9833,80.3333,Medium,Scenic lake with boat rides and bird watching,"lake,birds,boat,nature",
41,Hikkaduwa Beach,Beach,Galle,Galle,3.7,400,1800,6.1391,80.1027,Low,Vibrant beach with coral sanctuary,"beach,coral,surf,turtle",
42,Jungle Beach,Beach,Galle,Galle,4.3,200,800,6.0167,80.25,Low,Hidden beach accessible by foot,"beach,hidden,secret,nature",
43,Unawatuna Beach,Beach,Galle,Galle,3,300,1500,6.009,80.249,Low,Sheltered bay with coral reefs,"beach,coral,snorkeling,relaxation",
44,Rumassala,Nature,Galle,Galle,3.3,0,500,6.0167,80.2333,Low,Hill with medicinal herbs and ocean views,"hill,herbs,nature,scenic",
45,Martin Wickramasinghe Museum,Historical,Galle,Galle,4.7,200,600,5.9667,80.35,Low,Cultural museum of famous Sri Lankan author,"museum,culture,historical,literary",
46,Galle Fort,Historical,Galle,Galle,5,0,1000,6.0296,80.217,Low,UNESCO World Heritage Dutch colonial fort,"UNESCO,fort,colonial,historical",
47,Martin Wickramasinghe Museum,Historical,Galle,Galle,4.5,200,600,5.9667,80.35,Low,Cultural museum of famous Sri Lankan author,"museum,culture,historical,literary",
48,Koggala Lake,Nature,Galle,Galle,3.4,500,1500,5.9833,80.3333,Medium,Scenic lake with boat rides and bird watching,"lake,birds,boat,nature",
49,Japanese Peace Pagoda,Religious,Galle,Galle,4.3,0,400,6.0333,80.2333,Low,White Buddhist pagoda with ocean view,"pagoda,buddhist,peace,scenic,religious",
50,Galle Fort,Historical,Galle,Galle,4.7,0,1000,6.0296,80.217,Low,UNESCO World Heritage Dutch colonial fort,"UNESCO,fort,colonial,historical",
51,Unawatuna Beach,Beach,Galle,Galle,3.8,300,1500,6.009,80.249,Low,Sheltered bay with coral reefs,"beach,coral,snorkeling,relaxation",
52,Japanese Peace Pagoda,Religious,Galle,Galle,4.1,0,400,6.0333,80.2333,Low,White Buddhist pagoda with ocean view,"pagoda,buddhist,peace,scenic,religious",
53,Rumassala,Nature,Galle,Galle,3.9,0,500,6.0167,80.2333,Low,Hill with medicinal herbs and ocean views,"hill,herbs,nature,scenic",
54,Rumassala,Nature,Galle,Galle,4.4,0,500,6.0167,80.2333,Low,Hill with medicinal herbs and ocean views,"hill,herbs,nature,scenic",
55,Jungle Beach,Beach,Galle,Galle,4.6,200,800,6.0167,80.25,Low,Hidden beach accessible by foot,"beach,hidden,secret,nature",
56,Unawatuna Beach,Beach,Galle,Galle,4.2,300,1500,6.009,80.249,Low,Sheltered bay with coral reefs,"beach,coral,snorkeling,relaxation",
57,Japanese Peace Pagoda,Religious,Galle,Galle,4.5,0,400,6.0333,80.2333,Low,White Buddhist pagoda with ocean view,"pagoda,buddhist,peace,scenic,religious",
58,Galle Fort,Historical,Galle,Galle,4,0,1000,6.0296,80.217,Low,UNESCO World Heritage Dutch colonial fort,"UNESCO,fort,colonial,historical",
59,Japanese Peace Pagoda,Religious,Galle,Galle,4.8,0,400,6.0333,80.2333,Low,White Buddhist pagoda with ocean view,"pagoda,buddhist,peace,scenic,religious",
60,Unawatuna Beach,Beach,Galle,Galle,3.8,300,1500,6.009,80.249,Low,Sheltered bay with coral reefs,"beach,coral,snorkeling,relaxation",
61,Martin Wickramasinghe Museum,Historical,Galle,Galle,4.2,200,600,5.9667,80.35,Low,Cultural museum of famous Sri Lankan author,"museum,culture,historical,literary",
62,Japanese Peace Pagoda,Religious,Galle,Galle,3.7,0,400,6.0333,80.2333,Low,White Buddhist pagoda with ocean view,"pagoda,buddhist,peace,scenic,religious",
63,Unawatuna Beach,Beach,Galle,Galle,4.1,300,1500,6.009,80.249,Low,Sheltered bay with coral reefs,"beach,coral,snorkeling,relaxation",
64,Jungle Beach,Beach,Galle,Galle,3.3,200,800,6.0167,80.25,Low,Hidden beach accessible by foot,"beach,hidden,secret,nature",
65,Japanese Peace Pagoda,Religious,Galle,Galle,3.5,0,400,6.0333,80.2333,Low,White Buddhist pagoda with ocean view,"pagoda,buddhist,peace,scenic,religious",
66,Unawatuna Beach,Beach,Galle,Galle,4.3,300,1500,6.009,80.249,Low,Sheltered bay with coral reefs,"beach,coral,snorkeling,relaxation",
67,Jungle Beach,Beach,Galle,Galle,4.5,200,800,6.0167,80.25,Low,Hidden beach accessible by foot,"beach,hidden,secret,nature",
68,Jungle Beach,Beach,Galle,Galle,3.6,200,800,6.0167,80.25,Low,Hidden beach accessible by foot,"beach,hidden,secret,nature",
69,Rumassala,Nature,Galle,Galle,4,0,500,6.0167,80.2333,Low,Hill with medicinal herbs and ocean views,"hill,herbs,nature,scenic",
70,Koggala Lake,Nature,Galle,Galle,3.6,500,1500,5.9833,80.3333,Medium,Scenic lake with boat rides and bird watching,"lake,birds,boat,nature",
71,Unawatuna Beach,Beach,Galle,Galle,3.7,300,1500,6.009,80.249,Low,Sheltered bay with coral reefs,"beach,coral,snorkeling,relaxation",
72,Martin Wickramasinghe Museum,Historical,Galle,Galle,4,200,600,5.9667,80.35,Low,Cultural museum of famous Sri Lankan author,"museum,culture,historical,literary",
73,Unawatuna Beach,Beach,Galle,Galle,3.9,300,1500,6.009,80.249,Low,Sheltered bay with coral reefs,"beach,coral,snorkeling,relaxation",
74,Rumassala,Nature,Galle,Galle,3.9,0,500,6.0167,80.2333,Low,Hill with medicinal herbs and ocean views,"hill,herbs,nature,scenic",
75,Japanese Peace Pagoda,Religious,Galle,Galle,4.6,0,400,6.0333,80.2333,Low,White Buddhist pagoda with ocean view,"pagoda,buddhist,peace,scenic,religious",
76,Unawatuna Beach,Beach,Galle,Galle,3.4,300,1500,6.009,80.249,Low,Sheltered bay with coral reefs,"beach,coral,snorkeling,relaxation",
77,Martin Wickramasinghe Museum,Historical,Galle,Galle,3.2,200,600,5.9667,80.35,Low,Cultural museum of famous Sri Lankan author,"museum,culture,historical,literary",
78,Koggala Lake,Nature,Galle,Galle,4.8,500,1500,5.9833,80.3333,Medium,Scenic lake with boat rides and bird watching,"lake,birds,boat,nature",
79,Rumassala,Nature,Galle,Galle,4.9,0,500,6.0167,80.2333,Low,Hill with medicinal herbs and ocean views,"hill,herbs,nature,scenic",
80,Unawatuna Beach,Beach,Galle,Galle,3.2,300,1500,6.009,80.249,Low,Sheltered bay with coral reefs,"beach,coral,snorkeling,relaxation",
81,Rumassala,Nature,Galle,Galle,3.2,0,500,6.0167,80.2333,Low,Hill with medicinal herbs and ocean views,"hill,herbs,nature,scenic",
82,Hikkaduwa Beach,Beach,Galle,Galle,4,400,1800,6.1391,80.1027,Low,Vibrant beach with coral sanctuary,"beach,coral,surf,turtle",
83,Jungle Beach,Beach,Galle,Galle,4,200,800,6.0167,80.25,Low,Hidden beach accessible by foot,"beach,hidden,secret,nature",
84,Galle Fort,Historical,Galle,Galle,3.6,0,1000,6.0296,80.217,Low,UNESCO World Heritage Dutch colonial fort,"UNESCO,fort,colonial,historical",
85,Hikkaduwa Beach,Beach,Galle,Galle,3.9,400,1800,6.1391,80.1027,Low,Vibrant beach with coral sanctuary,"beach,coral,surf,turtle",
86,Koggala Lake,Nature,Galle,Galle,3.9,500,1500,5.9833,80.3333,Medium,Scenic lake with boat rides and bird watching,"lake,birds,boat,nature",
87,Galle Fort,Historical,Galle,Galle,3.6,0,1000,6.0296,80.217,Low,UNESCO World Heritage Dutch colonial fort,"UNESCO,fort,colonial,historical",
88,Unawatuna Beach,Beach,Galle,Galle,3,300,1500,6.009,80.249,Low,Sheltered bay with coral reefs,"beach,coral,snorkeling,relaxation",
89,Jungle Beach,Beach,Galle,Galle,4.7,200,800,6.0167,80.25,Low,Hidden beach accessible by foot,"beach,hidden,secret,nature",
90,Japanese Peace Pagoda,Religious,Galle,Galle,3.8,0,400,6.0333,80.2333,Low,White Buddhist pagoda with ocean view,"pagoda,buddhist,peace,scenic,religious",
91,Japanese Peace Pagoda,Religious,Galle,Galle,4.3,0,400,6.0333,80.2333,Low,White Buddhist pagoda with ocean view,"pagoda,buddhist,peace,scenic,religious",
92,Japanese Peace Pagoda,Religious,Galle,Galle,4,0,400,6.0333,80.2333,Low,White Buddhist pagoda with ocean view,"pagoda,buddhist,peace,scenic,religious",
93,Martin Wickramasinghe Museum,Historical,Galle,Galle,3.9,200,600,5.9667,80.35,Low,Cultural museum of famous Sri Lankan author,"museum,culture,historical,literary",
94,Hikkaduwa Beach,Beach,Galle,Galle,4.8,400,1800,6.1391,80.1027,Low,Vibrant beach with coral sanctuary,"beach,coral,surf,turtle",
95,Rumassala,Nature,Galle,Galle,3.3,0,500,6.0167,80.2333,Low,Hill with medicinal herbs and ocean views,"hill,herbs,nature,scenic",
96,Rumassala,Nature,Galle,Galle,3.5,0,500,6.0167,80.2333,Low,Hill with medicinal herbs and ocean views,"hill,herbs,nature,scenic",
97,Japanese Peace Pagoda,Religious,Galle,Galle,4.9,0,400,6.0333,80.2333,Low,White Buddhist pagoda with ocean view,"pagoda,buddhist,peace,scenic,religious",
98,Galle Fort,Historical,Galle,Galle,3.3,0,1000,6.0296,80.217,Low,UNESCO World Heritage Dutch colonial fort,"UNESCO,fort,colonial,historical",
99,Rumassala,Nature,Galle,Galle,3.9,0,500,6.0167,80.2333,Low,Hill with medicinal herbs and ocean views,"hill,herbs,nature,scenic",
100,Hikkaduwa Beach,Beach,Galle,Galle,4.2,400,1800,6.1391,80.1027,Low,Vibrant beach with coral sanctuary,"beach,coral,surf,turtle",
101,Hikkaduwa Beach,Beach,Galle,Galle,4.4,400,1800,6.1391,80.1027,Low,Vibrant beach with coral sanctuary,"beach,coral,surf,turtle",
102,Rumassala,Nature,Galle,Galle,3.4,0,500,6.0167,80.2333,Low,Hill with medicinal herbs and ocean views,"hill,herbs,nature,scenic",
103,Hikkaduwa Beach,Beach,Galle,Galle,4.7,400,1800,6.1391,80.1027,Low,Vibrant beach with coral sanctuary,"beach,coral,surf,turtle",
104,Hikkaduwa Beach,Beach,Galle,Galle,3.3,400,1800,6.1391,80.1027,Low,Vibrant beach with coral sanctuary,"beach,coral,surf,turtle",
105,Unawatuna Beach,Beach,Galle,Galle,3.1,300,1500,6.009,80.249,Low,Sheltered bay with coral reefs,"beach,coral,snorkeling,relaxation",
106,Japanese Peace Pagoda,Religious,Galle,Galle,4.1,0,400,6.0333,80.2333,Low,White Buddhist pagoda with ocean view,"pagoda,buddhist,peace,scenic,religious",
107,Martin Wickramasinghe Museum,Historical,Galle,Galle,3.5,200,600,5.9667,80.35,Low,Cultural museum of famous Sri Lankan author,"museum,culture,historical,literary",
108,Hikkaduwa Beach,Beach,Galle,Galle,3.4,400,1800,6.1391,80.1027,Low,Vibrant beach with coral sanctuary,"beach,coral,surf,turtle",
109,Galle Fort,Historical,Galle,Galle,4.3,0,1000,6.0296,80.217,Low,UNESCO World Heritage Dutch colonial fort,"UNESCO,fort,colonial,historical",
110,Japanese Peace Pagoda,Religious,Galle,Galle,3.3,0,400,6.0333,80.2333,Low,White Buddhist pagoda with ocean view,"pagoda,buddhist,peace,scenic,religious",
111,Martin Wickramasinghe Museum,Historical,Galle,Galle,4.1,200,600,5.9667,80.35,Low,Cultural museum of famous Sri Lankan author,"museum,culture,historical,literary",
112,Hikkaduwa Beach,Beach,Galle,Galle,4.1,400,1800,6.1391,80.1027,Low,Vibrant beach with coral sanctuary,"beach,coral,surf,turtle",
113,Unawatuna Beach,Beach,Galle,Galle,4.8,300,1500,6.009,80.249,Low,Sheltered bay with coral reefs,"beach,coral,snorkeling,relaxation",
114,Koggala Lake,Nature,Galle,Galle,4.9,500,1500,5.9833,80.3333,Medium,Scenic lake with boat rides and bird watching,"lake,birds,boat,nature",
115,Hikkaduwa Beach,Beach,Galle,Galle,4.9,400,1800,6.1391,80.1027,Low,Vibrant beach with coral sanctuary,"beach,coral,surf,turtle",
116,Japanese Peace Pagoda,Religious,Galle,Galle,3.3,0,400,6.0333,80.2333,Low,White Buddhist pagoda with ocean view,"pagoda,buddhist,peace,scenic,religious",
117,Japanese Peace Pagoda,Religious,Galle,Galle,4.3,0,400,6.0333,80.2333,Low,White Buddhist pagoda with ocean view,"pagoda,buddhist,peace,scenic,religious",
118,Rumassala,Nature,Galle,Galle,3.9,0,500,6.0167,80.2333,Low,Hill with medicinal herbs and ocean views,"hill,herbs,nature,scenic",
119,Rumassala,Nature,Galle,Galle,4.9,0,500,6.0167,80.2333,Low,Hill with medicinal herbs and ocean views,"hill,herbs,nature,scenic",
120,Hikkaduwa Beach,Beach,Galle,Galle,4.6,400,1800,6.1391,80.1027,Low,Vibrant beach with coral sanctuary,"beach,coral,surf,turtle",
121,Martin Wickramasinghe Museum,Historical,Galle,Galle,3.7,200,600,5.9667,80.35,Low,Cultural museum of famous Sri Lankan author,"museum,culture,historical,literary",
122,Unawatuna Beach,Beach,Galle,Galle,4.5,300,1500,6.009,80.249,Low,Sheltered bay with coral reefs,"beach,coral,snorkeling,relaxation",
123,Galle Fort,Historical,Galle,Galle,3.3,0,1000,6.0296,80.217,Low,UNESCO World Heritage Dutch colonial fort,"UNESCO,fort,colonial,historical",
124,Unawatuna Beach,Beach,Galle,Galle,3.6,300,1500,6.009,80.249,Low,Sheltered bay with coral reefs,"beach,coral,snorkeling,relaxation",
125,Koggala Lake,Nature,Galle,Galle,4.2,500,1500,5.9833,80.3333,Medium,Scenic lake with boat rides and bird watching,"lake,birds,boat,nature",
126,Jungle Beach,Beach,Galle,Galle,3.9,200,800,6.0167,80.25,Low,Hidden beach accessible by foot,"beach,hidden,secret,nature",
127,Unawatuna Beach,Beach,Galle,Galle,3.7,300,1500,6.009,80.249,Low,Sheltered bay with coral reefs,"beach,coral,snorkeling,relaxation",
128,Jungle Beach,Beach,Galle,Galle,4.2,200,800,6.0167,80.25,Low,Hidden beach accessible by foot,"beach,hidden,secret,nature",
129,Jungle Beach,Beach,Galle,Galle,4.6,200,800,6.0167,80.25,Low,Hidden beach accessible by foot,"beach,hidden,secret,nature",
130,Rumassala,Nature,Galle,Galle,3.4,0,500,6.0167,80.2333,Low,Hill with medicinal herbs and ocean views,"hill,herbs,nature,scenic",
131,Unawatuna Beach,Beach,Galle,Galle,4.1,300,1500,6.009,80.249,Low,Sheltered bay with coral reefs,"beach,coral,snorkeling,relaxation",
132,Martin Wickramasinghe Museum,Historical,Galle,Galle,4.4,200,600,5.9667,80.35,Low,Cultural museum of famous Sri Lankan author,"museum,culture,historical,literary",
133,Unawatuna Beach,Beach,Galle,Galle,5,300,1500,6.009,80.249,Low,Sheltered bay with coral reefs,"beach,coral,snorkeling,relaxation",
134,Koggala Lake,Nature,Galle,Galle,3.4,500,1500,5.9833,80.3333,Medium,Scenic lake with boat rides and bird watching,"lake,birds,boat,nature",
135,Japanese Peace Pagoda,Religious,Galle,Galle,4.2,0,400,6.0333,80.2333,Low,White Buddhist pagoda with ocean view,"pagoda,buddhist,peace,scenic,religious",
136,Galle Fort,Historical,Galle,Galle,4.8,0,1000,6.0296,80.217,Low,UNESCO World Heritage Dutch colonial fort,"UNESCO,fort,colonial,historical",
137,Japanese Peace Pagoda,Religious,Galle,Galle,3.8,0,400,6.0333,80.2333,Low,White Buddhist pagoda with ocean view,"pagoda,buddhist,peace,scenic,religious",
138,Koggala Lake,Nature,Galle,Galle,3.7,500,1500,5.9833,80.3333,Medium,Scenic lake with boat rides and bird watching,"lake,birds,boat,nature",
139,Japanese Peace Pagoda,Religious,Galle,Galle,3,0,400,6.0333,80.2333,Low,White Buddhist pagoda with ocean view,"pagoda,buddhist,peace,scenic,religious",
140,Japanese Peace Pagoda,Religious,Galle,Galle,3.7,0,400,6.0333,80.2333,Low,White Buddhist pagoda with ocean view,"pagoda,buddhist,peace,scenic,religious",
141,Martin Wickramasinghe Museum,Historical,Galle,Galle,4.7,200,600,5.9667,80.35,Low,Cultural museum of famous Sri Lankan author,"museum,culture,historical,literary",
142,Unawatuna Beach,Beach,Galle,Galle,3.4,300,1500,6.009,80.249,Low,Sheltered bay with coral reefs,"beach,coral,snorkeling,relaxation",
143,Martin Wickramasinghe Museum,Historical,Galle,Galle,4.5,200,600,5.9667,80.35,Low,Cultural museum of famous Sri Lankan author,"museum,culture,historical,literary",
144,Koggala Lake,Nature,Galle,Galle,4.6,500,1500,5.9833,80.3333,Medium,Scenic lake with boat rides and bird watching,"lake,birds,boat,nature",
145,Rumassala,Nature,Galle,Galle,3.3,0,500,6.0167,80.2333,Low,Hill with medicinal herbs and ocean views,"hill,herbs,nature,scenic",
146,Koggala Lake,Nature,Galle,Galle,4.5,500,1500,5.9833,80.3333,Medium,Scenic lake with boat rides and bird watching,"lake,birds,boat,nature",
147,Koggala Lake,Nature,Galle,Galle,3.3,500,1500,5.9833,80.3333,Medium,Scenic lake with boat rides and bird watching,"lake,birds,boat,nature",
148,Unawatuna Beach,Beach,Galle,Galle,3.3,300,1500,6.009,80.249,Low,Sheltered bay with coral reefs,"beach,coral,snorkeling,relaxation",
149,Rumassala,Nature,Galle,Galle,3.9,0,500,6.0167,80.2333,Low,Hill with medicinal herbs and ocean views,"hill,herbs,nature,scenic",
150,Japanese Peace Pagoda,Religious,Galle,Galle,3.1,0,400,6.0333,80.2333,Low,White Buddhist pagoda with ocean view,"pagoda,buddhist,peace,scenic,religious",
151,Koggala Lake,Nature,Galle,Galle,3.2,500,1500,5.9833,80.3333,Medium,Scenic lake with boat rides and bird watching,"lake,birds,boat,nature",
152,Koggala Lake,Nature,Galle,Galle,4.3,500,1500,5.9833,80.3333,Medium,Scenic lake with boat rides and bird watching,"lake,birds,boat,nature",
153,Rumassala,Nature,Galle,Galle,3.8,0,500,6.0167,80.2333,Low,Hill with medicinal herbs and ocean views,"hill,herbs,nature,scenic",
154,Martin Wickramasinghe Museum,Historical,Galle,Galle,4.4,200,600,5.9667,80.35,Low,Cultural museum of famous Sri Lankan author,"museum,culture,historical,literary",
155,Hikkaduwa Beach,Beach,Galle,Galle,3.4,400,1800,6.1391,80.1027,Low,Vibrant beach with coral sanctuary,"beach,coral,surf,turtle",
156,Koggala Lake,Nature,Galle,Galle,3.6,500,1500,5.9833,80.3333,Medium,Scenic lake with boat rides and bird watching,"lake,birds,boat,nature",
157,Martin Wickramasinghe Museum,Historical,Galle,Galle,3.1,200,600,5.9667,80.35,Low,Cultural museum of famous Sri Lankan author,"museum,culture,historical,literary",
158,Rumassala,Nature,Galle,Galle,4.7,0,500,6.0167,80.2333,Low,Hill with medicinal herbs and ocean views,"hill,herbs,nature,scenic",
159,Rumassala,Nature,Galle,Galle,4,0,500,6.0167,80.2333,Low,Hill with medicinal herbs and ocean views,"hill,herbs,nature,scenic",
160,Martin Wickramasinghe Museum,Historical,Galle,Galle,3.4,200,600,5.9667,80.35,Low,Cultural museum of famous Sri Lankan author,"museum,culture,historical,literary",
161,Galle Fort,Historical,Galle,Galle,3.3,0,1000,6.0296,80.217,Low,UNESCO World Heritage Dutch colonial fort,"UNESCO,fort,colonial,historical",
162,Rumassala,Nature,Galle,Galle,4.9,0,500,6.0167,80.2333,Low,Hill with medicinal herbs and ocean views,"hill,herbs,nature,scenic",
163,Martin Wickramasinghe Museum,Historical,Galle,Galle,3.2,200,600,5.9667,80.35,Low,Cultural museum of famous Sri Lankan author,"museum,culture,historical,literary",
164,Rumassala,Nature,Galle,Galle,3.8,0,500,6.0167,80.2333,Low,Hill with medicinal herbs and ocean views,"hill,herbs,nature,scenic",
165,Martin Wickramasinghe Museum,Historical,Galle,Galle,4.8,200,600,5.9667,80.35,Low,Cultural museum of famous Sri Lankan author,"museum,culture,historical,literary",
166,Jungle Beach,Beach,Galle,Galle,3.1,200,800,6.0167,80.25,Low,Hidden beach accessible by foot,"beach,hidden,secret,nature",
167,Rumassala,Nature,Galle,Galle,4,0,500,6.0167,80.2333,Low,Hill with medicinal herbs and ocean views,"hill,herbs,nature,scenic",
168,Unawatuna Beach,Beach,Galle,Galle,4.2,300,1500,6.009,80.249,Low,Sheltered bay with coral reefs,"beach,coral,snorkeling,relaxation",
169,Japanese Peace Pagoda,Religious,Galle,Galle,4.2,0,400,6.0333,80.2333,Low,White Buddhist pagoda with ocean view,"pagoda,buddhist,peace,scenic,religious",
170,Koggala Lake,Nature,Galle,Galle,4.7,500,1500,5.9833,80.3333,Medium,Scenic lake with boat rides and bird watching,"lake,birds,boat,nature",
171,Martin Wickramasinghe Museum,Historical,Galle,Galle,4.9,200,600,5.9667,80.35,Low,Cultural museum of famous Sri Lankan author,"museum,culture,historical,literary",
172,Unawatuna Beach,Beach,Galle,Galle,3.7,300,1500,6.009,80.249,Low,Sheltered bay with coral reefs,"beach,coral,snorkeling,relaxation",
173,Galle Fort,Historical,Galle,Galle,4.7,0,1000,6.0296,80.217,Low,UNESCO World Heritage Dutch colonial fort,"UNESCO,fort,colonial,historical",
174,Hikkaduwa Beach,Beach,Galle,Galle,4.2,400,1800,6.1391,80.1027,Low,Vibrant beach with coral sanctuary,"beach,coral,surf,turtle",
175,Hikkaduwa Beach,Beach,Galle,Galle,3.6,400,1800,6.1391,80.1027,Low,Vibrant beach with coral sanctuary,"beach,coral,surf,turtle",
176,Hikkaduwa Beach,Beach,Galle,Galle,3.7,400,1800,6.1391,80.1027,Low,Vibrant beach with coral sanctuary,"beach,coral,surf,turtle",
177,Galle Fort,Historical,Galle,Galle,3.5,0,1000,6.0296,80.217,Low,UNESCO World Heritage Dutch colonial fort,"UNESCO,fort,colonial,historical",
178,Koggala Lake,Nature,Galle,Galle,4.3,500,1500,5.9833,80.3333,Medium,Scenic lake with boat rides and bird watching,"lake,birds,boat,nature",
179,Japanese Peace Pagoda,Religious,Galle,Galle,3.1,0,400,6.0333,80.2333,Low,White Buddhist pagoda with ocean view,"pagoda,buddhist,peace,scenic,religious",
180,Rumassala,Nature,Galle,Galle,4.1,0,500,6.0167,80.2333,Low,Hill with medicinal herbs and ocean views,"hill,herbs,nature,scenic",
181,Unawatuna Beach,Beach,Galle,Galle,4,300,1500,6.009,80.249,Low,Sheltered bay with coral reefs,"beach,coral,snorkeling,relaxation",
182,Hikkaduwa Beach,Beach,Galle,Galle,4.5,400,1800,6.1391,80.1027,Low,Vibrant beach with coral sanctuary,"beach,coral,surf,turtle",
183,Hikkaduwa Beach,Beach,Galle,Galle,4.1,400,1800,6.1391,80.1027,Low,Vibrant beach with coral sanctuary,"beach,coral,surf,turtle",
184,Japanese Peace Pagoda,Religious,Galle,Galle,4.7,0,400,6.0333,80.2333,Low,White Buddhist pagoda with ocean view,"pagoda,buddhist,peace,scenic,religious",
185,Rumassala,Nature,Galle,Galle,3.5,0,500,6.0167,80.2333,Low,Hill with medicinal herbs and ocean views,"hill,herbs,nature,scenic",
186,Japanese Peace Pagoda,Religious,Galle,Galle,3.2,0,400,6.0333,80.2333,Low,White Buddhist pagoda with ocean view,"pagoda,buddhist,peace,scenic,religious",
187,Japanese Peace Pagoda,Religious,Galle,Galle,4.6,0,400,6.0333,80.2333,Low,White Buddhist pagoda with ocean view,"pagoda,buddhist,peace,scenic,religious",
188,Galle Fort,Historical,Galle,Galle,3.3,0,1000,6.0296,80.217,Low,UNESCO World Heritage Dutch colonial fort,"UNESCO,fort,colonial,historical",
189,Rumassala,Nature,Galle,Galle,3.7,0,500,6.0167,80.2333,Low,Hill with medicinal herbs and ocean views,"hill,herbs,nature,scenic",
190,Martin Wickramasinghe Museum,Historical,Galle,Galle,3.8,200,600,5.9667,80.35,Low,Cultural museum of famous Sri Lankan author,"museum,culture,historical,literary",
191,Hikkaduwa Beach,Beach,Galle,Galle,3.2,400,1800,6.1391,80.1027,Low,Vibrant beach with coral sanctuary,"beach,coral,surf,turtle",
192,Hikkaduwa Beach,Beach,Galle,Galle,4,400,1800,6.1391,80.1027,Low,Vibrant beach with coral sanctuary,"beach,coral,surf,turtle",
193,Jungle Beach,Beach,Galle,Galle,4.6,200,800,6.0167,80.25,Low,Hidden beach accessible by foot,"beach,hidden,secret,nature",
194,Unawatuna Beach,Beach,Galle,Galle,3.8,300,1500,6.009,80.249,Low,Sheltered bay with coral reefs,"beach,coral,snorkeling,relaxation",
195,Unawatuna Beach,Beach,Galle,Galle,3.2,300,1500,6.009,80.249,Low,Sheltered bay with coral reefs,"beach,coral,snorkeling,relaxation",
196,Hikkaduwa Beach,Beach,Galle,Galle,4.8,400,1800,6.1391,80.1027,Low,Vibrant beach with coral sanctuary,"beach,coral,surf,turtle",
197,Martin Wickramasinghe Museum,Historical,Galle,Galle,3.7,200,600,5.9667,80.35,Low,Cultural museum of famous Sri Lankan author,"museum,culture,historical,literary",
198,Japanese Peace Pagoda,Religious,Galle,Galle,3.3,0,400,6.0333,80.2333,Low,White Buddhist pagoda with ocean view,"pagoda,buddhist,peace,scenic,religious",
199,Martin Wickramasinghe Museum,Historical,Galle,Galle,4.8,200,600,5.9667,80.35,Low,Cultural museum of famous Sri Lankan author,"museum,culture,historical,literary",
200,Japanese Peace Pagoda,Religious,Galle,Galle,3.3,0,400,6.0333,80.2333,Low,White Buddhist pagoda with ocean view,"pagoda,buddhist,peace,scenic,religious",
201,Rumassala,Nature,Galle,Galle,3.1,0,500,6.0167,80.2333,Low,Hill with medicinal herbs and ocean views,"hill,herbs,nature,scenic",
202,Unawatuna Beach,Beach,Galle,Galle,3.4,300,1500,6.009,80.249,Low,Sheltered bay with coral reefs,"beach,coral,snorkeling,relaxation",
203,Hikkaduwa Beach,Beach,Galle,Galle,4.4,400,1800,6.1391,80.1027,Low,Vibrant beach with coral sanctuary,"beach,coral,surf,turtle",
204,Rumassala,Nature,Galle,Galle,3.3,0,500,6.0167,80.2333,Low,Hill with medicinal herbs and ocean views,"hill,herbs,nature,scenic",
205,Hikkaduwa Beach,Beach,Galle,Galle,5,400,1800,6.1391,80.1027,Low,Vibrant beach with coral sanctuary,"beach,coral,surf,turtle",
206,Koggala Lake,Nature,Galle,Galle,4.4,500,1500,5.9833,80.3333,Medium,Scenic lake with boat rides and bird watching,"lake,birds,boat,nature",
207,Unawatuna Beach,Beach,Galle,Galle,3.2,300,1500,6.009,80.249,Low,Sheltered bay with coral reefs,"beach,coral,snorkeling,relaxation",
208,Martin Wickramasinghe Museum,Historical,Galle,Galle,4.5,200,600,5.9667,80.35,Low,Cultural museum of famous Sri Lankan author,"museum,culture,historical,literary",
209,Galle Fort,Historical,Galle,Galle,3.4,0,1000,6.0296,80.217,Low,UNESCO World Heritage Dutch colonial fort,"UNESCO,fort,colonial,historical",
210,Galle Fort,Historical,Galle,Galle,4.6,0,1000,6.0296,80.217,Low,UNESCO World Heritage Dutch colonial fort,"UNESCO,fort,colonial,historical",
211,Galle Fort,Historical,Galle,Galle,3.9,0,1000,6.0296,80.217,Low,UNESCO World Heritage Dutch colonial fort,"UNESCO,fort,colonial,historical",
212,Rumassala,Nature,Galle,Galle,3.1,0,500,6.0167,80.2333,Low,Hill with medicinal herbs and ocean views,"hill,herbs,nature,scenic",
213,Rumassala,Nature,Galle,Galle,4.3,0,500,6.0167,80.2333,Low,Hill with medicinal herbs and ocean views,"hill,herbs,nature,scenic",
214,Unawatuna Beach,Beach,Galle,Galle,4.6,300,1500,6.009,80.249,Low,Sheltered bay with coral reefs,"beach,coral,snorkeling,relaxation",
215,Jungle Beach,Beach,Galle,Galle,4.2,200,800,6.0167,80.25,Low,Hidden beach accessible by foot,"beach,hidden,secret,nature",
216,Jungle Beach,Beach,Galle,Galle,3.4,200,800,6.0167,80.25,Low,Hidden beach accessible by foot,"beach,hidden,secret,nature",
217,Japanese Peace Pagoda,Religious,Galle,Galle,3.1,0,400,6.0333,80.2333,Low,White Buddhist pagoda with ocean view,"pagoda,buddhist,peace,scenic,religious",
218,Hikkaduwa Beach,Beach,Galle,Galle,4.7,400,1800,6.1391,80.1027,Low,Vibrant beach with coral sanctuary,"beach,coral,surf,turtle",
219,Rumassala,Nature,Galle,Galle,4.9,0,500,6.0167,80.2333,Low,Hill with medicinal herbs and ocean views,"hill,herbs,nature,scenic",
220,Japanese Peace Pagoda,Religious,Galle,Galle,3.7,0,400,6.0333,80.2333,Low,White Buddhist pagoda with ocean view,"pagoda,buddhist,peace,scenic,religious",
1,Negombo Beach,Beach,Gampaha,Gampaha,4.4,300,1500,7.2096,79.8356,Low,Popular beach town with lagoon,"beach,lagoon,fishing,relaxation",
2,Henarathgoda Botanical Garden,Nature,Gampaha,Gampaha,4,300,800,7.1667,80.0167,Low,Second oldest botanical garden in Sri Lanka,"garden,botanical,nature,scenic",
3,St Mary's Church Negombo,Religious,Gampaha,Gampaha,4.4,0,300,7.2096,79.8356,Low,Historic Catholic church in Negombo,"church,catholic,colonial,religious",
4,Muthurajawela Wetland,Nature,Gampaha,Gampaha,4,500,1500,7.1333,79.9,Medium,Unique wetland with boat safari and birds,"wetland,birds,boat,nature",
5,Negombo Fish Market,Cultural,Gampaha,Gampaha,3.6,0,300,7.2096,79.8356,Low,Bustling early morning fish market,"market,fish,culture,local",
6,Lellama Fish Market,Cultural,Gampaha,Gampaha,5,0,200,7.2,79.84,Low,Authentic local fish market experience,"market,fish,local,culture",
7,Muthurajawela Wetland,Nature,Gampaha,Gampaha,3.4,500,1500,7.1333,79.9,Medium,Unique wetland with boat safari and birds,"wetland,birds,boat,nature",
8,Lellama Fish Market,Cultural,Gampaha,Gampaha,4,0,200,7.2,79.84,Low,Authentic local fish market experience,"market,fish,local,culture",
9,Negombo Fish Market,Cultural,Gampaha,Gampaha,3.3,0,300,7.2096,79.8356,Low,Bustling early morning fish market,"market,fish,culture,local",
10,St Mary's Church Negombo,Religious,Gampaha,Gampaha,3.6,0,300,7.2096,79.8356,Low,Historic Catholic church in Negombo,"church,catholic,colonial,religious",
11,Lellama Fish Market,Cultural,Gampaha,Gampaha,3.6,0,200,7.2,79.84,Low,Authentic local fish market experience,"market,fish,local,culture",
12,Negombo Beach,Beach,Gampaha,Gampaha,4,300,1500,7.2096,79.8356,Low,Popular beach town with lagoon,"beach,lagoon,fishing,relaxation",
13,Negombo Beach,Beach,Gampaha,Gampaha,3.1,300,1500,7.2096,79.8356,Low,Popular beach town with lagoon,"beach,lagoon,fishing,relaxation",
14,Henarathgoda Botanical Garden,Nature,Gampaha,Gampaha,3.4,300,800,7.1667,80.0167,Low,Second oldest botanical garden in Sri Lanka,"garden,botanical,nature,scenic",
15,Negombo Beach,Beach,Gampaha,Gampaha,3.4,300,1500,7.2096,79.8356,Low,Popular beach town with lagoon,"beach,lagoon,fishing,relaxation",
16,Muthurajawela Wetland,Nature,Gampaha,Gampaha,3.4,500,1500,7.1333,79.9,Medium,Unique wetland with boat safari and birds,"wetland,birds,boat,nature",
17,Negombo Beach,Beach,Gampaha,Gampaha,4.1,300,1500,7.2096,79.8356,Low,Popular beach town with lagoon,"beach,lagoon,fishing,relaxation",
18,Muthurajawela Wetland,Nature,Gampaha,Gampaha,4.3,500,1500,7.1333,79.9,Medium,Unique wetland with boat safari and birds,"wetland,birds,boat,nature",
19,Negombo Fish Market,Cultural,Gampaha,Gampaha,4.2,0,300,7.2096,79.8356,Low,Bustling early morning fish market,"market,fish,culture,local",
20,Negombo Fish Market,Cultural,Gampaha,Gampaha,3.5,0,300,7.2096,79.8356,Low,Bustling early morning fish market,"market,fish,culture,local",
21,St Mary's Church Negombo,Religious,Gampaha,Gampaha,3.4,0,300,7.2096,79.8356,Low,Historic Catholic church in Negombo,"church,catholic,colonial,religious",
22,Lellama Fish Market,Cultural,Gampaha,Gampaha,3.1,0,200,7.2,79.84,Low,Authentic local fish market experience,"market,fish,local,culture",
23,Henarathgoda Botanical Garden,Nature,Gampaha,Gampaha,4.3,300,800,7.1667,80.0167,Low,Second oldest botanical garden in Sri Lanka,"garden,botanical,nature,scenic",
24,Negombo Beach,Beach,Gampaha,Gampaha,3.9,300,1500,7.2096,79.8356,Low,Popular beach town with lagoon,"beach,lagoon,fishing,relaxation",
25,Lellama Fish Market,Cultural,Gampaha,Gampaha,3.1,0,200,7.2,79.84,Low,Authentic local fish market experience,"market,fish,local,culture",
26,Negombo Fish Market,Cultural,Gampaha,Gampaha,4.5,0,300,7.2096,79.8356,Low,Bustling early morning fish market,"market,fish,culture,local",
27,Muthurajawela Wetland,Nature,Gampaha,Gampaha,4.6,500,1500,7.1333,79.9,Medium,Unique wetland with boat safari and birds,"wetland,birds,boat,nature",
28,Lellama Fish Market,Cultural,Gampaha,Gampaha,3.1,0,200,7.2,79.84,Low,Authentic local fish market experience,"market,fish,local,culture",
29,Negombo Fish Market,Cultural,Gampaha,Gampaha,3.5,0,300,7.2096,79.8356,Low,Bustling early morning fish market,"market,fish,culture,local",
30,Negombo Beach,Beach,Gampaha,Gampaha,4.5,300,1500,7.2096,79.8356,Low,Popular beach town with lagoon,"beach,lagoon,fishing,relaxation",
31,St Mary's Church Negombo,Religious,Gampaha,Gampaha,3.2,0,300,7.2096,79.8356,Low,Historic Catholic church in Negombo,"church,catholic,colonial,religious",
32,Henarathgoda Botanical Garden,Nature,Gampaha,Gampaha,4.9,300,800,7.1667,80.0167,Low,Second oldest botanical garden in Sri Lanka,"garden,botanical,nature,scenic",
33,Negombo Beach,Beach,Gampaha,Gampaha,3.2,300,1500,7.2096,79.8356,Low,Popular beach town with lagoon,"beach,lagoon,fishing,relaxation",
34,Henarathgoda Botanical Garden,Nature,Gampaha,Gampaha,4.1,300,800,7.1667,80.0167,Low,Second oldest botanical garden in Sri Lanka,"garden,botanical,nature,scenic",
35,Henarathgoda Botanical Garden,Nature,Gampaha,Gampaha,3.4,300,800,7.1667,80.0167,Low,Second oldest botanical garden in Sri Lanka,"garden,botanical,nature,scenic",
36,Lellama Fish Market,Cultural,Gampaha,Gampaha,3.5,0,200,7.2,79.84,Low,Authentic local fish market experience,"market,fish,local,culture",
37,Lellama Fish Market,Cultural,Gampaha,Gampaha,4.9,0,200,7.2,79.84,Low,Authentic local fish market experience,"market,fish,local,culture",
38,Negombo Fish Market,Cultural,Gampaha,Gampaha,4.5,0,300,7.2096,79.8356,Low,Bustling early morning fish market,"market,fish,culture,local",
39,Muthurajawela Wetland,Nature,Gampaha,Gampaha,4.5,500,1500,7.1333,79.9,Medium,Unique wetland with boat safari and birds,"wetland,birds,boat,nature",
40,Lellama Fish Market,Cultural,Gampaha,Gampaha,4.2,0,200,7.2,79.84,Low,Authentic local fish market experience,"market,fish,local,culture",
41,Lellama Fish Market,Cultural,Gampaha,Gampaha,3.9,0,200,7.2,79.84,Low,Authentic local fish market experience,"market,fish,local,culture",
42,Lellama Fish Market,Cultural,Gampaha,Gampaha,3.9,0,200,7.2,79.84,Low,Authentic local fish market experience,"market,fish,local,culture",
43,Negombo Beach,Beach,Gampaha,Gampaha,3.3,300,1500,7.2096,79.8356,Low,Popular beach town with lagoon,"beach,lagoon,fishing,relaxation",
44,Henarathgoda Botanical Garden,Nature,Gampaha,Gampaha,4.1,300,800,7.1667,80.0167,Low,Second oldest botanical garden in Sri Lanka,"garden,botanical,nature,scenic",
45,Negombo Fish Market,Cultural,Gampaha,Gampaha,3.7,0,300,7.2096,79.8356,Low,Bustling early morning fish market,"market,fish,culture,local",
46,Henarathgoda Botanical Garden,Nature,Gampaha,Gampaha,4.1,300,800,7.1667,80.0167,Low,Second oldest botanical garden in Sri Lanka,"garden,botanical,nature,scenic",
47,Negombo Fish Market,Cultural,Gampaha,Gampaha,3.9,0,300,7.2096,79.8356,Low,Bustling early morning fish market,"market,fish,culture,local",
48,St Mary's Church Negombo,Religious,Gampaha,Gampaha,4.8,0,300,7.2096,79.8356,Low,Historic Catholic church in Negombo,"church,catholic,colonial,religious",
49,Negombo Fish Market,Cultural,Gampaha,Gampaha,5,0,300,7.2096,79.8356,Low,Bustling early morning fish market,"market,fish,culture,local",
50,St Mary's Church Negombo,Religious,Gampaha,Gampaha,4.7,0,300,7.2096,79.8356,Low,Historic Catholic church in Negombo,"church,catholic,colonial,religious",
51,Muthurajawela Wetland,Nature,Gampaha,Gampaha,4.5,500,1500,7.1333,79.9,Medium,Unique wetland with boat safari and birds,"wetland,birds,boat,nature",
52,Muthurajawela Wetland,Nature,Gampaha,Gampaha,4.7,500,1500,7.1333,79.9,Medium,Unique wetland with boat safari and birds,"wetland,birds,boat,nature",
53,St Mary's Church Negombo,Religious,Gampaha,Gampaha,4.2,0,300,7.2096,79.8356,Low,Historic Catholic church in Negombo,"church,catholic,colonial,religious",
54,Negombo Fish Market,Cultural,Gampaha,Gampaha,4.1,0,300,7.2096,79.8356,Low,Bustling early morning fish market,"market,fish,culture,local",
55,Muthurajawela Wetland,Nature,Gampaha,Gampaha,4.5,500,1500,7.1333,79.9,Medium,Unique wetland with boat safari and birds,"wetland,birds,boat,nature",
56,Lellama Fish Market,Cultural,Gampaha,Gampaha,3.5,0,200,7.2,79.84,Low,Authentic local fish market experience,"market,fish,local,culture",
57,Muthurajawela Wetland,Nature,Gampaha,Gampaha,3.9,500,1500,7.1333,79.9,Medium,Unique wetland with boat safari and birds,"wetland,birds,boat,nature",
58,Muthurajawela Wetland,Nature,Gampaha,Gampaha,3,500,1500,7.1333,79.9,Medium,Unique wetland with boat safari and birds,"wetland,birds,boat,nature",
59,Negombo Beach,Beach,Gampaha,Gampaha,5,300,1500,7.2096,79.8356,Low,Popular beach town with lagoon,"beach,lagoon,fishing,relaxation",
60,Negombo Fish Market,Cultural,Gampaha,Gampaha,3,0,300,7.2096,79.8356,Low,Bustling early morning fish market,"market,fish,culture,local",
61,Henarathgoda Botanical Garden,Nature,Gampaha,Gampaha,5,300,800,7.1667,80.0167,Low,Second oldest botanical garden in Sri Lanka,"garden,botanical,nature,scenic",
62,St Mary's Church Negombo,Religious,Gampaha,Gampaha,3,0,300,7.2096,79.8356,Low,Historic Catholic church in Negombo,"church,catholic,colonial,religious",
63,Henarathgoda Botanical Garden,Nature,Gampaha,Gampaha,3.4,300,800,7.1667,80.0167,Low,Second oldest botanical garden in Sri Lanka,"garden,botanical,nature,scenic",
64,St Mary's Church Negombo,Religious,Gampaha,Gampaha,3,0,300,7.2096,79.8356,Low,Historic Catholic church in Negombo,"church,catholic,colonial,religious",
65,Lellama Fish Market,Cultural,Gampaha,Gampaha,4.6,0,200,7.2,79.84,Low,Authentic local fish market experience,"market,fish,local,culture",
66,Negombo Fish Market,Cultural,Gampaha,Gampaha,4,0,300,7.2096,79.8356,Low,Bustling early morning fish market,"market,fish,culture,local",
67,Negombo Fish Market,Cultural,Gampaha,Gampaha,4.9,0,300,7.2096,79.8356,Low,Bustling early morning fish market,"market,fish,culture,local",
68,Henarathgoda Botanical Garden,Nature,Gampaha,Gampaha,3.2,300,800,7.1667,80.0167,Low,Second oldest botanical garden in Sri Lanka,"garden,botanical,nature,scenic",
69,Muthurajawela Wetland,Nature,Gampaha,Gampaha,3.7,500,1500,7.1333,79.9,Medium,Unique wetland with boat safari and birds,"wetland,birds,boat,nature",
70,Henarathgoda Botanical Garden,Nature,Gampaha,Gampaha,3.5,300,800,7.1667,80.0167,Low,Second oldest botanical garden in Sri Lanka,"garden,botanical,nature,scenic",
71,Negombo Fish Market,Cultural,Gampaha,Gampaha,3.5,0,300,7.2096,79.8356,Low,Bustling early morning fish market,"market,fish,culture,local",
72,St Mary's Church Negombo,Religious,Gampaha,Gampaha,4.6,0,300,7.2096,79.8356,Low,Historic Catholic church in Negombo,"church,catholic,colonial,religious",
73,Negombo Beach,Beach,Gampaha,Gampaha,4.1,300,1500,7.2096,79.8356,Low,Popular beach town with lagoon,"beach,lagoon,fishing,relaxation",
74,Negombo Fish Market,Cultural,Gampaha,Gampaha,4.8,0,300,7.2096,79.8356,Low,Bustling early morning fish market,"market,fish,culture,local",
75,Lellama Fish Market,Cultural,Gampaha,Gampaha,3.2,0,200,7.2,79.84,Low,Authentic local fish market experience,"market,fish,local,culture",
76,St Mary's Church Negombo,Religious,Gampaha,Gampaha,4.6,0,300,7.2096,79.8356,Low,Historic Catholic church in Negombo,"church,catholic,colonial,religious",
77,Henarathgoda Botanical Garden,Nature,Gampaha,Gampaha,4,300,800,7.1667,80.0167,Low,Second oldest botanical garden in Sri Lanka,"garden,botanical,nature,scenic",
78,Lellama Fish Market,Cultural,Gampaha,Gampaha,4.4,0,200,7.2,79.84,Low,Authentic local fish market experience,"market,fish,local,culture",
79,Negombo Beach,Beach,Gampaha,Gampaha,4.2,300,1500,7.2096,79.8356,Low,Popular beach town with lagoon,"beach,lagoon,fishing,relaxation",
80,St Mary's Church Negombo,Religious,Gampaha,Gampaha,3.1,0,300,7.2096,79.8356,Low,Historic Catholic church in Negombo,"church,catholic,colonial,religious",
81,Negombo Fish Market,Cultural,Gampaha,Gampaha,3.8,0,300,7.2096,79.8356,Low,Bustling early morning fish market,"market,fish,culture,local",
82,Negombo Beach,Beach,Gampaha,Gampaha,4.8,300,1500,7.2096,79.8356,Low,Popular beach town with lagoon,"beach,lagoon,fishing,relaxation",
83,St Mary's Church Negombo,Religious,Gampaha,Gampaha,3.7,0,300,7.2096,79.8356,Low,Historic Catholic church in Negombo,"church,catholic,colonial,religious",
84,Muthurajawela Wetland,Nature,Gampaha,Gampaha,3.8,500,1500,7.1333,79.9,Medium,Unique wetland with boat safari and birds,"wetland,birds,boat,nature",
85,Negombo Beach,Beach,Gampaha,Gampaha,4.7,300,1500,7.2096,79.8356,Low,Popular beach town with lagoon,"beach,lagoon,fishing,relaxation",
86,Henarathgoda Botanical Garden,Nature,Gampaha,Gampaha,4.5,300,800,7.1667,80.0167,Low,Second oldest botanical garden in Sri Lanka,"garden,botanical,nature,scenic",
87,Negombo Fish Market,Cultural,Gampaha,Gampaha,4.9,0,300,7.2096,79.8356,Low,Bustling early morning fish market,"market,fish,culture,local",
88,Lellama Fish Market,Cultural,Gampaha,Gampaha,4.6,0,200,7.2,79.84,Low,Authentic local fish market experience,"market,fish,local,culture",
89,Muthurajawela Wetland,Nature,Gampaha,Gampaha,3.1,500,1500,7.1333,79.9,Medium,Unique wetland with boat safari and birds,"wetland,birds,boat,nature",
90,Negombo Fish Market,Cultural,Gampaha,Gampaha,3.1,0,300,7.2096,79.8356,Low,Bustling early morning fish market,"market,fish,culture,local",
91,Negombo Fish Market,Cultural,Gampaha,Gampaha,4.1,0,300,7.2096,79.8356,Low,Bustling early morning fish market,"market,fish,culture,local",
92,St Mary's Church Negombo,Religious,Gampaha,Gampaha,4,0,300,7.2096,79.8356,Low,Historic Catholic church in Negombo,"church,catholic,colonial,religious",
93,Henarathgoda Botanical Garden,Nature,Gampaha,Gampaha,3.3,300,800,7.1667,80.0167,Low,Second oldest botanical garden in Sri Lanka,"garden,botanical,nature,scenic",
94,Lellama Fish Market,Cultural,Gampaha,Gampaha,4.5,0,200,7.2,79.84,Low,Authentic local fish market experience,"market,fish,local,culture",
95,Muthurajawela Wetland,Nature,Gampaha,Gampaha,4.9,500,1500,7.1333,79.9,Medium,Unique wetland with boat safari and birds,"wetland,birds,boat,nature",
96,Negombo Fish Market,Cultural,Gampaha,Gampaha,4.2,0,300,7.2096,79.8356,Low,Bustling early morning fish market,"market,fish,culture,local",
97,Negombo Beach,Beach,Gampaha,Gampaha,3.4,300,1500,7.2096,79.8356,Low,Popular beach town with lagoon,"beach,lagoon,fishing,relaxation",
98,St Mary's Church Negombo,Religious,Gampaha,Gampaha,4.6,0,300,7.2096,79.8356,Low,Historic Catholic church in Negombo,"church,catholic,colonial,religious",
99,Henarathgoda Botanical Garden,Nature,Gampaha,Gampaha,3.3,300,800,7.1667,80.0167,Low,Second oldest botanical garden in Sri Lanka,"garden,botanical,nature,scenic",
100,Negombo Beach,Beach,Gampaha,Gampaha,4,300,1500,7.2096,79.8356,Low,Popular beach town with lagoon,"beach,lagoon,fishing,relaxation",
101,Lellama Fish Market,Cultural,Gampaha,Gampaha,3.1,0,200,7.2,79.84,Low,Authentic local fish market experience,"market,fish,local,culture",
102,Muthurajawela Wetland,Nature,Gampaha,Gampaha,3.5,500,1500,7.1333,79.9,Medium,Unique wetland with boat safari and birds,"wetland,birds,boat,nature",
103,Muthurajawela Wetland,Nature,Gampaha,Gampaha,4,500,1500,7.1333,79.9,Medium,Unique wetland with boat safari and birds,"wetland,birds,boat,nature",
104,Lellama Fish Market,Cultural,Gampaha,Gampaha,3.3,0,200,7.2,79.84,Low,Authentic local fish market experience,"market,fish,local,culture",
105,Henarathgoda Botanical Garden,Nature,Gampaha,Gampaha,4,300,800,7.1667,80.0167,Low,Second oldest botanical garden in Sri Lanka,"garden,botanical,nature,scenic",
106,Henarathgoda Botanical Garden,Nature,Gampaha,Gampaha,4,300,800,7.1667,80.0167,Low,Second oldest botanical garden in Sri Lanka,"garden,botanical,nature,scenic",
107,Lellama Fish Market,Cultural,Gampaha,Gampaha,4.1,0,200,7.2,79.84,Low,Authentic local fish market experience,"market,fish,local,culture",
108,Negombo Fish Market,Cultural,Gampaha,Gampaha,4.2,0,300,7.2096,79.8356,Low,Bustling early morning fish market,"market,fish,culture,local",
109,Lellama Fish Market,Cultural,Gampaha,Gampaha,4,0,200,7.2,79.84,Low,Authentic local fish market experience,"market,fish,local,culture",
110,Henarathgoda Botanical Garden,Nature,Gampaha,Gampaha,3.1,300,800,7.1667,80.0167,Low,Second oldest botanical garden in Sri Lanka,"garden,botanical,nature,scenic",
111,Muthurajawela Wetland,Nature,Gampaha,Gampaha,3.6,500,1500,7.1333,79.9,Medium,Unique wetland with boat safari and birds,"wetland,birds,boat,nature",
112,Negombo Fish Market,Cultural,Gampaha,Gampaha,3.2,0,300,7.2096,79.8356,Low,Bustling early morning fish market,"market,fish,culture,local",
113,Lellama Fish Market,Cultural,Gampaha,Gampaha,3.8,0,200,7.2,79.84,Low,Authentic local fish market experience,"market,fish,local,culture",
114,St Mary's Church Negombo,Religious,Gampaha,Gampaha,3.7,0,300,7.2096,79.8356,Low,Historic Catholic church in Negombo,"church,catholic,colonial,religious",
115,St Mary's Church Negombo,Religious,Gampaha,Gampaha,3.7,0,300,7.2096,79.8356,Low,Historic Catholic church in Negombo,"church,catholic,colonial,religious",
116,Lellama Fish Market,Cultural,Gampaha,Gampaha,3,0,200,7.2,79.84,Low,Authentic local fish market experience,"market,fish,local,culture",
117,St Mary's Church Negombo,Religious,Gampaha,Gampaha,3.3,0,300,7.2096,79.8356,Low,Historic Catholic church in Negombo,"church,catholic,colonial,religious",
118,St Mary's Church Negombo,Religious,Gampaha,Gampaha,4.2,0,300,7.2096,79.8356,Low,Historic Catholic church in Negombo,"church,catholic,colonial,religious",
119,Muthurajawela Wetland,Nature,Gampaha,Gampaha,4.2,500,1500,7.1333,79.9,Medium,Unique wetland with boat safari and birds,"wetland,birds,boat,nature",
120,Muthurajawela Wetland,Nature,Gampaha,Gampaha,3.1,500,1500,7.1333,79.9,Medium,Unique wetland with boat safari and birds,"wetland,birds,boat,nature",
121,Henarathgoda Botanical Garden,Nature,Gampaha,Gampaha,3.4,300,800,7.1667,80.0167,Low,Second oldest botanical garden in Sri Lanka,"garden,botanical,nature,scenic",
122,St Mary's Church Negombo,Religious,Gampaha,Gampaha,3.3,0,300,7.2096,79.8356,Low,Historic Catholic church in Negombo,"church,catholic,colonial,religious",
123,Lellama Fish Market,Cultural,Gampaha,Gampaha,4.7,0,200,7.2,79.84,Low,Authentic local fish market experience,"market,fish,local,culture",
124,Negombo Beach,Beach,Gampaha,Gampaha,4.5,300,1500,7.2096,79.8356,Low,Popular beach town with lagoon,"beach,lagoon,fishing,relaxation",
125,Henarathgoda Botanical Garden,Nature,Gampaha,Gampaha,4.9,300,800,7.1667,80.0167,Low,Second oldest botanical garden in Sri Lanka,"garden,botanical,nature,scenic",
126,Henarathgoda Botanical Garden,Nature,Gampaha,Gampaha,4.7,300,800,7.1667,80.0167,Low,Second oldest botanical garden in Sri Lanka,"garden,botanical,nature,scenic",
127,St Mary's Church Negombo,Religious,Gampaha,Gampaha,3,0,300,7.2096,79.8356,Low,Historic Catholic church in Negombo,"church,catholic,colonial,religious",
128,Lellama Fish Market,Cultural,Gampaha,Gampaha,4.6,0,200,7.2,79.84,Low,Authentic local fish market experience,"market,fish,local,culture",
129,St Mary's Church Negombo,Religious,Gampaha,Gampaha,3.9,0,300,7.2096,79.8356,Low,Historic Catholic church in Negombo,"church,catholic,colonial,religious",
130,Negombo Beach,Beach,Gampaha,Gampaha,3.7,300,1500,7.2096,79.8356,Low,Popular beach town with lagoon,"beach,lagoon,fishing,relaxation",
131,Lellama Fish Market,Cultural,Gampaha,Gampaha,4.1,0,200,7.2,79.84,Low,Authentic local fish market experience,"market,fish,local,culture",
132,Henarathgoda Botanical Garden,Nature,Gampaha,Gampaha,4.1,300,800,7.1667,80.0167,Low,Second oldest botanical garden in Sri Lanka,"garden,botanical,nature,scenic",
133,St Mary's Church Negombo,Religious,Gampaha,Gampaha,4.1,0,300,7.2096,79.8356,Low,Historic Catholic church in Negombo,"church,catholic,colonial,religious",
134,Negombo Fish Market,Cultural,Gampaha,Gampaha,4.5,0,300,7.2096,79.8356,Low,Bustling early morning fish market,"market,fish,culture,local",
135,Henarathgoda Botanical Garden,Nature,Gampaha,Gampaha,4.4,300,800,7.1667,80.0167,Low,Second oldest botanical garden in Sri Lanka,"garden,botanical,nature,scenic",
136,Lellama Fish Market,Cultural,Gampaha,Gampaha,3,0,200,7.2,79.84,Low,Authentic local fish market experience,"market,fish,local,culture",
137,Negombo Fish Market,Cultural,Gampaha,Gampaha,4.8,0,300,7.2096,79.8356,Low,Bustling early morning fish market,"market,fish,culture,local",
138,Negombo Fish Market,Cultural,Gampaha,Gampaha,3.1,0,300,7.2096,79.8356,Low,Bustling early morning fish market,"market,fish,culture,local",
139,Henarathgoda Botanical Garden,Nature,Gampaha,Gampaha,3.1,300,800,7.1667,80.0167,Low,Second oldest botanical garden in Sri Lanka,"garden,botanical,nature,scenic",
140,Henarathgoda Botanical Garden,Nature,Gampaha,Gampaha,4.6,300,800,7.1667,80.0167,Low,Second oldest botanical garden in Sri Lanka,"garden,botanical,nature,scenic",
141,Negombo Fish Market,Cultural,Gampaha,Gampaha,3.5,0,300,7.2096,79.8356,Low,Bustling early morning fish market,"market,fish,culture,local",
142,Muthurajawela Wetland,Nature,Gampaha,Gampaha,4.3,500,1500,7.1333,79.9,Medium,Unique wetland with boat safari and birds,"wetland,birds,boat,nature",
143,Negombo Beach,Beach,Gampaha,Gampaha,3.1,300,1500,7.2096,79.8356,Low,Popular beach town with lagoon,"beach,lagoon,fishing,relaxation",
144,Lellama Fish Market,Cultural,Gampaha,Gampaha,3.5,0,200,7.2,79.84,Low,Authentic local fish market experience,"market,fish,local,culture",
145,Lellama Fish Market,Cultural,Gampaha,Gampaha,3.7,0,200,7.2,79.84,Low,Authentic local fish market experience,"market,fish,local,culture",
146,Negombo Beach,Beach,Gampaha,Gampaha,3,300,1500,7.2096,79.8356,Low,Popular beach town with lagoon,"beach,lagoon,fishing,relaxation",
147,Lellama Fish Market,Cultural,Gampaha,Gampaha,3.8,0,200,7.2,79.84,Low,Authentic local fish market experience,"market,fish,local,culture",
148,Muthurajawela Wetland,Nature,Gampaha,Gampaha,4,500,1500,7.1333,79.9,Medium,Unique wetland with boat safari and birds,"wetland,birds,boat,nature",
149,Lellama Fish Market,Cultural,Gampaha,Gampaha,3.2,0,200,7.2,79.84,Low,Authentic local fish market experience,"market,fish,local,culture",
150,St Mary's Church Negombo,Religious,Gampaha,Gampaha,4,0,300,7.2096,79.8356,Low,Historic Catholic church in Negombo,"church,catholic,colonial,religious",
151,Negombo Fish Market,Cultural,Gampaha,Gampaha,4.1,0,300,7.2096,79.8356,Low,Bustling early morning fish market,"market,fish,culture,local",
152,Henarathgoda Botanical Garden,Nature,Gampaha,Gampaha,3.4,300,800,7.1667,80.0167,Low,Second oldest botanical garden in Sri Lanka,"garden,botanical,nature,scenic",
153,Muthurajawela Wetland,Nature,Gampaha,Gampaha,4.1,500,1500,7.1333,79.9,Medium,Unique wetland with boat safari and birds,"wetland,birds,boat,nature",
154,Lellama Fish Market,Cultural,Gampaha,Gampaha,3,0,200,7.2,79.84,Low,Authentic local fish market experience,"market,fish,local,culture",
155,Henarathgoda Botanical Garden,Nature,Gampaha,Gampaha,4.8,300,800,7.1667,80.0167,Low,Second oldest botanical garden in Sri Lanka,"garden,botanical,nature,scenic",
156,St Mary's Church Negombo,Religious,Gampaha,Gampaha,3.7,0,300,7.2096,79.8356,Low,Historic Catholic church in Negombo,"church,catholic,colonial,religious",
157,Muthurajawela Wetland,Nature,Gampaha,Gampaha,4.5,500,1500,7.1333,79.9,Medium,Unique wetland with boat safari and birds,"wetland,birds,boat,nature",
158,Negombo Beach,Beach,Gampaha,Gampaha,3.7,300,1500,7.2096,79.8356,Low,Popular beach town with lagoon,"beach,lagoon,fishing,relaxation",
159,St Mary's Church Negombo,Religious,Gampaha,Gampaha,3.7,0,300,7.2096,79.8356,Low,Historic Catholic church in Negombo,"church,catholic,colonial,religious",
160,St Mary's Church Negombo,Religious,Gampaha,Gampaha,3.5,0,300,7.2096,79.8356,Low,Historic Catholic church in Negombo,"church,catholic,colonial,religious",
161,Negombo Fish Market,Cultural,Gampaha,Gampaha,3.6,0,300,7.2096,79.8356,Low,Bustling early morning fish market,"market,fish,culture,local",
162,Negombo Beach,Beach,Gampaha,Gampaha,4.3,300,1500,7.2096,79.8356,Low,Popular beach town with lagoon,"beach,lagoon,fishing,relaxation",
163,Muthurajawela Wetland,Nature,Gampaha,Gampaha,4.8,500,1500,7.1333,79.9,Medium,Unique wetland with boat safari and birds,"wetland,birds,boat,nature",
164,Negombo Beach,Beach,Gampaha,Gampaha,4.9,300,1500,7.2096,79.8356,Low,Popular beach town with lagoon,"beach,lagoon,fishing,relaxation",
165,St Mary's Church Negombo,Religious,Gampaha,Gampaha,3.5,0,300,7.2096,79.8356,Low,Historic Catholic church in Negombo,"church,catholic,colonial,religious",
166,St Mary's Church Negombo,Religious,Gampaha,Gampaha,4.8,0,300,7.2096,79.8356,Low,Historic Catholic church in Negombo,"church,catholic,colonial,religious",
167,Lellama Fish Market,Cultural,Gampaha,Gampaha,3.3,0,200,7.2,79.84,Low,Authentic local fish market experience,"market,fish,local,culture",
168,Lellama Fish Market,Cultural,Gampaha,Gampaha,3.8,0,200,7.2,79.84,Low,Authentic local fish market experience,"market,fish,local,culture",
169,Lellama Fish Market,Cultural,Gampaha,Gampaha,4.2,0,200,7.2,79.84,Low,Authentic local fish market experience,"market,fish,local,culture",
170,Lellama Fish Market,Cultural,Gampaha,Gampaha,4.4,0,200,7.2,79.84,Low,Authentic local fish market experience,"market,fish,local,culture",
171,Muthurajawela Wetland,Nature,Gampaha,Gampaha,3.5,500,1500,7.1333,79.9,Medium,Unique wetland with boat safari and birds,"wetland,birds,boat,nature",
172,Henarathgoda Botanical Garden,Nature,Gampaha,Gampaha,3.9,300,800,7.1667,80.0167,Low,Second oldest botanical garden in Sri Lanka,"garden,botanical,nature,scenic",
173,St Mary's Church Negombo,Religious,Gampaha,Gampaha,4.8,0,300,7.2096,79.8356,Low,Historic Catholic church in Negombo,"church,catholic,colonial,religious",
174,St Mary's Church Negombo,Religious,Gampaha,Gampaha,3.9,0,300,7.2096,79.8356,Low,Historic Catholic church in Negombo,"church,catholic,colonial,religious",
175,Henarathgoda Botanical Garden,Nature,Gampaha,Gampaha,3.4,300,800,7.1667,80.0167,Low,Second oldest botanical garden in Sri Lanka,"garden,botanical,nature,scenic",
176,Henarathgoda Botanical Garden,Nature,Gampaha,Gampaha,4.2,300,800,7.1667,80.0167,Low,Second oldest botanical garden in Sri Lanka,"garden,botanical,nature,scenic",
177,Lellama Fish Market,Cultural,Gampaha,Gampaha,4.6,0,200,7.2,79.84,Low,Authentic local fish market experience,"market,fish,local,culture",
178,Henarathgoda Botanical Garden,Nature,Gampaha,Gampaha,3.6,300,800,7.1667,80.0167,Low,Second oldest botanical garden in Sri Lanka,"garden,botanical,nature,scenic",
179,Lellama Fish Market,Cultural,Gampaha,Gampaha,4.8,0,200,7.2,79.84,Low,Authentic local fish market experience,"market,fish,local,culture",
180,Henarathgoda Botanical Garden,Nature,Gampaha,Gampaha,3.9,300,800,7.1667,80.0167,Low,Second oldest botanical garden in Sri Lanka,"garden,botanical,nature,scenic",
181,Henarathgoda Botanical Garden,Nature,Gampaha,Gampaha,4.3,300,800,7.1667,80.0167,Low,Second oldest botanical garden in Sri Lanka,"garden,botanical,nature,scenic",
182,Negombo Fish Market,Cultural,Gampaha,Gampaha,4.8,0,300,7.2096,79.8356,Low,Bustling early morning fish market,"market,fish,culture,local",
183,St Mary's Church Negombo,Religious,Gampaha,Gampaha,3.1,0,300,7.2096,79.8356,Low,Historic Catholic church in Negombo,"church,catholic,colonial,religious",
184,Negombo Fish Market,Cultural,Gampaha,Gampaha,4.9,0,300,7.2096,79.8356,Low,Bustling early morning fish market,"market,fish,culture,local",
185,Negombo Beach,Beach,Gampaha,Gampaha,3.4,300,1500,7.2096,79.8356,Low,Popular beach town with lagoon,"beach,lagoon,fishing,relaxation",
186,Henarathgoda Botanical Garden,Nature,Gampaha,Gampaha,4.5,300,800,7.1667,80.0167,Low,Second oldest botanical garden in Sri Lanka,"garden,botanical,nature,scenic",
187,St Mary's Church Negombo,Religious,Gampaha,Gampaha,4.8,0,300,7.2096,79.8356,Low,Historic Catholic church in Negombo,"church,catholic,colonial,religious",
188,Muthurajawela Wetland,Nature,Gampaha,Gampaha,4.9,500,1500,7.1333,79.9,Medium,Unique wetland with boat safari and birds,"wetland,birds,boat,nature",
189,St Mary's Church Negombo,Religious,Gampaha,Gampaha,3.9,0,300,7.2096,79.8356,Low,Historic Catholic church in Negombo,"church,catholic,colonial,religious",
190,Lellama Fish Market,Cultural,Gampaha,Gampaha,4.9,0,200,7.2,79.84,Low,Authentic local fish market experience,"market,fish,local,culture",
191,St Mary's Church Negombo,Religious,Gampaha,Gampaha,3.3,0,300,7.2096,79.8356,Low,Historic Catholic church in Negombo,"church,catholic,colonial,religious",
192,Henarathgoda Botanical Garden,Nature,Gampaha,Gampaha,3.2,300,800,7.1667,80.0167,Low,Second oldest botanical garden in Sri Lanka,"garden,botanical,nature,scenic",
193,Henarathgoda Botanical Garden,Nature,Gampaha,Gampaha,3.1,300,800,7.1667,80.0167,Low,Second oldest botanical garden in Sri Lanka,"garden,botanical,nature,scenic",
194,Negombo Fish Market,Cultural,Gampaha,Gampaha,4.2,0,300,7.2096,79.8356,Low,Bustling early morning fish market,"market,fish,culture,local",
195,Negombo Fish Market,Cultural,Gampaha,Gampaha,4.1,0,300,7.2096,79.8356,Low,Bustling early morning fish market,"market,fish,culture,local",
196,Henarathgoda Botanical Garden,Nature,Gampaha,Gampaha,4.2,300,800,7.1667,80.0167,Low,Second oldest botanical garden in Sri Lanka,"garden,botanical,nature,scenic",
197,Henarathgoda Botanical Garden,Nature,Gampaha,Gampaha,4.4,300,800,7.1667,80.0167,Low,Second oldest botanical garden in Sri Lanka,"garden,botanical,nature,scenic",
198,St Mary's Church Negombo,Religious,Gampaha,Gampaha,3.2,0,300,7.2096,79.8356,Low,Historic Catholic church in Negombo,"church,catholic,colonial,religious",
199,Muthurajawela Wetland,Nature,Gampaha,Gampaha,3.3,500,1500,7.1333,79.9,Medium,Unique wetland with boat safari and birds,"wetland,birds,boat,nature",
200,Negombo Fish Market,Cultural,Gampaha,Gampaha,3.9,0,300,7.2096,79.8356,Low,Bustling early morning fish market,"market,fish,culture,local",
201,Lellama Fish Market,Cultural,Gampaha,Gampaha,3.7,0,200,7.2,79.84,Low,Authentic local fish market experience,"market,fish,local,culture",
202,Muthurajawela Wetland,Nature,Gampaha,Gampaha,4,500,1500,7.1333,79.9,Medium,Unique wetland with boat safari and birds,"wetland,birds,boat,nature",
203,Henarathgoda Botanical Garden,Nature,Gampaha,Gampaha,3.3,300,800,7.1667,80.0167,Low,Second oldest botanical garden in Sri Lanka,"garden,botanical,nature,scenic",
204,Henarathgoda Botanical Garden,Nature,Gampaha,Gampaha,3.1,300,800,7.1667,80.0167,Low,Second oldest botanical garden in Sri Lanka,"garden,botanical,nature,scenic",
205,Negombo Beach,Beach,Gampaha,Gampaha,4.9,300,1500,7.2096,79.8356,Low,Popular beach town with lagoon,"beach,lagoon,fishing,relaxation",
206,Muthurajawela Wetland,Nature,Gampaha,Gampaha,3.4,500,1500,7.1333,79.9,Medium,Unique wetland with boat safari and birds,"wetland,birds,boat,nature",
207,Lellama Fish Market,Cultural,Gampaha,Gampaha,5,0,200,7.2,79.84,Low,Authentic local fish market experience,"market,fish,local,culture",
208,Henarathgoda Botanical Garden,Nature,Gampaha,Gampaha,3.1,300,800,7.1667,80.0167,Low,Second oldest botanical garden in Sri Lanka,"garden,botanical,nature,scenic",
209,Muthurajawela Wetland,Nature,Gampaha,Gampaha,4.7,500,1500,7.1333,79.9,Medium,Unique wetland with boat safari and birds,"wetland,birds,boat,nature",
210,Muthurajawela Wetland,Nature,Gampaha,Gampaha,4.4,500,1500,7.1333,79.9,Medium,Unique wetland with boat safari and birds,"wetland,birds,boat,nature",
211,Muthurajawela Wetland,Nature,Gampaha,Gampaha,4.8,500,1500,7.1333,79.9,Medium,Unique wetland with boat safari and birds,"wetland,birds,boat,nature",
212,Muthurajawela Wetland,Nature,Gampaha,Gampaha,3.8,500,1500,7.1333,79.9,Medium,Unique wetland with boat safari and birds,"wetland,birds,boat,nature",
213,Negombo Beach,Beach,Gampaha,Gampaha,4.2,300,1500,7.2096,79.8356,Low,Popular beach town with lagoon,"beach,lagoon,fishing,relaxation",
214,Muthurajawela Wetland,Nature,Gampaha,Gampaha,4.4,500,1500,7.1333,79.9,Medium,Unique wetland with boat safari and birds,"wetland,birds,boat,nature",
215,Muthurajawela Wetland,Nature,Gampaha,Gampaha,4.2,500,1500,7.1333,79.9,Medium,Unique wetland with boat safari and birds,"wetland,birds,boat,nature",
216,Lellama Fish Market,Cultural,Gampaha,Gampaha,4.1,0,200,7.2,79.84,Low,Authentic local fish market experience,"market,fish,local,culture",
217,Negombo Fish Market,Cultural,Gampaha,Gampaha,4.1,0,300,7.2096,79.8356,Low,Bustling early morning fish market,"market,fish,culture,local",
218,Lellama Fish Market,Cultural,Gampaha,Gampaha,4.6,0,200,7.2,79.84,Low,Authentic local fish market experience,"market,fish,local,culture",
219,Negombo Fish Market,Cultural,Gampaha,Gampaha,3.2,0,300,7.2096,79.8356,Low,Bustling early morning fish market,"market,fish,culture,local",
220,Muthurajawela Wetland,Nature,Gampaha,Gampaha,4.7,500,1500,7.1333,79.9,Medium,Unique wetland with boat safari and birds,"wetland,birds,boat,nature",
1,Yala National Park,Wildlife,Hambantota,Hambantota,4.9,5000,15000,6.3728,81.5216,High,Sri Lanka's most famous wildlife reserve,"leopard,elephant,wildlife,safari",images/yala.jpg
2,Bundala National Park,Wildlife,Hambantota,Hambantota,4.6,2500,6000,6.1983,81.2172,Medium,Ramsar wetland with flamingos,"flamingo,birds,wetland,wildlife",
3,Hambantota Port,Nature,Hambantota,Hambantota,3.9,0,400,6.1236,81.1264,Low,Modern deep sea port - engineering marvel,"port,modern,engineering,scenic",
4,Ussangoda National Park,Nature,Hambantota,Hambantota,4.8,200,800,6.1167,81.05,Low,Unique red earth plateau near ocean,"plateau,unique,nature,scenic",
5,Mulkirigala Cave Temple,Religious,Hambantota,Hambantota,3.7,200,800,6.075,80.6175,Low,Ancient cave temple with panoramic views,"cave,temple,ancient,religious",
6,Ridiyagama Safari Park,Wildlife,Hambantota,Hambantota,4.2,2000,5000,6.15,81.0333,Medium,Drive-through safari with diverse animals,"safari,animals,wildlife,family",
7,Kataragama Temple,Religious,Hambantota,Hambantota,4,0,500,6.414,81.331,Low,Most sacred multi-religious site in Sri Lanka,"temple,sacred,religious,pilgrimage",
8,Rekawa Beach,Wildlife,Hambantota,Hambantota,4.7,500,1500,6.05,80.85,Medium,Sea turtle nesting beach,"turtle,nesting,beach,wildlife",
9,Kataragama Temple,Religious,Hambantota,Hambantota,4.6,0,500,6.414,81.331,Low,Most sacred multi-religious site in Sri Lanka,"temple,sacred,religious,pilgrimage",
10,Mulkirigala Cave Temple,Religious,Hambantota,Hambantota,4.7,200,800,6.075,80.6175,Low,Ancient cave temple with panoramic views,"cave,temple,ancient,religious",
11,Rekawa Beach,Wildlife,Hambantota,Hambantota,3.9,500,1500,6.05,80.85,Medium,Sea turtle nesting beach,"turtle,nesting,beach,wildlife",
12,Kataragama Temple,Religious,Hambantota,Hambantota,4.9,0,500,6.414,81.331,Low,Most sacred multi-religious site in Sri Lanka,"temple,sacred,religious,pilgrimage",
13,Ridiyagama Safari Park,Wildlife,Hambantota,Hambantota,4.4,2000,5000,6.15,81.0333,Medium,Drive-through safari with diverse animals,"safari,animals,wildlife,family",
14,Bundala National Park,Wildlife,Hambantota,Hambantota,4.6,2500,6000,6.1983,81.2172,Medium,Ramsar wetland with flamingos,"flamingo,birds,wetland,wildlife",
15,Mulkirigala Cave Temple,Religious,Hambantota,Hambantota,4,200,800,6.075,80.6175,Low,Ancient cave temple with panoramic views,"cave,temple,ancient,religious",
16,Ridiyagama Safari Park,Wildlife,Hambantota,Hambantota,3.8,2000,5000,6.15,81.0333,Medium,Drive-through safari with diverse animals,"safari,animals,wildlife,family",
17,Ridiyagama Safari Park,Wildlife,Hambantota,Hambantota,3.9,2000,5000,6.15,81.0333,Medium,Drive-through safari with diverse animals,"safari,animals,wildlife,family",
18,Yala National Park,Wildlife,Hambantota,Hambantota,4.5,5000,15000,6.3728,81.5216,High,Sri Lanka's most famous wildlife reserve,"leopard,elephant,wildlife,safari",images/yala.jpg
19,Hambantota Port,Nature,Hambantota,Hambantota,4.3,0,400,6.1236,81.1264,Low,Modern deep sea port - engineering marvel,"port,modern,engineering,scenic",
20,Hambantota Port,Nature,Hambantota,Hambantota,3,0,400,6.1236,81.1264,Low,Modern deep sea port - engineering marvel,"port,modern,engineering,scenic",
21,Ussangoda National Park,Nature,Hambantota,Hambantota,4.3,200,800,6.1167,81.05,Low,Unique red earth plateau near ocean,"plateau,unique,nature,scenic",
22,Ridiyagama Safari Park,Wildlife,Hambantota,Hambantota,4.2,2000,5000,6.15,81.0333,Medium,Drive-through safari with diverse animals,"safari,animals,wildlife,family",
23,Bundala National Park,Wildlife,Hambantota,Hambantota,3.3,2500,6000,6.1983,81.2172,Medium,Ramsar wetland with flamingos,"flamingo,birds,wetland,wildlife",
24,Hambantota Port,Nature,Hambantota,Hambantota,4.7,0,400,6.1236,81.1264,Low,Modern deep sea port - engineering marvel,"port,modern,engineering,scenic",
25,Kataragama Temple,Religious,Hambantota,Hambantota,4.6,0,500,6.414,81.331,Low,Most sacred multi-religious site in Sri Lanka,"temple,sacred,religious,pilgrimage",
26,Ridiyagama Safari Park,Wildlife,Hambantota,Hambantota,3.9,2000,5000,6.15,81.0333,Medium,Drive-through safari with diverse animals,"safari,animals,wildlife,family",
27,Hambantota Port,Nature,Hambantota,Hambantota,3.5,0,400,6.1236,81.1264,Low,Modern deep sea port - engineering marvel,"port,modern,engineering,scenic",
28,Ridiyagama Safari Park,Wildlife,Hambantota,Hambantota,4.6,2000,5000,6.15,81.0333,Medium,Drive-through safari with diverse animals,"safari,animals,wildlife,family",
29,Ussangoda National Park,Nature,Hambantota,Hambantota,3.2,200,800,6.1167,81.05,Low,Unique red earth plateau near ocean,"plateau,unique,nature,scenic",
30,Ridiyagama Safari Park,Wildlife,Hambantota,Hambantota,3.4,2000,5000,6.15,81.0333,Medium,Drive-through safari with diverse animals,"safari,animals,wildlife,family",
31,Kataragama Temple,Religious,Hambantota,Hambantota,4.9,0,500,6.414,81.331,Low,Most sacred multi-religious site in Sri Lanka,"temple,sacred,religious,pilgrimage",
32,Ussangoda National Park,Nature,Hambantota,Hambantota,3,200,800,6.1167,81.05,Low,Unique red earth plateau near ocean,"plateau,unique,nature,scenic",
33,Yala National Park,Wildlife,Hambantota,Hambantota,4.8,5000,15000,6.3728,81.5216,High,Sri Lanka's most famous wildlife reserve,"leopard,elephant,wildlife,safari",images/yala.jpg
34,Ussangoda National Park,Nature,Hambantota,Hambantota,4.8,200,800,6.1167,81.05,Low,Unique red earth plateau near ocean,"plateau,unique,nature,scenic",
35,Rekawa Beach,Wildlife,Hambantota,Hambantota,3.4,500,1500,6.05,80.85,Medium,Sea turtle nesting beach,"turtle,nesting,beach,wildlife",
36,Hambantota Port,Nature,Hambantota,Hambantota,3.1,0,400,6.1236,81.1264,Low,Modern deep sea port - engineering marvel,"port,modern,engineering,scenic",
37,Kataragama Temple,Religious,Hambantota,Hambantota,4.2,0,500,6.414,81.331,Low,Most sacred multi-religious site in Sri Lanka,"temple,sacred,religious,pilgrimage",
38,Hambantota Port,Nature,Hambantota,Hambantota,3.2,0,400,6.1236,81.1264,Low,Modern deep sea port - engineering marvel,"port,modern,engineering,scenic",
39,Ridiyagama Safari Park,Wildlife,Hambantota,Hambantota,3.3,2000,5000,6.15,81.0333,Medium,Drive-through safari with diverse animals,"safari,animals,wildlife,family",
40,Bundala National Park,Wildlife,Hambantota,Hambantota,3,2500,6000,6.1983,81.2172,Medium,Ramsar wetland with flamingos,"flamingo,birds,wetland,wildlife",
41,Kataragama Temple,Religious,Hambantota,Hambantota,4.5,0,500,6.414,81.331,Low,Most sacred multi-religious site in Sri Lanka,"temple,sacred,religious,pilgrimage",
42,Rekawa Beach,Wildlife,Hambantota,Hambantota,4.7,500,1500,6.05,80.85,Medium,Sea turtle nesting beach,"turtle,nesting,beach,wildlife",
43,Rekawa Beach,Wildlife,Hambantota,Hambantota,3.2,500,1500,6.05,80.85,Medium,Sea turtle nesting beach,"turtle,nesting,beach,wildlife",
44,Ussangoda National Park,Nature,Hambantota,Hambantota,3.4,200,800,6.1167,81.05,Low,Unique red earth plateau near ocean,"plateau,unique,nature,scenic",
45,Mulkirigala Cave Temple,Religious,Hambantota,Hambantota,3.6,200,800,6.075,80.6175,Low,Ancient cave temple with panoramic views,"cave,temple,ancient,religious",
46,Rekawa Beach,Wildlife,Hambantota,Hambantota,3.8,500,1500,6.05,80.85,Medium,Sea turtle nesting beach,"turtle,nesting,beach,wildlife",
47,Kataragama Temple,Religious,Hambantota,Hambantota,4.7,0,500,6.414,81.331,Low,Most sacred multi-religious site in Sri Lanka,"temple,sacred,religious,pilgrimage",
48,Ussangoda National Park,Nature,Hambantota,Hambantota,5,200,800,6.1167,81.05,Low,Unique red earth plateau near ocean,"plateau,unique,nature,scenic",
49,Mulkirigala Cave Temple,Religious,Hambantota,Hambantota,4.5,200,800,6.075,80.6175,Low,Ancient cave temple with panoramic views,"cave,temple,ancient,religious",
50,Ussangoda National Park,Nature,Hambantota,Hambantota,3.8,200,800,6.1167,81.05,Low,Unique red earth plateau near ocean,"plateau,unique,nature,scenic",
51,Kataragama Temple,Religious,Hambantota,Hambantota,4.6,0,500,6.414,81.331,Low,Most sacred multi-religious site in Sri Lanka,"temple,sacred,religious,pilgrimage",
52,Yala National Park,Wildlife,Hambantota,Hambantota,3.6,5000,15000,6.3728,81.5216,High,Sri Lanka's most famous wildlife reserve,"leopard,elephant,wildlife,safari",images/yala.jpg
53,Mulkirigala Cave Temple,Religious,Hambantota,Hambantota,3.5,200,800,6.075,80.6175,Low,Ancient cave temple with panoramic views,"cave,temple,ancient,religious",
54,Rekawa Beach,Wildlife,Hambantota,Hambantota,4.8,500,1500,6.05,80.85,Medium,Sea turtle nesting beach,"turtle,nesting,beach,wildlife",
55,Ridiyagama Safari Park,Wildlife,Hambantota,Hambantota,4.2,2000,5000,6.15,81.0333,Medium,Drive-through safari with diverse animals,"safari,animals,wildlife,family",
56,Rekawa Beach,Wildlife,Hambantota,Hambantota,3.2,500,1500,6.05,80.85,Medium,Sea turtle nesting beach,"turtle,nesting,beach,wildlife",
57,Rekawa Beach,Wildlife,Hambantota,Hambantota,3.3,500,1500,6.05,80.85,Medium,Sea turtle nesting beach,"turtle,nesting,beach,wildlife",
58,Ridiyagama Safari Park,Wildlife,Hambantota,Hambantota,4.9,2000,5000,6.15,81.0333,Medium,Drive-through safari with diverse animals,"safari,animals,wildlife,family",
59,Kataragama Temple,Religious,Hambantota,Hambantota,4.4,0,500,6.414,81.331,Low,Most sacred multi-religious site in Sri Lanka,"temple,sacred,religious,pilgrimage",
60,Kataragama Temple,Religious,Hambantota,Hambantota,4.4,0,500,6.414,81.331,Low,Most sacred multi-religious site in Sri Lanka,"temple,sacred,religious,pilgrimage",
61,Mulkirigala Cave Temple,Religious,Hambantota,Hambantota,3.1,200,800,6.075,80.6175,Low,Ancient cave temple with panoramic views,"cave,temple,ancient,religious",
62,Yala National Park,Wildlife,Hambantota,Hambantota,3.1,5000,15000,6.3728,81.5216,High,Sri Lanka's most famous wildlife reserve,"leopard,elephant,wildlife,safari",images/yala.jpg
63,Ussangoda National Park,Nature,Hambantota,Hambantota,3.9,200,800,6.1167,81.05,Low,Unique red earth plateau near ocean,"plateau,unique,nature,scenic",
64,Ridiyagama Safari Park,Wildlife,Hambantota,Hambantota,5,2000,5000,6.15,81.0333,Medium,Drive-through safari with diverse animals,"safari,animals,wildlife,family",
65,Yala National Park,Wildlife,Hambantota,Hambantota,3,5000,15000,6.3728,81.5216,High,Sri Lanka's most famous wildlife reserve,"leopard,elephant,wildlife,safari",images/yala.jpg
66,Kataragama Temple,Religious,Hambantota,Hambantota,3.6,0,500,6.414,81.331,Low,Most sacred multi-religious site in Sri Lanka,"temple,sacred,religious,pilgrimage",
67,Kataragama Temple,Religious,Hambantota,Hambantota,4.3,0,500,6.414,81.331,Low,Most sacred multi-religious site in Sri Lanka,"temple,sacred,religious,pilgrimage",
68,Hambantota Port,Nature,Hambantota,Hambantota,4.9,0,400,6.1236,81.1264,Low,Modern deep sea port - engineering marvel,"port,modern,engineering,scenic",
69,Yala National Park,Wildlife,Hambantota,Hambantota,4.2,5000,15000,6.3728,81.5216,High,Sri Lanka's most famous wildlife reserve,"leopard,elephant,wildlife,safari",images/yala.jpg
70,Mulkirigala Cave Temple,Religious,Hambantota,Hambantota,3.3,200,800,6.075,80.6175,Low,Ancient cave temple with panoramic views,"cave,temple,ancient,religious",
71,Rekawa Beach,Wildlife,Hambantota,Hambantota,4.9,500,1500,6.05,80.85,Medium,Sea turtle nesting beach,"turtle,nesting,beach,wildlife",
72,Rekawa Beach,Wildlife,Hambantota,Hambantota,3.3,500,1500,6.05,80.85,Medium,Sea turtle nesting beach,"turtle,nesting,beach,wildlife",
73,Ridiyagama Safari Park,Wildlife,Hambantota,Hambantota,4.4,2000,5000,6.15,81.0333,Medium,Drive-through safari with diverse animals,"safari,animals,wildlife,family",
74,Kataragama Temple,Religious,Hambantota,Hambantota,3.3,0,500,6.414,81.331,Low,Most sacred multi-religious site in Sri Lanka,"temple,sacred,religious,pilgrimage",
75,Bundala National Park,Wildlife,Hambantota,Hambantota,3.6,2500,6000,6.1983,81.2172,Medium,Ramsar wetland with flamingos,"flamingo,birds,wetland,wildlife",
76,Hambantota Port,Nature,Hambantota,Hambantota,4,0,400,6.1236,81.1264,Low,Modern deep sea port - engineering marvel,"port,modern,engineering,scenic",
77,Mulkirigala Cave Temple,Religious,Hambantota,Hambantota,4.5,200,800,6.075,80.6175,Low,Ancient cave temple with panoramic views,"cave,temple,ancient,religious",
78,Kataragama Temple,Religious,Hambantota,Hambantota,3.6,0,500,6.414,81.331,Low,Most sacred multi-religious site in Sri Lanka,"temple,sacred,religious,pilgrimage",
79,Mulkirigala Cave Temple,Religious,Hambantota,Hambantota,4.2,200,800,6.075,80.6175,Low,Ancient cave temple with panoramic views,"cave,temple,ancient,religious",
80,Mulkirigala Cave Temple,Religious,Hambantota,Hambantota,4,200,800,6.075,80.6175,Low,Ancient cave temple with panoramic views,"cave,temple,ancient,religious",
81,Kataragama Temple,Religious,Hambantota,Hambantota,4.8,0,500,6.414,81.331,Low,Most sacred multi-religious site in Sri Lanka,"temple,sacred,religious,pilgrimage",
82,Ridiyagama Safari Park,Wildlife,Hambantota,Hambantota,4.5,2000,5000,6.15,81.0333,Medium,Drive-through safari with diverse animals,"safari,animals,wildlife,family",
83,Rekawa Beach,Wildlife,Hambantota,Hambantota,4.5,500,1500,6.05,80.85,Medium,Sea turtle nesting beach,"turtle,nesting,beach,wildlife",
84,Hambantota Port,Nature,Hambantota,Hambantota,4.1,0,400,6.1236,81.1264,Low,Modern deep sea port - engineering marvel,"port,modern,engineering,scenic",
85,Rekawa Beach,Wildlife,Hambantota,Hambantota,3.1,500,1500,6.05,80.85,Medium,Sea turtle nesting beach,"turtle,nesting,beach,wildlife",
86,Hambantota Port,Nature,Hambantota,Hambantota,3.1,0,400,6.1236,81.1264,Low,Modern deep sea port - engineering marvel,"port,modern,engineering,scenic",
87,Hambantota Port,Nature,Hambantota,Hambantota,3.1,0,400,6.1236,81.1264,Low,Modern deep sea port - engineering marvel,"port,modern,engineering,scenic",
88,Mulkirigala Cave Temple,Religious,Hambantota,Hambantota,3.3,200,800,6.075,80.6175,Low,Ancient cave temple with panoramic views,"cave,temple,ancient,religious",
89,Rekawa Beach,Wildlife,Hambantota,Hambantota,3.9,500,1500,6.05,80.85,Medium,Sea turtle nesting beach,"turtle,nesting,beach,wildlife",
90,Rekawa Beach,Wildlife,Hambantota,Hambantota,3.1,500,1500,6.05,80.85,Medium,Sea turtle nesting beach,"turtle,nesting,beach,wildlife",
91,Ridiyagama Safari Park,Wildlife,Hambantota,Hambantota,5,2000,5000,6.15,81.0333,Medium,Drive-through safari with diverse animals,"safari,animals,wildlife,family",
92,Rekawa Beach,Wildlife,Hambantota,Hambantota,3.9,500,1500,6.05,80.85,Medium,Sea turtle nesting beach,"turtle,nesting,beach,wildlife",
93,Bundala National Park,Wildlife,Hambantota,Hambantota,4.7,2500,6000,6.1983,81.2172,Medium,Ramsar wetland with flamingos,"flamingo,birds,wetland,wildlife",
94,Hambantota Port,Nature,Hambantota,Hambantota,3.2,0,400,6.1236,81.1264,Low,Modern deep sea port - engineering marvel,"port,modern,engineering,scenic",
95,Bundala National Park,Wildlife,Hambantota,Hambantota,3.4,2500,6000,6.1983,81.2172,Medium,Ramsar wetland with flamingos,"flamingo,birds,wetland,wildlife",
96,Mulkirigala Cave Temple,Religious,Hambantota,Hambantota,3.4,200,800,6.075,80.6175,Low,Ancient cave temple with panoramic views,"cave,temple,ancient,religious",
97,Hambantota Port,Nature,Hambantota,Hambantota,4.5,0,400,6.1236,81.1264,Low,Modern deep sea port - engineering marvel,"port,modern,engineering,scenic",
98,Mulkirigala Cave Temple,Religious,Hambantota,Hambantota,4.1,200,800,6.075,80.6175,Low,Ancient cave temple with panoramic views,"cave,temple,ancient,religious",
99,Ussangoda National Park,Nature,Hambantota,Hambantota,4.2,200,800,6.1167,81.05,Low,Unique red earth plateau near ocean,"plateau,unique,nature,scenic",
100,Yala National Park,Wildlife,Hambantota,Hambantota,4.1,5000,15000,6.3728,81.5216,High,Sri Lanka's most famous wildlife reserve,"leopard,elephant,wildlife,safari",images/yala.jpg
101,Hambantota Port,Nature,Hambantota,Hambantota,3.8,0,400,6.1236,81.1264,Low,Modern deep sea port - engineering marvel,"port,modern,engineering,scenic",
102,Bundala National Park,Wildlife,Hambantota,Hambantota,3.5,2500,6000,6.1983,81.2172,Medium,Ramsar wetland with flamingos,"flamingo,birds,wetland,wildlife",
103,Rekawa Beach,Wildlife,Hambantota,Hambantota,4.4,500,1500,6.05,80.85,Medium,Sea turtle nesting beach,"turtle,nesting,beach,wildlife",
104,Ridiyagama Safari Park,Wildlife,Hambantota,Hambantota,3.1,2000,5000,6.15,81.0333,Medium,Drive-through safari with diverse animals,"safari,animals,wildlife,family",
105,Bundala National Park,Wildlife,Hambantota,Hambantota,3.8,2500,6000,6.1983,81.2172,Medium,Ramsar wetland with flamingos,"flamingo,birds,wetland,wildlife",
106,Bundala National Park,Wildlife,Hambantota,Hambantota,4.7,2500,6000,6.1983,81.2172,Medium,Ramsar wetland with flamingos,"flamingo,birds,wetland,wildlife",
107,Hambantota Port,Nature,Hambantota,Hambantota,3.1,0,400,6.1236,81.1264,Low,Modern deep sea port - engineering marvel,"port,modern,engineering,scenic",
108,Rekawa Beach,Wildlife,Hambantota,Hambantota,4.7,500,1500,6.05,80.85,Medium,Sea turtle nesting beach,"turtle,nesting,beach,wildlife",
109,Rekawa Beach,Wildlife,Hambantota,Hambantota,3.9,500,1500,6.05,80.85,Medium,Sea turtle nesting beach,"turtle,nesting,beach,wildlife",
110,Mulkirigala Cave Temple,Religious,Hambantota,Hambantota,4.2,200,800,6.075,80.6175,Low,Ancient cave temple with panoramic views,"cave,temple,ancient,religious",
111,Yala National Park,Wildlife,Hambantota,Hambantota,3.7,5000,15000,6.3728,81.5216,High,Sri Lanka's most famous wildlife reserve,"leopard,elephant,wildlife,safari",images/yala.jpg
112,Yala National Park,Wildlife,Hambantota,Hambantota,4.3,5000,15000,6.3728,81.5216,High,Sri Lanka's most famous wildlife reserve,"leopard,elephant,wildlife,safari",images/yala.jpg
113,Rekawa Beach,Wildlife,Hambantota,Hambantota,3.6,500,1500,6.05,80.85,Medium,Sea turtle nesting beach,"turtle,nesting,beach,wildlife",
114,Hambantota Port,Nature,Hambantota,Hambantota,3.4,0,400,6.1236,81.1264,Low,Modern deep sea port - engineering marvel,"port,modern,engineering,scenic",
115,Yala National Park,Wildlife,Hambantota,Hambantota,4.6,5000,15000,6.3728,81.5216,High,Sri Lanka's most famous wildlife reserve,"leopard,elephant,wildlife,safari",images/yala.jpg
116,Mulkirigala Cave Temple,Religious,Hambantota,Hambantota,3.6,200,800,6.075,80.6175,Low,Ancient cave temple with panoramic views,"cave,temple,ancient,religious",
117,Yala National Park,Wildlife,Hambantota,Hambantota,4.5,5000,15000,6.3728,81.5216,High,Sri Lanka's most famous wildlife reserve,"leopard,elephant,wildlife,safari",images/yala.jpg
118,Kataragama Temple,Religious,Hambantota,Hambantota,3.2,0,500,6.414,81.331,Low,Most sacred multi-religious site in Sri Lanka,"temple,sacred,religious,pilgrimage",
119,Mulkirigala Cave Temple,Religious,Hambantota,Hambantota,3.4,200,800,6.075,80.6175,Low,Ancient cave temple with panoramic views,"cave,temple,ancient,religious",
120,Kataragama Temple,Religious,Hambantota,Hambantota,3.2,0,500,6.414,81.331,Low,Most sacred multi-religious site in Sri Lanka,"temple,sacred,religious,pilgrimage",
121,Ussangoda National Park,Nature,Hambantota,Hambantota,3.3,200,800,6.1167,81.05,Low,Unique red earth plateau near ocean,"plateau,unique,nature,scenic",
122,Kataragama Temple,Religious,Hambantota,Hambantota,3.6,0,500,6.414,81.331,Low,Most sacred multi-religious site in Sri Lanka,"temple,sacred,religious,pilgrimage",
123,Hambantota Port,Nature,Hambantota,Hambantota,3.2,0,400,6.1236,81.1264,Low,Modern deep sea port - engineering marvel,"port,modern,engineering,scenic",
124,Rekawa Beach,Wildlife,Hambantota,Hambantota,4.6,500,1500,6.05,80.85,Medium,Sea turtle nesting beach,"turtle,nesting,beach,wildlife",
125,Mulkirigala Cave Temple,Religious,Hambantota,Hambantota,4.8,200,800,6.075,80.6175,Low,Ancient cave temple with panoramic views,"cave,temple,ancient,religious",
126,Hambantota Port,Nature,Hambantota,Hambantota,3.7,0,400,6.1236,81.1264,Low,Modern deep sea port - engineering marvel,"port,modern,engineering,scenic",
127,Bundala National Park,Wildlife,Hambantota,Hambantota,4.7,2500,6000,6.1983,81.2172,Medium,Ramsar wetland with flamingos,"flamingo,birds,wetland,wildlife",
128,Ussangoda National Park,Nature,Hambantota,Hambantota,4,200,800,6.1167,81.05,Low,Unique red earth plateau near ocean,"plateau,unique,nature,scenic",
129,Kataragama Temple,Religious,Hambantota,Hambantota,4,0,500,6.414,81.331,Low,Most sacred multi-religious site in Sri Lanka,"temple,sacred,religious,pilgrimage",
130,Kataragama Temple,Religious,Hambantota,Hambantota,3.2,0,500,6.414,81.331,Low,Most sacred multi-religious site in Sri Lanka,"temple,sacred,religious,pilgrimage",
131,Kataragama Temple,Religious,Hambantota,Hambantota,4.6,0,500,6.414,81.331,Low,Most sacred multi-religious site in Sri Lanka,"temple,sacred,religious,pilgrimage",
132,Hambantota Port,Nature,Hambantota,Hambantota,3.9,0,400,6.1236,81.1264,Low,Modern deep sea port - engineering marvel,"port,modern,engineering,scenic",
133,Kataragama Temple,Religious,Hambantota,Hambantota,3.2,0,500,6.414,81.331,Low,Most sacred multi-religious site in Sri Lanka,"temple,sacred,religious,pilgrimage",
134,Ridiyagama Safari Park,Wildlife,Hambantota,Hambantota,4.9,2000,5000,6.15,81.0333,Medium,Drive-through safari with diverse animals,"safari,animals,wildlife,family",
135,Ussangoda National Park,Nature,Hambantota,Hambantota,4.3,200,800,6.1167,81.05,Low,Unique red earth plateau near ocean,"plateau,unique,nature,scenic",
136,Hambantota Port,Nature,Hambantota,Hambantota,4.9,0,400,6.1236,81.1264,Low,Modern deep sea port - engineering marvel,"port,modern,engineering,scenic",
137,Bundala National Park,Wildlife,Hambantota,Hambantota,3.6,2500,6000,6.1983,81.2172,Medium,Ramsar wetland with flamingos,"flamingo,birds,wetland,wildlife",
138,Kataragama Temple,Religious,Hambantota,Hambantota,3.2,0,500,6.414,81.331,Low,Most sacred multi-religious site in Sri Lanka,"temple,sacred,religious,pilgrimage",
139,Rekawa Beach,Wildlife,Hambantota,Hambantota,3.6,500,1500,6.05,80.85,Medium,Sea turtle nesting beach,"turtle,nesting,beach,wildlife",
140,Hambantota Port,Nature,Hambantota,Hambantota,4.4,0,400,6.1236,81.1264,Low,Modern deep sea port - engineering marvel,"port,modern,engineering,scenic",
141,Mulkirigala Cave Temple,Religious,Hambantota,Hambantota,4.7,200,800,6.075,80.6175,Low,Ancient cave temple with panoramic views,"cave,temple,ancient,religious",
142,Kataragama Temple,Religious,Hambantota,Hambantota,3.6,0,500,6.414,81.331,Low,Most sacred multi-religious site in Sri Lanka,"temple,sacred,religious,pilgrimage",
143,Yala National Park,Wildlife,Hambantota,Hambantota,4.1,5000,15000,6.3728,81.5216,High,Sri Lanka's most famous wildlife reserve,"leopard,elephant,wildlife,safari",images/yala.jpg
144,Yala National Park,Wildlife,Hambantota,Hambantota,4,5000,15000,6.3728,81.5216,High,Sri Lanka's most famous wildlife reserve,"leopard,elephant,wildlife,safari",images/yala.jpg
145,Kataragama Temple,Religious,Hambantota,Hambantota,3.8,0,500,6.414,81.331,Low,Most sacred multi-religious site in Sri Lanka,"temple,sacred,religious,pilgrimage",
146,Rekawa Beach,Wildlife,Hambantota,Hambantota,4.3,500,1500,6.05,80.85,Medium,Sea turtle nesting beach,"turtle,nesting,beach,wildlife",
147,Mulkirigala Cave Temple,Religious,Hambantota,Hambantota,3.7,200,800,6.075,80.6175,Low,Ancient cave temple with panoramic views,"cave,temple,ancient,religious",
148,Bundala National Park,Wildlife,Hambantota,Hambantota,4.5,2500,6000,6.1983,81.2172,Medium,Ramsar wetland with flamingos,"flamingo,birds,wetland,wildlife",
149,Yala National Park,Wildlife,Hambantota,Hambantota,3.2,5000,15000,6.3728,81.5216,High,Sri Lanka's most famous wildlife reserve,"leopard,elephant,wildlife,safari",images/yala.jpg
150,Rekawa Beach,Wildlife,Hambantota,Hambantota,3.4,500,1500,6.05,80.85,Medium,Sea turtle nesting beach,"turtle,nesting,beach,wildlife",
151,Hambantota Port,Nature,Hambantota,Hambantota,4.7,0,400,6.1236,81.1264,Low,Modern deep sea port - engineering marvel,"port,modern,engineering,scenic",
152,Yala National Park,Wildlife,Hambantota,Hambantota,3.2,5000,15000,6.3728,81.5216,High,Sri Lanka's most famous wildlife reserve,"leopard,elephant,wildlife,safari",images/yala.jpg
153,Mulkirigala Cave Temple,Religious,Hambantota,Hambantota,3.6,200,800,6.075,80.6175,Low,Ancient cave temple with panoramic views,"cave,temple,ancient,religious",
154,Rekawa Beach,Wildlife,Hambantota,Hambantota,4.5,500,1500,6.05,80.85,Medium,Sea turtle nesting beach,"turtle,nesting,beach,wildlife",
155,Rekawa Beach,Wildlife,Hambantota,Hambantota,4.2,500,1500,6.05,80.85,Medium,Sea turtle nesting beach,"turtle,nesting,beach,wildlife",
156,Mulkirigala Cave Temple,Religious,Hambantota,Hambantota,3.7,200,800,6.075,80.6175,Low,Ancient cave temple with panoramic views,"cave,temple,ancient,religious",
157,Hambantota Port,Nature,Hambantota,Hambantota,3.4,0,400,6.1236,81.1264,Low,Modern deep sea port - engineering marvel,"port,modern,engineering,scenic",
158,Bundala National Park,Wildlife,Hambantota,Hambantota,4.5,2500,6000,6.1983,81.2172,Medium,Ramsar wetland with flamingos,"flamingo,birds,wetland,wildlife",
159,Mulkirigala Cave Temple,Religious,Hambantota,Hambantota,4.7,200,800,6.075,80.6175,Low,Ancient cave temple with panoramic views,"cave,temple,ancient,religious",
160,Bundala National Park,Wildlife,Hambantota,Hambantota,3.9,2500,6000,6.1983,81.2172,Medium,Ramsar wetland with flamingos,"flamingo,birds,wetland,wildlife",
161,Yala National Park,Wildlife,Hambantota,Hambantota,3,5000,15000,6.3728,81.5216,High,Sri Lanka's most famous wildlife reserve,"leopard,elephant,wildlife,safari",images/yala.jpg
162,Bundala National Park,Wildlife,Hambantota,Hambantota,3,2500,6000,6.1983,81.2172,Medium,Ramsar wetland with flamingos,"flamingo,birds,wetland,wildlife",
163,Rekawa Beach,Wildlife,Hambantota,Hambantota,3.9,500,1500,6.05,80.85,Medium,Sea turtle nesting beach,"turtle,nesting,beach,wildlife",
164,Kataragama Temple,Religious,Hambantota,Hambantota,4.7,0,500,6.414,81.331,Low,Most sacred multi-religious site in Sri Lanka,"temple,sacred,religious,pilgrimage",
165,Rekawa Beach,Wildlife,Hambantota,Hambantota,3.6,500,1500,6.05,80.85,Medium,Sea turtle nesting beach,"turtle,nesting,beach,wildlife",
166,Ridiyagama Safari Park,Wildlife,Hambantota,Hambantota,4.4,2000,5000,6.15,81.0333,Medium,Drive-through safari with diverse animals,"safari,animals,wildlife,family",
167,Kataragama Temple,Religious,Hambantota,Hambantota,4.6,0,500,6.414,81.331,Low,Most sacred multi-religious site in Sri Lanka,"temple,sacred,religious,pilgrimage",
168,Bundala National Park,Wildlife,Hambantota,Hambantota,3.3,2500,6000,6.1983,81.2172,Medium,Ramsar wetland with flamingos,"flamingo,birds,wetland,wildlife",
169,Yala National Park,Wildlife,Hambantota,Hambantota,3.4,5000,15000,6.3728,81.5216,High,Sri Lanka's most famous wildlife reserve,"leopard,elephant,wildlife,safari",images/yala.jpg
170,Yala National Park,Wildlife,Hambantota,Hambantota,4.4,5000,15000,6.3728,81.5216,High,Sri Lanka's most famous wildlife reserve,"leopard,elephant,wildlife,safari",images/yala.jpg
171,Ussangoda National Park,Nature,Hambantota,Hambantota,4.7,200,800,6.1167,81.05,Low,Unique red earth plateau near ocean,"plateau,unique,nature,scenic",
172,Ussangoda National Park,Nature,Hambantota,Hambantota,4,200,800,6.1167,81.05,Low,Unique red earth plateau near ocean,"plateau,unique,nature,scenic",
173,Hambantota Port,Nature,Hambantota,Hambantota,4.3,0,400,6.1236,81.1264,Low,Modern deep sea port - engineering marvel,"port,modern,engineering,scenic",
174,Kataragama Temple,Religious,Hambantota,Hambantota,4.7,0,500,6.414,81.331,Low,Most sacred multi-religious site in Sri Lanka,"temple,sacred,religious,pilgrimage",
175,Ussangoda National Park,Nature,Hambantota,Hambantota,3.2,200,800,6.1167,81.05,Low,Unique red earth plateau near ocean,"plateau,unique,nature,scenic",
176,Rekawa Beach,Wildlife,Hambantota,Hambantota,3.3,500,1500,6.05,80.85,Medium,Sea turtle nesting beach,"turtle,nesting,beach,wildlife",
177,Kataragama Temple,Religious,Hambantota,Hambantota,3,0,500,6.414,81.331,Low,Most sacred multi-religious site in Sri Lanka,"temple,sacred,religious,pilgrimage",
178,Hambantota Port,Nature,Hambantota,Hambantota,4.8,0,400,6.1236,81.1264,Low,Modern deep sea port - engineering marvel,"port,modern,engineering,scenic",
179,Rekawa Beach,Wildlife,Hambantota,Hambantota,4.9,500,1500,6.05,80.85,Medium,Sea turtle nesting beach,"turtle,nesting,beach,wildlife",
180,Rekawa Beach,Wildlife,Hambantota,Hambantota,3,500,1500,6.05,80.85,Medium,Sea turtle nesting beach,"turtle,nesting,beach,wildlife",
181,Rekawa Beach,Wildlife,Hambantota,Hambantota,4.2,500,1500,6.05,80.85,Medium,Sea turtle nesting beach,"turtle,nesting,beach,wildlife",
182,Ussangoda National Park,Nature,Hambantota,Hambantota,3.6,200,800,6.1167,81.05,Low,Unique red earth plateau near ocean,"plateau,unique,nature,scenic",
183,Kataragama Temple,Religious,Hambantota,Hambantota,3.1,0,500,6.414,81.331,Low,Most sacred multi-religious site in Sri Lanka,"temple,sacred,religious,pilgrimage",
184,Yala National Park,Wildlife,Hambantota,Hambantota,3.2,5000,15000,6.3728,81.5216,High,Sri Lanka's most famous wildlife reserve,"leopard,elephant,wildlife,safari",images/yala.jpg
185,Kataragama Temple,Religious,Hambantota,Hambantota,5,0,500,6.414,81.331,Low,Most sacred multi-religious site in Sri Lanka,"temple,sacred,religious,pilgrimage",
186,Rekawa Beach,Wildlife,Hambantota,Hambantota,4.5,500,1500,6.05,80.85,Medium,Sea turtle nesting beach,"turtle,nesting,beach,wildlife",
187,Mulkirigala Cave Temple,Religious,Hambantota,Hambantota,3.1,200,800,6.075,80.6175,Low,Ancient cave temple with panoramic views,"cave,temple,ancient,religious",
188,Kataragama Temple,Religious,Hambantota,Hambantota,4,0,500,6.414,81.331,Low,Most sacred multi-religious site in Sri Lanka,"temple,sacred,religious,pilgrimage",
189,Rekawa Beach,Wildlife,Hambantota,Hambantota,3.5,500,1500,6.05,80.85,Medium,Sea turtle nesting beach,"turtle,nesting,beach,wildlife",
190,Yala National Park,Wildlife,Hambantota,Hambantota,4.1,5000,15000,6.3728,81.5216,High,Sri Lanka's most famous wildlife reserve,"leopard,elephant,wildlife,safari",images/yala.jpg
191,Kataragama Temple,Religious,Hambantota,Hambantota,4.2,0,500,6.414,81.331,Low,Most sacred multi-religious site in Sri Lanka,"temple,sacred,religious,pilgrimage",
192,Bundala National Park,Wildlife,Hambantota,Hambantota,3.5,2500,6000,6.1983,81.2172,Medium,Ramsar wetland with flamingos,"flamingo,birds,wetland,wildlife",
193,Kataragama Temple,Religious,Hambantota,Hambantota,4.8,0,500,6.414,81.331,Low,Most sacred multi-religious site in Sri Lanka,"temple,sacred,religious,pilgrimage",
194,Bundala National Park,Wildlife,Hambantota,Hambantota,4,2500,6000,6.1983,81.2172,Medium,Ramsar wetland with flamingos,"flamingo,birds,wetland,wildlife",
195,Ridiyagama Safari Park,Wildlife,Hambantota,Hambantota,3.9,2000,5000,6.15,81.0333,Medium,Drive-through safari with diverse animals,"safari,animals,wildlife,family",
196,Kataragama Temple,Religious,Hambantota,Hambantota,3,0,500,6.414,81.331,Low,Most sacred multi-religious site in Sri Lanka,"temple,sacred,religious,pilgrimage",
197,Mulkirigala Cave Temple,Religious,Hambantota,Hambantota,4.5,200,800,6.075,80.6175,Low,Ancient cave temple with panoramic views,"cave,temple,ancient,religious",
198,Rekawa Beach,Wildlife,Hambantota,Hambantota,3.7,500,1500,6.05,80.85,Medium,Sea turtle nesting beach,"turtle,nesting,beach,wildlife",
199,Ussangoda National Park,Nature,Hambantota,Hambantota,4,200,800,6.1167,81.05,Low,Unique red earth plateau near ocean,"plateau,unique,nature,scenic",
200,Ridiyagama Safari Park,Wildlife,Hambantota,Hambantota,4.8,2000,5000,6.15,81.0333,Medium,Drive-through safari with diverse animals,"safari,animals,wildlife,family",
201,Rekawa Beach,Wildlife,Hambantota,Hambantota,3.3,500,1500,6.05,80.85,Medium,Sea turtle nesting beach,"turtle,nesting,beach,wildlife",
202,Mulkirigala Cave Temple,Religious,Hambantota,Hambantota,4.4,200,800,6.075,80.6175,Low,Ancient cave temple with panoramic views,"cave,temple,ancient,religious",
203,Kataragama Temple,Religious,Hambantota,Hambantota,4.9,0,500,6.414,81.331,Low,Most sacred multi-religious site in Sri Lanka,"temple,sacred,religious,pilgrimage",
204,Ridiyagama Safari Park,Wildlife,Hambantota,Hambantota,4.6,2000,5000,6.15,81.0333,Medium,Drive-through safari with diverse animals,"safari,animals,wildlife,family",
205,Hambantota Port,Nature,Hambantota,Hambantota,4.2,0,400,6.1236,81.1264,Low,Modern deep sea port - engineering marvel,"port,modern,engineering,scenic",
206,Mulkirigala Cave Temple,Religious,Hambantota,Hambantota,4.4,200,800,6.075,80.6175,Low,Ancient cave temple with panoramic views,"cave,temple,ancient,religious",
207,Bundala National Park,Wildlife,Hambantota,Hambantota,4.3,2500,6000,6.1983,81.2172,Medium,Ramsar wetland with flamingos,"flamingo,birds,wetland,wildlife",
208,Hambantota Port,Nature,Hambantota,Hambantota,3.3,0,400,6.1236,81.1264,Low,Modern deep sea port - engineering marvel,"port,modern,engineering,scenic",
209,Hambantota Port,Nature,Hambantota,Hambantota,4.2,0,400,6.1236,81.1264,Low,Modern deep sea port - engineering marvel,"port,modern,engineering,scenic",
210,Bundala National Park,Wildlife,Hambantota,Hambantota,4.6,2500,6000,6.1983,81.2172,Medium,Ramsar wetland with flamingos,"flamingo,birds,wetland,wildlife",
211,Rekawa Beach,Wildlife,Hambantota,Hambantota,3.6,500,1500,6.05,80.85,Medium,Sea turtle nesting beach,"turtle,nesting,beach,wildlife",
212,Ussangoda National Park,Nature,Hambantota,Hambantota,4.1,200,800,6.1167,81.05,Low,Unique red earth plateau near ocean,"plateau,unique,nature,scenic",
213,Yala National Park,Wildlife,Hambantota,Hambantota,3.7,5000,15000,6.3728,81.5216,High,Sri Lanka's most famous wildlife reserve,"leopard,elephant,wildlife,safari",images/yala.jpg
214,Mulkirigala Cave Temple,Religious,Hambantota,Hambantota,3.7,200,800,6.075,80.6175,Low,Ancient cave temple with panoramic views,"cave,temple,ancient,religious",
215,Hambantota Port,Nature,Hambantota,Hambantota,3.3,0,400,6.1236,81.1264,Low,Modern deep sea port - engineering marvel,"port,modern,engineering,scenic",
216,Yala National Park,Wildlife,Hambantota,Hambantota,4.6,5000,15000,6.3728,81.5216,High,Sri Lanka's most famous wildlife reserve,"leopard,elephant,wildlife,safari",images/yala.jpg
217,Ridiyagama Safari Park,Wildlife,Hambantota,Hambantota,3.9,2000,5000,6.15,81.0333,Medium,Drive-through safari with diverse animals,"safari,animals,wildlife,family",
218,Ussangoda National Park,Nature,Hambantota,Hambantota,3.2,200,800,6.1167,81.05,Low,Unique red earth plateau near ocean,"plateau,unique,nature,scenic",
219,Ussangoda National Park,Nature,Hambantota,Hambantota,4,200,800,6.1167,81.05,Low,Unique red earth plateau near ocean,"plateau,unique,nature,scenic",
220,Ridiyagama Safari Park,Wildlife,Hambantota,Hambantota,4.6,2000,5000,6.15,81.0333,Medium,Drive-through safari with diverse animals,"safari,animals,wildlife,family",
1,Jaffna Fort,Historical,Jaffna,Jaffna,4.5,0,500,9.6612,80.0088,Low,Portuguese-built Dutch fort overlooking the sea,"fort,colonial,historical,north",
2,Nainativu Island,Religious,Jaffna,Jaffna,3.5,500,1500,9.6559,79.962,Low,Sacred island with Naga Pooshani Ambal temple accessible by boat,"island,temple,hindu,boat,religious",
3,Keerimalai Springs,Religious,Jaffna,Jaffna,3.9,0,500,9.8167,80.0333,Low,Sacred natural spring with ancient Hindu temple,"spring,temple,hindu,sacred,religious",
4,Casuarina Beach,Beach,Jaffna,Jaffna,3.8,200,1000,9.8167,80.0833,Low,Most beautiful beach in Jaffna with white sand,"beach,north,peaceful,scenic",
5,Jaffna Public Library,Historical,Jaffna,Jaffna,4.6,0,200,9.6615,80.0044,Low,Iconic library rebuilt after destruction - symbol of Tamil culture,"library,cultural,historical,landmark",
6,Kantarodai,Historical,Jaffna,Jaffna,4.5,300,800,9.7167,80.0333,Low,Ancient Buddhist ruins with hundreds of miniature dagobas,"ruins,buddhist,ancient,historical",
7,Nagadeepa Temple,Religious,Jaffna,Jaffna,4.8,500,1500,9.6833,79.85,Low,Ancient Buddhist temple on island - sacred pilgrimage site,"temple,buddhist,island,pilgrimage,religious",
8,Vallipuram Temple,Religious,Jaffna,Jaffna,3.6,0,500,9.8,80.1333,Low,Ancient Hindu temple with 2000-year history,"temple,hindu,ancient,religious",
9,Point Pedro,Nature,Jaffna,Jaffna,4.1,200,800,9.8167,80.2333,Low,Northernmost point of Sri Lanka with lighthouse,"lighthouse,northernmost,scenic,nature",
10,Delft Island,Nature,Jaffna,Jaffna,3.5,1000,3000,9.6833,79.6833,Medium,Remote island with wild ponies and ancient ruins,"island,ponies,ruins,remote,nature",
11,Jaffna Clock Tower,Historical,Jaffna,Jaffna,3.8,0,200,9.6614,80.0074,Low,Colonial-era clock tower in Jaffna town center,"clock,colonial,landmark,historical",images/Jaffna ClockTower.jpg
12,Chundikulam Bird Sanctuary,Wildlife,Jaffna,Jaffna,4.3,1000,2500,9.6333,80.3167,Medium,Important bird sanctuary in northern Sri Lanka,"birds,wildlife,sanctuary,nature",
13,Kayts Island,Nature,Jaffna,Jaffna,3.5,300,1000,9.6667,79.9167,Low,Peaceful island with scenic lagoon views,"island,lagoon,peaceful,nature",
14,Manipay Hindu Temple,Religious,Jaffna,Jaffna,3.8,0,300,9.7167,80.0667,Low,Beautiful Hindu temple with colorful gopuram,"temple,hindu,gopuram,religious",
15,Jaffna Market,Cultural,Jaffna,Jaffna,4.5,200,500,9.6614,80.0066,Low,Vibrant local market with authentic northern Sri Lanka culture,"market,culture,local,food",
16,Point Pedro,Nature,Jaffna,Jaffna,3.8,200,800,9.8167,80.2333,Low,Northernmost point of Sri Lanka with lighthouse,"lighthouse,northernmost,scenic,nature",
17,Vallipuram Temple,Religious,Jaffna,Jaffna,4.2,0,500,9.8,80.1333,Low,Ancient Hindu temple with 2000-year history,"temple,hindu,ancient,religious",
18,Kayts Island,Nature,Jaffna,Jaffna,4.7,300,1000,9.6667,79.9167,Low,Peaceful island with scenic lagoon views,"island,lagoon,peaceful,nature",
19,Kayts Island,Nature,Jaffna,Jaffna,4.6,300,1000,9.6667,79.9167,Low,Peaceful island with scenic lagoon views,"island,lagoon,peaceful,nature",
20,Chundikulam Bird Sanctuary,Wildlife,Jaffna,Jaffna,3.8,1000,2500,9.6333,80.3167,Medium,Important bird sanctuary in northern Sri Lanka,"birds,wildlife,sanctuary,nature",
21,Jaffna Public Library,Historical,Jaffna,Jaffna,3.3,0,200,9.6615,80.0044,Low,Iconic library rebuilt after destruction - symbol of Tamil culture,"library,cultural,historical,landmark",
22,Kayts Island,Nature,Jaffna,Jaffna,3.7,300,1000,9.6667,79.9167,Low,Peaceful island with scenic lagoon views,"island,lagoon,peaceful,nature",
23,Nainativu Island,Religious,Jaffna,Jaffna,3.8,500,1500,9.6559,79.962,Low,Sacred island with Naga Pooshani Ambal temple accessible by boat,"island,temple,hindu,boat,religious",
24,Kantarodai,Historical,Jaffna,Jaffna,4.7,300,800,9.7167,80.0333,Low,Ancient Buddhist ruins with hundreds of miniature dagobas,"ruins,buddhist,ancient,historical",
25,Delft Island,Nature,Jaffna,Jaffna,3.5,1000,3000,9.6833,79.6833,Medium,Remote island with wild ponies and ancient ruins,"island,ponies,ruins,remote,nature",
26,Jaffna Fort,Historical,Jaffna,Jaffna,4.5,0,500,9.6612,80.0088,Low,Portuguese-built Dutch fort overlooking the sea,"fort,colonial,historical,north",
27,Point Pedro,Nature,Jaffna,Jaffna,3.2,200,800,9.8167,80.2333,Low,Northernmost point of Sri Lanka with lighthouse,"lighthouse,northernmost,scenic,nature",
28,Jaffna Market,Cultural,Jaffna,Jaffna,3.8,200,500,9.6614,80.0066,Low,Vibrant local market with authentic northern Sri Lanka culture,"market,culture,local,food",
29,Point Pedro,Nature,Jaffna,Jaffna,3.6,200,800,9.8167,80.2333,Low,Northernmost point of Sri Lanka with lighthouse,"lighthouse,northernmost,scenic,nature",
30,Jaffna Clock Tower,Historical,Jaffna,Jaffna,4.2,0,200,9.6614,80.0074,Low,Colonial-era clock tower in Jaffna town center,"clock,colonial,landmark,historical",images/Jaffna ClockTower.jpg
31,Manipay Hindu Temple,Religious,Jaffna,Jaffna,3.7,0,300,9.7167,80.0667,Low,Beautiful Hindu temple with colorful gopuram,"temple,hindu,gopuram,religious",
32,Casuarina Beach,Beach,Jaffna,Jaffna,4.4,200,1000,9.8167,80.0833,Low,Most beautiful beach in Jaffna with white sand,"beach,north,peaceful,scenic",
33,Jaffna Fort,Historical,Jaffna,Jaffna,4.3,0,500,9.6612,80.0088,Low,Portuguese-built Dutch fort overlooking the sea,"fort,colonial,historical,north",
34,Kayts Island,Nature,Jaffna,Jaffna,3.6,300,1000,9.6667,79.9167,Low,Peaceful island with scenic lagoon views,"island,lagoon,peaceful,nature",
35,Nainativu Island,Religious,Jaffna,Jaffna,4.7,500,1500,9.6559,79.962,Low,Sacred island with Naga Pooshani Ambal temple accessible by boat,"island,temple,hindu,boat,religious",
36,Manipay Hindu Temple,Religious,Jaffna,Jaffna,3.2,0,300,9.7167,80.0667,Low,Beautiful Hindu temple with colorful gopuram,"temple,hindu,gopuram,religious",
37,Jaffna Public Library,Historical,Jaffna,Jaffna,3.9,0,200,9.6615,80.0044,Low,Iconic library rebuilt after destruction - symbol of Tamil culture,"library,cultural,historical,landmark",
38,Manipay Hindu Temple,Religious,Jaffna,Jaffna,3.7,0,300,9.7167,80.0667,Low,Beautiful Hindu temple with colorful gopuram,"temple,hindu,gopuram,religious",
39,Kantarodai,Historical,Jaffna,Jaffna,3.7,300,800,9.7167,80.0333,Low,Ancient Buddhist ruins with hundreds of miniature dagobas,"ruins,buddhist,ancient,historical",
40,Jaffna Clock Tower,Historical,Jaffna,Jaffna,3.5,0,200,9.6614,80.0074,Low,Colonial-era clock tower in Jaffna town center,"clock,colonial,landmark,historical",images/Jaffna ClockTower.jpg
41,Jaffna Market,Cultural,Jaffna,Jaffna,4.4,200,500,9.6614,80.0066,Low,Vibrant local market with authentic northern Sri Lanka culture,"market,culture,local,food",
42,Nainativu Island,Religious,Jaffna,Jaffna,4.2,500,1500,9.6559,79.962,Low,Sacred island with Naga Pooshani Ambal temple accessible by boat,"island,temple,hindu,boat,religious",
43,Keerimalai Springs,Religious,Jaffna,Jaffna,4.1,0,500,9.8167,80.0333,Low,Sacred natural spring with ancient Hindu temple,"spring,temple,hindu,sacred,religious",
44,Casuarina Beach,Beach,Jaffna,Jaffna,3.3,200,1000,9.8167,80.0833,Low,Most beautiful beach in Jaffna with white sand,"beach,north,peaceful,scenic",
45,Nagadeepa Temple,Religious,Jaffna,Jaffna,3.5,500,1500,9.6833,79.85,Low,Ancient Buddhist temple on island - sacred pilgrimage site,"temple,buddhist,island,pilgrimage,religious",
46,Jaffna Market,Cultural,Jaffna,Jaffna,4.3,200,500,9.6614,80.0066,Low,Vibrant local market with authentic northern Sri Lanka culture,"market,culture,local,food",
47,Point Pedro,Nature,Jaffna,Jaffna,3.4,200,800,9.8167,80.2333,Low,Northernmost point of Sri Lanka with lighthouse,"lighthouse,northernmost,scenic,nature",
48,Kantarodai,Historical,Jaffna,Jaffna,4.7,300,800,9.7167,80.0333,Low,Ancient Buddhist ruins with hundreds of miniature dagobas,"ruins,buddhist,ancient,historical",
49,Kayts Island,Nature,Jaffna,Jaffna,3.1,300,1000,9.6667,79.9167,Low,Peaceful island with scenic lagoon views,"island,lagoon,peaceful,nature",
50,Manipay Hindu Temple,Religious,Jaffna,Jaffna,3.1,0,300,9.7167,80.0667,Low,Beautiful Hindu temple with colorful gopuram,"temple,hindu,gopuram,religious",
51,Kantarodai,Historical,Jaffna,Jaffna,3.8,300,800,9.7167,80.0333,Low,Ancient Buddhist ruins with hundreds of miniature dagobas,"ruins,buddhist,ancient,historical",
52,Nainativu Island,Religious,Jaffna,Jaffna,3.4,500,1500,9.6559,79.962,Low,Sacred island with Naga Pooshani Ambal temple accessible by boat,"island,temple,hindu,boat,religious",
53,Delft Island,Nature,Jaffna,Jaffna,4.8,1000,3000,9.6833,79.6833,Medium,Remote island with wild ponies and ancient ruins,"island,ponies,ruins,remote,nature",
54,Kantarodai,Historical,Jaffna,Jaffna,3.4,300,800,9.7167,80.0333,Low,Ancient Buddhist ruins with hundreds of miniature dagobas,"ruins,buddhist,ancient,historical",
55,Vallipuram Temple,Religious,Jaffna,Jaffna,3.8,0,500,9.8,80.1333,Low,Ancient Hindu temple with 2000-year history,"temple,hindu,ancient,religious",
56,Jaffna Market,Cultural,Jaffna,Jaffna,4.3,200,500,9.6614,80.0066,Low,Vibrant local market with authentic northern Sri Lanka culture,"market,culture,local,food",
57,Keerimalai Springs,Religious,Jaffna,Jaffna,3.5,0,500,9.8167,80.0333,Low,Sacred natural spring with ancient Hindu temple,"spring,temple,hindu,sacred,religious",
58,Casuarina Beach,Beach,Jaffna,Jaffna,4.5,200,1000,9.8167,80.0833,Low,Most beautiful beach in Jaffna with white sand,"beach,north,peaceful,scenic",
59,Point Pedro,Nature,Jaffna,Jaffna,3.5,200,800,9.8167,80.2333,Low,Northernmost point of Sri Lanka with lighthouse,"lighthouse,northernmost,scenic,nature",
60,Delft Island,Nature,Jaffna,Jaffna,3.9,1000,3000,9.6833,79.6833,Medium,Remote island with wild ponies and ancient ruins,"island,ponies,ruins,remote,nature",
61,Delft Island,Nature,Jaffna,Jaffna,3.8,1000,3000,9.6833,79.6833,Medium,Remote island with wild ponies and ancient ruins,"island,ponies,ruins,remote,nature",
62,Casuarina Beach,Beach,Jaffna,Jaffna,5,200,1000,9.8167,80.0833,Low,Most beautiful beach in Jaffna with white sand,"beach,north,peaceful,scenic",
63,Keerimalai Springs,Religious,Jaffna,Jaffna,4,0,500,9.8167,80.0333,Low,Sacred natural spring with ancient Hindu temple,"spring,temple,hindu,sacred,religious",
64,Nainativu Island,Religious,Jaffna,Jaffna,4.5,500,1500,9.6559,79.962,Low,Sacred island with Naga Pooshani Ambal temple accessible by boat,"island,temple,hindu,boat,religious",
65,Manipay Hindu Temple,Religious,Jaffna,Jaffna,3.2,0,300,9.7167,80.0667,Low,Beautiful Hindu temple with colorful gopuram,"temple,hindu,gopuram,religious",
66,Jaffna Clock Tower,Historical,Jaffna,Jaffna,3.3,0,200,9.6614,80.0074,Low,Colonial-era clock tower in Jaffna town center,"clock,colonial,landmark,historical",images/Jaffna ClockTower.jpg
67,Jaffna Clock Tower,Historical,Jaffna,Jaffna,3.8,0,200,9.6614,80.0074,Low,Colonial-era clock tower in Jaffna town center,"clock,colonial,landmark,historical",images/Jaffna ClockTower.jpg
68,Nainativu Island,Religious,Jaffna,Jaffna,3.8,500,1500,9.6559,79.962,Low,Sacred island with Naga Pooshani Ambal temple accessible by boat,"island,temple,hindu,boat,religious",
69,Delft Island,Nature,Jaffna,Jaffna,5,1000,3000,9.6833,79.6833,Medium,Remote island with wild ponies and ancient ruins,"island,ponies,ruins,remote,nature",
70,Point Pedro,Nature,Jaffna,Jaffna,3.5,200,800,9.8167,80.2333,Low,Northernmost point of Sri Lanka with lighthouse,"lighthouse,northernmost,scenic,nature",
71,Point Pedro,Nature,Jaffna,Jaffna,4.7,200,800,9.8167,80.2333,Low,Northernmost point of Sri Lanka with lighthouse,"lighthouse,northernmost,scenic,nature",
72,Jaffna Fort,Historical,Jaffna,Jaffna,4.4,0,500,9.6612,80.0088,Low,Portuguese-built Dutch fort overlooking the sea,"fort,colonial,historical,north",
73,Nainativu Island,Religious,Jaffna,Jaffna,4.4,500,1500,9.6559,79.962,Low,Sacred island with Naga Pooshani Ambal temple accessible by boat,"island,temple,hindu,boat,religious",
74,Point Pedro,Nature,Jaffna,Jaffna,4.5,200,800,9.8167,80.2333,Low,Northernmost point of Sri Lanka with lighthouse,"lighthouse,northernmost,scenic,nature",
75,Kayts Island,Nature,Jaffna,Jaffna,4.3,300,1000,9.6667,79.9167,Low,Peaceful island with scenic lagoon views,"island,lagoon,peaceful,nature",
76,Nainativu Island,Religious,Jaffna,Jaffna,3.6,500,1500,9.6559,79.962,Low,Sacred island with Naga Pooshani Ambal temple accessible by boat,"island,temple,hindu,boat,religious",
77,Keerimalai Springs,Religious,Jaffna,Jaffna,3.9,0,500,9.8167,80.0333,Low,Sacred natural spring with ancient Hindu temple,"spring,temple,hindu,sacred,religious",
78,Chundikulam Bird Sanctuary,Wildlife,Jaffna,Jaffna,4.8,1000,2500,9.6333,80.3167,Medium,Important bird sanctuary in northern Sri Lanka,"birds,wildlife,sanctuary,nature",
79,Jaffna Public Library,Historical,Jaffna,Jaffna,4.9,0,200,9.6615,80.0044,Low,Iconic library rebuilt after destruction - symbol of Tamil culture,"library,cultural,historical,landmark",
80,Kayts Island,Nature,Jaffna,Jaffna,3.4,300,1000,9.6667,79.9167,Low,Peaceful island with scenic lagoon views,"island,lagoon,peaceful,nature",
81,Jaffna Market,Cultural,Jaffna,Jaffna,3.2,200,500,9.6614,80.0066,Low,Vibrant local market with authentic northern Sri Lanka culture,"market,culture,local,food",
82,Jaffna Clock Tower,Historical,Jaffna,Jaffna,3.6,0,200,9.6614,80.0074,Low,Colonial-era clock tower in Jaffna town center,"clock,colonial,landmark,historical",images/Jaffna ClockTower.jpg
83,Jaffna Clock Tower,Historical,Jaffna,Jaffna,4,0,200,9.6614,80.0074,Low,Colonial-era clock tower in Jaffna town center,"clock,colonial,landmark,historical",images/Jaffna ClockTower.jpg
84,Casuarina Beach,Beach,Jaffna,Jaffna,3.3,200,1000,9.8167,80.0833,Low,Most beautiful beach in Jaffna with white sand,"beach,north,peaceful,scenic",
85,Kayts Island,Nature,Jaffna,Jaffna,3.3,300,1000,9.6667,79.9167,Low,Peaceful island with scenic lagoon views,"island,lagoon,peaceful,nature",
86,Kayts Island,Nature,Jaffna,Jaffna,4.8,300,1000,9.6667,79.9167,Low,Peaceful island with scenic lagoon views,"island,lagoon,peaceful,nature",
87,Jaffna Market,Cultural,Jaffna,Jaffna,3,200,500,9.6614,80.0066,Low,Vibrant local market with authentic northern Sri Lanka culture,"market,culture,local,food",
88,Kantarodai,Historical,Jaffna,Jaffna,4,300,800,9.7167,80.0333,Low,Ancient Buddhist ruins with hundreds of miniature dagobas,"ruins,buddhist,ancient,historical",
89,Nainativu Island,Religious,Jaffna,Jaffna,4.9,500,1500,9.6559,79.962,Low,Sacred island with Naga Pooshani Ambal temple accessible by boat,"island,temple,hindu,boat,religious",
90,Jaffna Market,Cultural,Jaffna,Jaffna,5,200,500,9.6614,80.0066,Low,Vibrant local market with authentic northern Sri Lanka culture,"market,culture,local,food",
91,Kayts Island,Nature,Jaffna,Jaffna,3.6,300,1000,9.6667,79.9167,Low,Peaceful island with scenic lagoon views,"island,lagoon,peaceful,nature",
92,Jaffna Fort,Historical,Jaffna,Jaffna,3.5,0,500,9.6612,80.0088,Low,Portuguese-built Dutch fort overlooking the sea,"fort,colonial,historical,north",
93,Delft Island,Nature,Jaffna,Jaffna,4.9,1000,3000,9.6833,79.6833,Medium,Remote island with wild ponies and ancient ruins,"island,ponies,ruins,remote,nature",
94,Nainativu Island,Religious,Jaffna,Jaffna,4.5,500,1500,9.6559,79.962,Low,Sacred island with Naga Pooshani Ambal temple accessible by boat,"island,temple,hindu,boat,religious",
95,Manipay Hindu Temple,Religious,Jaffna,Jaffna,3.1,0,300,9.7167,80.0667,Low,Beautiful Hindu temple with colorful gopuram,"temple,hindu,gopuram,religious",
96,Kayts Island,Nature,Jaffna,Jaffna,4.1,300,1000,9.6667,79.9167,Low,Peaceful island with scenic lagoon views,"island,lagoon,peaceful,nature",
97,Keerimalai Springs,Religious,Jaffna,Jaffna,3.3,0,500,9.8167,80.0333,Low,Sacred natural spring with ancient Hindu temple,"spring,temple,hindu,sacred,religious",
98,Vallipuram Temple,Religious,Jaffna,Jaffna,4.9,0,500,9.8,80.1333,Low,Ancient Hindu temple with 2000-year history,"temple,hindu,ancient,religious",
99,Keerimalai Springs,Religious,Jaffna,Jaffna,3.5,0,500,9.8167,80.0333,Low,Sacred natural spring with ancient Hindu temple,"spring,temple,hindu,sacred,religious",
100,Manipay Hindu Temple,Religious,Jaffna,Jaffna,4.2,0,300,9.7167,80.0667,Low,Beautiful Hindu temple with colorful gopuram,"temple,hindu,gopuram,religious",
101,Casuarina Beach,Beach,Jaffna,Jaffna,4.9,200,1000,9.8167,80.0833,Low,Most beautiful beach in Jaffna with white sand,"beach,north,peaceful,scenic",
102,Kayts Island,Nature,Jaffna,Jaffna,4.5,300,1000,9.6667,79.9167,Low,Peaceful island with scenic lagoon views,"island,lagoon,peaceful,nature",
103,Casuarina Beach,Beach,Jaffna,Jaffna,4.4,200,1000,9.8167,80.0833,Low,Most beautiful beach in Jaffna with white sand,"beach,north,peaceful,scenic",
104,Nagadeepa Temple,Religious,Jaffna,Jaffna,5,500,1500,9.6833,79.85,Low,Ancient Buddhist temple on island - sacred pilgrimage site,"temple,buddhist,island,pilgrimage,religious",
105,Jaffna Clock Tower,Historical,Jaffna,Jaffna,3.7,0,200,9.6614,80.0074,Low,Colonial-era clock tower in Jaffna town center,"clock,colonial,landmark,historical",images/Jaffna ClockTower.jpg
106,Jaffna Market,Cultural,Jaffna,Jaffna,4,200,500,9.6614,80.0066,Low,Vibrant local market with authentic northern Sri Lanka culture,"market,culture,local,food",
107,Nainativu Island,Religious,Jaffna,Jaffna,3.5,500,1500,9.6559,79.962,Low,Sacred island with Naga Pooshani Ambal temple accessible by boat,"island,temple,hindu,boat,religious",
108,Nainativu Island,Religious,Jaffna,Jaffna,3.7,500,1500,9.6559,79.962,Low,Sacred island with Naga Pooshani Ambal temple accessible by boat,"island,temple,hindu,boat,religious",
109,Delft Island,Nature,Jaffna,Jaffna,4.1,1000,3000,9.6833,79.6833,Medium,Remote island with wild ponies and ancient ruins,"island,ponies,ruins,remote,nature",
110,Delft Island,Nature,Jaffna,Jaffna,3.4,1000,3000,9.6833,79.6833,Medium,Remote island with wild ponies and ancient ruins,"island,ponies,ruins,remote,nature",
111,Nainativu Island,Religious,Jaffna,Jaffna,4.4,500,1500,9.6559,79.962,Low,Sacred island with Naga Pooshani Ambal temple accessible by boat,"island,temple,hindu,boat,religious",
112,Jaffna Fort,Historical,Jaffna,Jaffna,3.5,0,500,9.6612,80.0088,Low,Portuguese-built Dutch fort overlooking the sea,"fort,colonial,historical,north",
113,Jaffna Market,Cultural,Jaffna,Jaffna,3.1,200,500,9.6614,80.0066,Low,Vibrant local market with authentic northern Sri Lanka culture,"market,culture,local,food",
114,Kantarodai,Historical,Jaffna,Jaffna,3.1,300,800,9.7167,80.0333,Low,Ancient Buddhist ruins with hundreds of miniature dagobas,"ruins,buddhist,ancient,historical",
115,Casuarina Beach,Beach,Jaffna,Jaffna,3.6,200,1000,9.8167,80.0833,Low,Most beautiful beach in Jaffna with white sand,"beach,north,peaceful,scenic",
116,Vallipuram Temple,Religious,Jaffna,Jaffna,3.4,0,500,9.8,80.1333,Low,Ancient Hindu temple with 2000-year history,"temple,hindu,ancient,religious",
117,Keerimalai Springs,Religious,Jaffna,Jaffna,4.4,0,500,9.8167,80.0333,Low,Sacred natural spring with ancient Hindu temple,"spring,temple,hindu,sacred,religious",
118,Jaffna Market,Cultural,Jaffna,Jaffna,4.1,200,500,9.6614,80.0066,Low,Vibrant local market with authentic northern Sri Lanka culture,"market,culture,local,food",
119,Vallipuram Temple,Religious,Jaffna,Jaffna,3.5,0,500,9.8,80.1333,Low,Ancient Hindu temple with 2000-year history,"temple,hindu,ancient,religious",
120,Vallipuram Temple,Religious,Jaffna,Jaffna,4.6,0,500,9.8,80.1333,Low,Ancient Hindu temple with 2000-year history,"temple,hindu,ancient,religious",
121,Casuarina Beach,Beach,Jaffna,Jaffna,3.2,200,1000,9.8167,80.0833,Low,Most beautiful beach in Jaffna with white sand,"beach,north,peaceful,scenic",
122,Jaffna Clock Tower,Historical,Jaffna,Jaffna,3.9,0,200,9.6614,80.0074,Low,Colonial-era clock tower in Jaffna town center,"clock,colonial,landmark,historical",images/Jaffna ClockTower.jpg
123,Nagadeepa Temple,Religious,Jaffna,Jaffna,3.8,500,1500,9.6833,79.85,Low,Ancient Buddhist temple on island - sacred pilgrimage site,"temple,buddhist,island,pilgrimage,religious",
124,Manipay Hindu Temple,Religious,Jaffna,Jaffna,4.5,0,300,9.7167,80.0667,Low,Beautiful Hindu temple with colorful gopuram,"temple,hindu,gopuram,religious",
125,Jaffna Clock Tower,Historical,Jaffna,Jaffna,4.3,0,200,9.6614,80.0074,Low,Colonial-era clock tower in Jaffna town center,"clock,colonial,landmark,historical",images/Jaffna ClockTower.jpg
126,Jaffna Clock Tower,Historical,Jaffna,Jaffna,3.2,0,200,9.6614,80.0074,Low,Colonial-era clock tower in Jaffna town center,"clock,colonial,landmark,historical",images/Jaffna ClockTower.jpg
127,Nagadeepa Temple,Religious,Jaffna,Jaffna,4.5,500,1500,9.6833,79.85,Low,Ancient Buddhist temple on island - sacred pilgrimage site,"temple,buddhist,island,pilgrimage,religious",
128,Kayts Island,Nature,Jaffna,Jaffna,4.7,300,1000,9.6667,79.9167,Low,Peaceful island with scenic lagoon views,"island,lagoon,peaceful,nature",
129,Casuarina Beach,Beach,Jaffna,Jaffna,3.4,200,1000,9.8167,80.0833,Low,Most beautiful beach in Jaffna with white sand,"beach,north,peaceful,scenic",
130,Point Pedro,Nature,Jaffna,Jaffna,3.9,200,800,9.8167,80.2333,Low,Northernmost point of Sri Lanka with lighthouse,"lighthouse,northernmost,scenic,nature",
131,Nagadeepa Temple,Religious,Jaffna,Jaffna,3.4,500,1500,9.6833,79.85,Low,Ancient Buddhist temple on island - sacred pilgrimage site,"temple,buddhist,island,pilgrimage,religious",
132,Vallipuram Temple,Religious,Jaffna,Jaffna,3.5,0,500,9.8,80.1333,Low,Ancient Hindu temple with 2000-year history,"temple,hindu,ancient,religious",
133,Jaffna Market,Cultural,Jaffna,Jaffna,3.2,200,500,9.6614,80.0066,Low,Vibrant local market with authentic northern Sri Lanka culture,"market,culture,local,food",
134,Kayts Island,Nature,Jaffna,Jaffna,4.7,300,1000,9.6667,79.9167,Low,Peaceful island with scenic lagoon views,"island,lagoon,peaceful,nature",
135,Point Pedro,Nature,Jaffna,Jaffna,3.2,200,800,9.8167,80.2333,Low,Northernmost point of Sri Lanka with lighthouse,"lighthouse,northernmost,scenic,nature",
136,Jaffna Clock Tower,Historical,Jaffna,Jaffna,5,0,200,9.6614,80.0074,Low,Colonial-era clock tower in Jaffna town center,"clock,colonial,landmark,historical",images/Jaffna ClockTower.jpg
137,Manipay Hindu Temple,Religious,Jaffna,Jaffna,3,0,300,9.7167,80.0667,Low,Beautiful Hindu temple with colorful gopuram,"temple,hindu,gopuram,religious",
138,Nainativu Island,Religious,Jaffna,Jaffna,4.9,500,1500,9.6559,79.962,Low,Sacred island with Naga Pooshani Ambal temple accessible by boat,"island,temple,hindu,boat,religious",
139,Manipay Hindu Temple,Religious,Jaffna,Jaffna,3.5,0,300,9.7167,80.0667,Low,Beautiful Hindu temple with colorful gopuram,"temple,hindu,gopuram,religious",
140,Nagadeepa Temple,Religious,Jaffna,Jaffna,4,500,1500,9.6833,79.85,Low,Ancient Buddhist temple on island - sacred pilgrimage site,"temple,buddhist,island,pilgrimage,religious",
141,Casuarina Beach,Beach,Jaffna,Jaffna,4.7,200,1000,9.8167,80.0833,Low,Most beautiful beach in Jaffna with white sand,"beach,north,peaceful,scenic",
142,Jaffna Market,Cultural,Jaffna,Jaffna,3.1,200,500,9.6614,80.0066,Low,Vibrant local market with authentic northern Sri Lanka culture,"market,culture,local,food",
143,Nagadeepa Temple,Religious,Jaffna,Jaffna,3,500,1500,9.6833,79.85,Low,Ancient Buddhist temple on island - sacred pilgrimage site,"temple,buddhist,island,pilgrimage,religious",
144,Nagadeepa Temple,Religious,Jaffna,Jaffna,3.5,500,1500,9.6833,79.85,Low,Ancient Buddhist temple on island - sacred pilgrimage site,"temple,buddhist,island,pilgrimage,religious",
145,Kayts Island,Nature,Jaffna,Jaffna,4.6,300,1000,9.6667,79.9167,Low,Peaceful island with scenic lagoon views,"island,lagoon,peaceful,nature",
146,Jaffna Public Library,Historical,Jaffna,Jaffna,3.8,0,200,9.6615,80.0044,Low,Iconic library rebuilt after destruction - symbol of Tamil culture,"library,cultural,historical,landmark",
147,Chundikulam Bird Sanctuary,Wildlife,Jaffna,Jaffna,5,1000,2500,9.6333,80.3167,Medium,Important bird sanctuary in northern Sri Lanka,"birds,wildlife,sanctuary,nature",
148,Point Pedro,Nature,Jaffna,Jaffna,4.3,200,800,9.8167,80.2333,Low,Northernmost point of Sri Lanka with lighthouse,"lighthouse,northernmost,scenic,nature",
149,Vallipuram Temple,Religious,Jaffna,Jaffna,3.3,0,500,9.8,80.1333,Low,Ancient Hindu temple with 2000-year history,"temple,hindu,ancient,religious",
150,Jaffna Public Library,Historical,Jaffna,Jaffna,3.4,0,200,9.6615,80.0044,Low,Iconic library rebuilt after destruction - symbol of Tamil culture,"library,cultural,historical,landmark",
151,Jaffna Fort,Historical,Jaffna,Jaffna,4.2,0,500,9.6612,80.0088,Low,Portuguese-built Dutch fort overlooking the sea,"fort,colonial,historical,north",
152,Point Pedro,Nature,Jaffna,Jaffna,3.1,200,800,9.8167,80.2333,Low,Northernmost point of Sri Lanka with lighthouse,"lighthouse,northernmost,scenic,nature",
153,Kantarodai,Historical,Jaffna,Jaffna,3.1,300,800,9.7167,80.0333,Low,Ancient Buddhist ruins with hundreds of miniature dagobas,"ruins,buddhist,ancient,historical",
154,Delft Island,Nature,Jaffna,Jaffna,4,1000,3000,9.6833,79.6833,Medium,Remote island with wild ponies and ancient ruins,"island,ponies,ruins,remote,nature",
155,Jaffna Market,Cultural,Jaffna,Jaffna,4.7,200,500,9.6614,80.0066,Low,Vibrant local market with authentic northern Sri Lanka culture,"market,culture,local,food",
156,Keerimalai Springs,Religious,Jaffna,Jaffna,3.1,0,500,9.8167,80.0333,Low,Sacred natural spring with ancient Hindu temple,"spring,temple,hindu,sacred,religious",
157,Point Pedro,Nature,Jaffna,Jaffna,3.2,200,800,9.8167,80.2333,Low,Northernmost point of Sri Lanka with lighthouse,"lighthouse,northernmost,scenic,nature",
158,Keerimalai Springs,Religious,Jaffna,Jaffna,3.1,0,500,9.8167,80.0333,Low,Sacred natural spring with ancient Hindu temple,"spring,temple,hindu,sacred,religious",
159,Nainativu Island,Religious,Jaffna,Jaffna,4.4,500,1500,9.6559,79.962,Low,Sacred island with Naga Pooshani Ambal temple accessible by boat,"island,temple,hindu,boat,religious",
160,Casuarina Beach,Beach,Jaffna,Jaffna,3.8,200,1000,9.8167,80.0833,Low,Most beautiful beach in Jaffna with white sand,"beach,north,peaceful,scenic",
161,Jaffna Market,Cultural,Jaffna,Jaffna,4.1,200,500,9.6614,80.0066,Low,Vibrant local market with authentic northern Sri Lanka culture,"market,culture,local,food",
162,Delft Island,Nature,Jaffna,Jaffna,4.2,1000,3000,9.6833,79.6833,Medium,Remote island with wild ponies and ancient ruins,"island,ponies,ruins,remote,nature",
163,Delft Island,Nature,Jaffna,Jaffna,3.2,1000,3000,9.6833,79.6833,Medium,Remote island with wild ponies and ancient ruins,"island,ponies,ruins,remote,nature",
164,Jaffna Clock Tower,Historical,Jaffna,Jaffna,4.2,0,200,9.6614,80.0074,Low,Colonial-era clock tower in Jaffna town center,"clock,colonial,landmark,historical",images/Jaffna ClockTower.jpg
165,Point Pedro,Nature,Jaffna,Jaffna,3.6,200,800,9.8167,80.2333,Low,Northernmost point of Sri Lanka with lighthouse,"lighthouse,northernmost,scenic,nature",
166,Jaffna Public Library,Historical,Jaffna,Jaffna,3.4,0,200,9.6615,80.0044,Low,Iconic library rebuilt after destruction - symbol of Tamil culture,"library,cultural,historical,landmark",
167,Chundikulam Bird Sanctuary,Wildlife,Jaffna,Jaffna,3.6,1000,2500,9.6333,80.3167,Medium,Important bird sanctuary in northern Sri Lanka,"birds,wildlife,sanctuary,nature",
168,Jaffna Public Library,Historical,Jaffna,Jaffna,3.8,0,200,9.6615,80.0044,Low,Iconic library rebuilt after destruction - symbol of Tamil culture,"library,cultural,historical,landmark",
169,Jaffna Clock Tower,Historical,Jaffna,Jaffna,4.3,0,200,9.6614,80.0074,Low,Colonial-era clock tower in Jaffna town center,"clock,colonial,landmark,historical",images/Jaffna ClockTower.jpg
170,Vallipuram Temple,Religious,Jaffna,Jaffna,3.6,0,500,9.8,80.1333,Low,Ancient Hindu temple with 2000-year history,"temple,hindu,ancient,religious",
171,Kayts Island,Nature,Jaffna,Jaffna,4.9,300,1000,9.6667,79.9167,Low,Peaceful island with scenic lagoon views,"island,lagoon,peaceful,nature",
172,Jaffna Fort,Historical,Jaffna,Jaffna,3.9,0,500,9.6612,80.0088,Low,Portuguese-built Dutch fort overlooking the sea,"fort,colonial,historical,north",
173,Delft Island,Nature,Jaffna,Jaffna,5,1000,3000,9.6833,79.6833,Medium,Remote island with wild ponies and ancient ruins,"island,ponies,ruins,remote,nature",
174,Nainativu Island,Religious,Jaffna,Jaffna,4.1,500,1500,9.6559,79.962,Low,Sacred island with Naga Pooshani Ambal temple accessible by boat,"island,temple,hindu,boat,religious",
175,Point Pedro,Nature,Jaffna,Jaffna,3.5,200,800,9.8167,80.2333,Low,Northernmost point of Sri Lanka with lighthouse,"lighthouse,northernmost,scenic,nature",
176,Jaffna Market,Cultural,Jaffna,Jaffna,3.7,200,500,9.6614,80.0066,Low,Vibrant local market with authentic northern Sri Lanka culture,"market,culture,local,food",
177,Nainativu Island,Religious,Jaffna,Jaffna,4.8,500,1500,9.6559,79.962,Low,Sacred island with Naga Pooshani Ambal temple accessible by boat,"island,temple,hindu,boat,religious",
178,Kantarodai,Historical,Jaffna,Jaffna,3.6,300,800,9.7167,80.0333,Low,Ancient Buddhist ruins with hundreds of miniature dagobas,"ruins,buddhist,ancient,historical",
179,Vallipuram Temple,Religious,Jaffna,Jaffna,4.7,0,500,9.8,80.1333,Low,Ancient Hindu temple with 2000-year history,"temple,hindu,ancient,religious",
180,Chundikulam Bird Sanctuary,Wildlife,Jaffna,Jaffna,3.6,1000,2500,9.6333,80.3167,Medium,Important bird sanctuary in northern Sri Lanka,"birds,wildlife,sanctuary,nature",
181,Kayts Island,Nature,Jaffna,Jaffna,4.3,300,1000,9.6667,79.9167,Low,Peaceful island with scenic lagoon views,"island,lagoon,peaceful,nature",
182,Jaffna Fort,Historical,Jaffna,Jaffna,4.3,0,500,9.6612,80.0088,Low,Portuguese-built Dutch fort overlooking the sea,"fort,colonial,historical,north",
183,Point Pedro,Nature,Jaffna,Jaffna,3.6,200,800,9.8167,80.2333,Low,Northernmost point of Sri Lanka with lighthouse,"lighthouse,northernmost,scenic,nature",
184,Jaffna Clock Tower,Historical,Jaffna,Jaffna,3.2,0,200,9.6614,80.0074,Low,Colonial-era clock tower in Jaffna town center,"clock,colonial,landmark,historical",images/Jaffna ClockTower.jpg
185,Jaffna Market,Cultural,Jaffna,Jaffna,3.3,200,500,9.6614,80.0066,Low,Vibrant local market with authentic northern Sri Lanka culture,"market,culture,local,food",
186,Nainativu Island,Religious,Jaffna,Jaffna,4.8,500,1500,9.6559,79.962,Low,Sacred island with Naga Pooshani Ambal temple accessible by boat,"island,temple,hindu,boat,religious",
187,Chundikulam Bird Sanctuary,Wildlife,Jaffna,Jaffna,4.1,1000,2500,9.6333,80.3167,Medium,Important bird sanctuary in northern Sri Lanka,"birds,wildlife,sanctuary,nature",
188,Jaffna Public Library,Historical,Jaffna,Jaffna,3.6,0,200,9.6615,80.0044,Low,Iconic library rebuilt after destruction - symbol of Tamil culture,"library,cultural,historical,landmark",
189,Casuarina Beach,Beach,Jaffna,Jaffna,4.4,200,1000,9.8167,80.0833,Low,Most beautiful beach in Jaffna with white sand,"beach,north,peaceful,scenic",
190,Casuarina Beach,Beach,Jaffna,Jaffna,4.4,200,1000,9.8167,80.0833,Low,Most beautiful beach in Jaffna with white sand,"beach,north,peaceful,scenic",
191,Manipay Hindu Temple,Religious,Jaffna,Jaffna,3.5,0,300,9.7167,80.0667,Low,Beautiful Hindu temple with colorful gopuram,"temple,hindu,gopuram,religious",
192,Vallipuram Temple,Religious,Jaffna,Jaffna,3.5,0,500,9.8,80.1333,Low,Ancient Hindu temple with 2000-year history,"temple,hindu,ancient,religious",
193,Jaffna Market,Cultural,Jaffna,Jaffna,4.7,200,500,9.6614,80.0066,Low,Vibrant local market with authentic northern Sri Lanka culture,"market,culture,local,food",
194,Nainativu Island,Religious,Jaffna,Jaffna,4.3,500,1500,9.6559,79.962,Low,Sacred island with Naga Pooshani Ambal temple accessible by boat,"island,temple,hindu,boat,religious",
195,Manipay Hindu Temple,Religious,Jaffna,Jaffna,3.6,0,300,9.7167,80.0667,Low,Beautiful Hindu temple with colorful gopuram,"temple,hindu,gopuram,religious",
196,Jaffna Fort,Historical,Jaffna,Jaffna,3.7,0,500,9.6612,80.0088,Low,Portuguese-built Dutch fort overlooking the sea,"fort,colonial,historical,north",
197,Keerimalai Springs,Religious,Jaffna,Jaffna,4.3,0,500,9.8167,80.0333,Low,Sacred natural spring with ancient Hindu temple,"spring,temple,hindu,sacred,religious",
198,Jaffna Public Library,Historical,Jaffna,Jaffna,3.3,0,200,9.6615,80.0044,Low,Iconic library rebuilt after destruction - symbol of Tamil culture,"library,cultural,historical,landmark",
199,Vallipuram Temple,Religious,Jaffna,Jaffna,4.1,0,500,9.8,80.1333,Low,Ancient Hindu temple with 2000-year history,"temple,hindu,ancient,religious",
200,Nagadeepa Temple,Religious,Jaffna,Jaffna,4.1,500,1500,9.6833,79.85,Low,Ancient Buddhist temple on island - sacred pilgrimage site,"temple,buddhist,island,pilgrimage,religious",
201,Nainativu Island,Religious,Jaffna,Jaffna,3.2,500,1500,9.6559,79.962,Low,Sacred island with Naga Pooshani Ambal temple accessible by boat,"island,temple,hindu,boat,religious",
202,Jaffna Market,Cultural,Jaffna,Jaffna,4.4,200,500,9.6614,80.0066,Low,Vibrant local market with authentic northern Sri Lanka culture,"market,culture,local,food",
203,Keerimalai Springs,Religious,Jaffna,Jaffna,4.1,0,500,9.8167,80.0333,Low,Sacred natural spring with ancient Hindu temple,"spring,temple,hindu,sacred,religious",
204,Manipay Hindu Temple,Religious,Jaffna,Jaffna,3.7,0,300,9.7167,80.0667,Low,Beautiful Hindu temple with colorful gopuram,"temple,hindu,gopuram,religious",
205,Point Pedro,Nature,Jaffna,Jaffna,3.3,200,800,9.8167,80.2333,Low,Northernmost point of Sri Lanka with lighthouse,"lighthouse,northernmost,scenic,nature",
206,Keerimalai Springs,Religious,Jaffna,Jaffna,3.1,0,500,9.8167,80.0333,Low,Sacred natural spring with ancient Hindu temple,"spring,temple,hindu,sacred,religious",
207,Kantarodai,Historical,Jaffna,Jaffna,4.8,300,800,9.7167,80.0333,Low,Ancient Buddhist ruins with hundreds of miniature dagobas,"ruins,buddhist,ancient,historical",
208,Kayts Island,Nature,Jaffna,Jaffna,4.9,300,1000,9.6667,79.9167,Low,Peaceful island with scenic lagoon views,"island,lagoon,peaceful,nature",
209,Jaffna Fort,Historical,Jaffna,Jaffna,4.8,0,500,9.6612,80.0088,Low,Portuguese-built Dutch fort overlooking the sea,"fort,colonial,historical,north",
210,Casuarina Beach,Beach,Jaffna,Jaffna,4.4,200,1000,9.8167,80.0833,Low,Most beautiful beach in Jaffna with white sand,"beach,north,peaceful,scenic",
211,Jaffna Clock Tower,Historical,Jaffna,Jaffna,3.2,0,200,9.6614,80.0074,Low,Colonial-era clock tower in Jaffna town center,"clock,colonial,landmark,historical",images/Jaffna ClockTower.jpg
212,Kayts Island,Nature,Jaffna,Jaffna,4.1,300,1000,9.6667,79.9167,Low,Peaceful island with scenic lagoon views,"island,lagoon,peaceful,nature",
213,Manipay Hindu Temple,Religious,Jaffna,Jaffna,3.8,0,300,9.7167,80.0667,Low,Beautiful Hindu temple with colorful gopuram,"temple,hindu,gopuram,religious",
214,Delft Island,Nature,Jaffna,Jaffna,4.5,1000,3000,9.6833,79.6833,Medium,Remote island with wild ponies and ancient ruins,"island,ponies,ruins,remote,nature",
215,Jaffna Market,Cultural,Jaffna,Jaffna,4.9,200,500,9.6614,80.0066,Low,Vibrant local market with authentic northern Sri Lanka culture,"market,culture,local,food",
216,Manipay Hindu Temple,Religious,Jaffna,Jaffna,3.3,0,300,9.7167,80.0667,Low,Beautiful Hindu temple with colorful gopuram,"temple,hindu,gopuram,religious",
217,Kayts Island,Nature,Jaffna,Jaffna,4.6,300,1000,9.6667,79.9167,Low,Peaceful island with scenic lagoon views,"island,lagoon,peaceful,nature",
218,Jaffna Market,Cultural,Jaffna,Jaffna,3.8,200,500,9.6614,80.0066,Low,Vibrant local market with authentic northern Sri Lanka culture,"market,culture,local,food",
219,Keerimalai Springs,Religious,Jaffna,Jaffna,4.5,0,500,9.8167,80.0333,Low,Sacred natural spring with ancient Hindu temple,"spring,temple,hindu,sacred,religious",
220,Kantarodai,Historical,Jaffna,Jaffna,4.6,300,800,9.7167,80.0333,Low,Ancient Buddhist ruins with hundreds of miniature dagobas,"ruins,buddhist,ancient,historical",
1,Kalutara Bodhiya,Religious,Kalutara,Kalutara,3.9,0,400,6.5853,79.9603,Low,Famous Buddhist temple with hollow dagoba,"temple,buddhist,dagoba,religious",
2,Bentota Beach,Beach,Kalutara,Kalutara,4.9,1000,4000,6.426,80.001,Medium,Golden beach with water sports,"beach,watersports,resort,relaxation",
3,Brief Garden,Nature,Kalutara,Kalutara,4.4,300,900,6.4333,80.05,Low,Beautiful tropical garden of artist Bevis Bawa,"garden,art,nature,scenic",
4,Lunuganga Garden,Nature,Kalutara,Kalutara,3.6,500,1500,6.3833,80.1167,Medium,Geoffrey Bawa's country estate garden,"garden,bawa,nature,architecture",
5,Kalutara Beach,Beach,Kalutara,Kalutara,3.6,200,1000,6.5853,79.9603,Low,Long beach near Kalutara town,"beach,long,scenic,relaxation",
6,Richmond Castle,Historical,Kalutara,Kalutara,4.2,200,700,6.3833,80.1333,Low,Colonial-era mansion with interesting history,"castle,colonial,historical,mansion",
7,Brief Garden,Nature,Kalutara,Kalutara,3.2,300,900,6.4333,80.05,Low,Beautiful tropical garden of artist Bevis Bawa,"garden,art,nature,scenic",
8,Lunuganga Garden,Nature,Kalutara,Kalutara,4.9,500,1500,6.3833,80.1167,Medium,Geoffrey Bawa's country estate garden,"garden,bawa,nature,architecture",
9,Kalutara Bodhiya,Religious,Kalutara,Kalutara,3.3,0,400,6.5853,79.9603,Low,Famous Buddhist temple with hollow dagoba,"temple,buddhist,dagoba,religious",
10,Richmond Castle,Historical,Kalutara,Kalutara,4.1,200,700,6.3833,80.1333,Low,Colonial-era mansion with interesting history,"castle,colonial,historical,mansion",
11,Brief Garden,Nature,Kalutara,Kalutara,3.9,300,900,6.4333,80.05,Low,Beautiful tropical garden of artist Bevis Bawa,"garden,art,nature,scenic",
12,Kalutara Bodhiya,Religious,Kalutara,Kalutara,4,0,400,6.5853,79.9603,Low,Famous Buddhist temple with hollow dagoba,"temple,buddhist,dagoba,religious",
13,Kalutara Beach,Beach,Kalutara,Kalutara,3.2,200,1000,6.5853,79.9603,Low,Long beach near Kalutara town,"beach,long,scenic,relaxation",
14,Lunuganga Garden,Nature,Kalutara,Kalutara,4.3,500,1500,6.3833,80.1167,Medium,Geoffrey Bawa's country estate garden,"garden,bawa,nature,architecture",
15,Richmond Castle,Historical,Kalutara,Kalutara,4.9,200,700,6.3833,80.1333,Low,Colonial-era mansion with interesting history,"castle,colonial,historical,mansion",
16,Kalutara Bodhiya,Religious,Kalutara,Kalutara,4.4,0,400,6.5853,79.9603,Low,Famous Buddhist temple with hollow dagoba,"temple,buddhist,dagoba,religious",
17,Kalutara Beach,Beach,Kalutara,Kalutara,4.6,200,1000,6.5853,79.9603,Low,Long beach near Kalutara town,"beach,long,scenic,relaxation",
18,Brief Garden,Nature,Kalutara,Kalutara,4.2,300,900,6.4333,80.05,Low,Beautiful tropical garden of artist Bevis Bawa,"garden,art,nature,scenic",
19,Brief Garden,Nature,Kalutara,Kalutara,4.1,300,900,6.4333,80.05,Low,Beautiful tropical garden of artist Bevis Bawa,"garden,art,nature,scenic",
20,Kalutara Bodhiya,Religious,Kalutara,Kalutara,3.9,0,400,6.5853,79.9603,Low,Famous Buddhist temple with hollow dagoba,"temple,buddhist,dagoba,religious",
21,Kalutara Beach,Beach,Kalutara,Kalutara,4.8,200,1000,6.5853,79.9603,Low,Long beach near Kalutara town,"beach,long,scenic,relaxation",
22,Kalutara Beach,Beach,Kalutara,Kalutara,4.5,200,1000,6.5853,79.9603,Low,Long beach near Kalutara town,"beach,long,scenic,relaxation",
23,Lunuganga Garden,Nature,Kalutara,Kalutara,3.7,500,1500,6.3833,80.1167,Medium,Geoffrey Bawa's country estate garden,"garden,bawa,nature,architecture",
24,Brief Garden,Nature,Kalutara,Kalutara,3.6,300,900,6.4333,80.05,Low,Beautiful tropical garden of artist Bevis Bawa,"garden,art,nature,scenic",
25,Kalutara Bodhiya,Religious,Kalutara,Kalutara,4.4,0,400,6.5853,79.9603,Low,Famous Buddhist temple with hollow dagoba,"temple,buddhist,dagoba,religious",
26,Kalutara Beach,Beach,Kalutara,Kalutara,4.5,200,1000,6.5853,79.9603,Low,Long beach near Kalutara town,"beach,long,scenic,relaxation",
27,Richmond Castle,Historical,Kalutara,Kalutara,4.6,200,700,6.3833,80.1333,Low,Colonial-era mansion with interesting history,"castle,colonial,historical,mansion",
28,Brief Garden,Nature,Kalutara,Kalutara,3.1,300,900,6.4333,80.05,Low,Beautiful tropical garden of artist Bevis Bawa,"garden,art,nature,scenic",
29,Lunuganga Garden,Nature,Kalutara,Kalutara,4.2,500,1500,6.3833,80.1167,Medium,Geoffrey Bawa's country estate garden,"garden,bawa,nature,architecture",
30,Kalutara Beach,Beach,Kalutara,Kalutara,3.1,200,1000,6.5853,79.9603,Low,Long beach near Kalutara town,"beach,long,scenic,relaxation",
31,Brief Garden,Nature,Kalutara,Kalutara,4.6,300,900,6.4333,80.05,Low,Beautiful tropical garden of artist Bevis Bawa,"garden,art,nature,scenic",
32,Kalutara Beach,Beach,Kalutara,Kalutara,3.1,200,1000,6.5853,79.9603,Low,Long beach near Kalutara town,"beach,long,scenic,relaxation",
33,Lunuganga Garden,Nature,Kalutara,Kalutara,3.2,500,1500,6.3833,80.1167,Medium,Geoffrey Bawa's country estate garden,"garden,bawa,nature,architecture",
34,Kalutara Beach,Beach,Kalutara,Kalutara,3.2,200,1000,6.5853,79.9603,Low,Long beach near Kalutara town,"beach,long,scenic,relaxation",
35,Brief Garden,Nature,Kalutara,Kalutara,3.5,300,900,6.4333,80.05,Low,Beautiful tropical garden of artist Bevis Bawa,"garden,art,nature,scenic",
36,Kalutara Beach,Beach,Kalutara,Kalutara,3.6,200,1000,6.5853,79.9603,Low,Long beach near Kalutara town,"beach,long,scenic,relaxation",
37,Brief Garden,Nature,Kalutara,Kalutara,3,300,900,6.4333,80.05,Low,Beautiful tropical garden of artist Bevis Bawa,"garden,art,nature,scenic",
38,Kalutara Bodhiya,Religious,Kalutara,Kalutara,4.2,0,400,6.5853,79.9603,Low,Famous Buddhist temple with hollow dagoba,"temple,buddhist,dagoba,religious",
39,Kalutara Beach,Beach,Kalutara,Kalutara,4.5,200,1000,6.5853,79.9603,Low,Long beach near Kalutara town,"beach,long,scenic,relaxation",
40,Richmond Castle,Historical,Kalutara,Kalutara,3.9,200,700,6.3833,80.1333,Low,Colonial-era mansion with interesting history,"castle,colonial,historical,mansion",
41,Bentota Beach,Beach,Kalutara,Kalutara,3.5,1000,4000,6.426,80.001,Medium,Golden beach with water sports,"beach,watersports,resort,relaxation",
42,Richmond Castle,Historical,Kalutara,Kalutara,3.5,200,700,6.3833,80.1333,Low,Colonial-era mansion with interesting history,"castle,colonial,historical,mansion",
43,Bentota Beach,Beach,Kalutara,Kalutara,4.6,1000,4000,6.426,80.001,Medium,Golden beach with water sports,"beach,watersports,resort,relaxation",
44,Kalutara Bodhiya,Religious,Kalutara,Kalutara,3.7,0,400,6.5853,79.9603,Low,Famous Buddhist temple with hollow dagoba,"temple,buddhist,dagoba,religious",
45,Kalutara Bodhiya,Religious,Kalutara,Kalutara,4.9,0,400,6.5853,79.9603,Low,Famous Buddhist temple with hollow dagoba,"temple,buddhist,dagoba,religious",
46,Kalutara Beach,Beach,Kalutara,Kalutara,4.9,200,1000,6.5853,79.9603,Low,Long beach near Kalutara town,"beach,long,scenic,relaxation",
47,Bentota Beach,Beach,Kalutara,Kalutara,4.7,1000,4000,6.426,80.001,Medium,Golden beach with water sports,"beach,watersports,resort,relaxation",
48,Lunuganga Garden,Nature,Kalutara,Kalutara,4.5,500,1500,6.3833,80.1167,Medium,Geoffrey Bawa's country estate garden,"garden,bawa,nature,architecture",
49,Bentota Beach,Beach,Kalutara,Kalutara,4.3,1000,4000,6.426,80.001,Medium,Golden beach with water sports,"beach,watersports,resort,relaxation",
50,Richmond Castle,Historical,Kalutara,Kalutara,4.3,200,700,6.3833,80.1333,Low,Colonial-era mansion with interesting history,"castle,colonial,historical,mansion",
51,Bentota Beach,Beach,Kalutara,Kalutara,4.2,1000,4000,6.426,80.001,Medium,Golden beach with water sports,"beach,watersports,resort,relaxation",
52,Brief Garden,Nature,Kalutara,Kalutara,3.1,300,900,6.4333,80.05,Low,Beautiful tropical garden of artist Bevis Bawa,"garden,art,nature,scenic",
53,Brief Garden,Nature,Kalutara,Kalutara,4.5,300,900,6.4333,80.05,Low,Beautiful tropical garden of artist Bevis Bawa,"garden,art,nature,scenic",
54,Kalutara Bodhiya,Religious,Kalutara,Kalutara,3.1,0,400,6.5853,79.9603,Low,Famous Buddhist temple with hollow dagoba,"temple,buddhist,dagoba,religious",
55,Lunuganga Garden,Nature,Kalutara,Kalutara,3.8,500,1500,6.3833,80.1167,Medium,Geoffrey Bawa's country estate garden,"garden,bawa,nature,architecture",
56,Brief Garden,Nature,Kalutara,Kalutara,4,300,900,6.4333,80.05,Low,Beautiful tropical garden of artist Bevis Bawa,"garden,art,nature,scenic",
57,Kalutara Beach,Beach,Kalutara,Kalutara,3.5,200,1000,6.5853,79.9603,Low,Long beach near Kalutara town,"beach,long,scenic,relaxation",
58,Richmond Castle,Historical,Kalutara,Kalutara,4.4,200,700,6.3833,80.1333,Low,Colonial-era mansion with interesting history,"castle,colonial,historical,mansion",
59,Lunuganga Garden,Nature,Kalutara,Kalutara,3.5,500,1500,6.3833,80.1167,Medium,Geoffrey Bawa's country estate garden,"garden,bawa,nature,architecture",
60,Kalutara Beach,Beach,Kalutara,Kalutara,4.7,200,1000,6.5853,79.9603,Low,Long beach near Kalutara town,"beach,long,scenic,relaxation",
61,Kalutara Bodhiya,Religious,Kalutara,Kalutara,3.6,0,400,6.5853,79.9603,Low,Famous Buddhist temple with hollow dagoba,"temple,buddhist,dagoba,religious",
62,Lunuganga Garden,Nature,Kalutara,Kalutara,3.8,500,1500,6.3833,80.1167,Medium,Geoffrey Bawa's country estate garden,"garden,bawa,nature,architecture",
63,Brief Garden,Nature,Kalutara,Kalutara,4.9,300,900,6.4333,80.05,Low,Beautiful tropical garden of artist Bevis Bawa,"garden,art,nature,scenic",
64,Richmond Castle,Historical,Kalutara,Kalutara,4.9,200,700,6.3833,80.1333,Low,Colonial-era mansion with interesting history,"castle,colonial,historical,mansion",
65,Kalutara Bodhiya,Religious,Kalutara,Kalutara,4.8,0,400,6.5853,79.9603,Low,Famous Buddhist temple with hollow dagoba,"temple,buddhist,dagoba,religious",
66,Richmond Castle,Historical,Kalutara,Kalutara,3.7,200,700,6.3833,80.1333,Low,Colonial-era mansion with interesting history,"castle,colonial,historical,mansion",
67,Lunuganga Garden,Nature,Kalutara,Kalutara,4.2,500,1500,6.3833,80.1167,Medium,Geoffrey Bawa's country estate garden,"garden,bawa,nature,architecture",
68,Richmond Castle,Historical,Kalutara,Kalutara,4.7,200,700,6.3833,80.1333,Low,Colonial-era mansion with interesting history,"castle,colonial,historical,mansion",
69,Brief Garden,Nature,Kalutara,Kalutara,3.5,300,900,6.4333,80.05,Low,Beautiful tropical garden of artist Bevis Bawa,"garden,art,nature,scenic",
70,Kalutara Bodhiya,Religious,Kalutara,Kalutara,3.5,0,400,6.5853,79.9603,Low,Famous Buddhist temple with hollow dagoba,"temple,buddhist,dagoba,religious",
71,Kalutara Beach,Beach,Kalutara,Kalutara,3.8,200,1000,6.5853,79.9603,Low,Long beach near Kalutara town,"beach,long,scenic,relaxation",
72,Richmond Castle,Historical,Kalutara,Kalutara,4.5,200,700,6.3833,80.1333,Low,Colonial-era mansion with interesting history,"castle,colonial,historical,mansion",
73,Richmond Castle,Historical,Kalutara,Kalutara,4.3,200,700,6.3833,80.1333,Low,Colonial-era mansion with interesting history,"castle,colonial,historical,mansion",
74,Bentota Beach,Beach,Kalutara,Kalutara,4,1000,4000,6.426,80.001,Medium,Golden beach with water sports,"beach,watersports,resort,relaxation",
75,Richmond Castle,Historical,Kalutara,Kalutara,4.4,200,700,6.3833,80.1333,Low,Colonial-era mansion with interesting history,"castle,colonial,historical,mansion",
76,Bentota Beach,Beach,Kalutara,Kalutara,3.6,1000,4000,6.426,80.001,Medium,Golden beach with water sports,"beach,watersports,resort,relaxation",
77,Kalutara Bodhiya,Religious,Kalutara,Kalutara,4.3,0,400,6.5853,79.9603,Low,Famous Buddhist temple with hollow dagoba,"temple,buddhist,dagoba,religious",
78,Kalutara Bodhiya,Religious,Kalutara,Kalutara,3,0,400,6.5853,79.9603,Low,Famous Buddhist temple with hollow dagoba,"temple,buddhist,dagoba,religious",
79,Kalutara Bodhiya,Religious,Kalutara,Kalutara,4.1,0,400,6.5853,79.9603,Low,Famous Buddhist temple with hollow dagoba,"temple,buddhist,dagoba,religious",
80,Richmond Castle,Historical,Kalutara,Kalutara,3.9,200,700,6.3833,80.1333,Low,Colonial-era mansion with interesting history,"castle,colonial,historical,mansion",
81,Bentota Beach,Beach,Kalutara,Kalutara,4.5,1000,4000,6.426,80.001,Medium,Golden beach with water sports,"beach,watersports,resort,relaxation",
82,Brief Garden,Nature,Kalutara,Kalutara,3.4,300,900,6.4333,80.05,Low,Beautiful tropical garden of artist Bevis Bawa,"garden,art,nature,scenic",
83,Kalutara Bodhiya,Religious,Kalutara,Kalutara,4.2,0,400,6.5853,79.9603,Low,Famous Buddhist temple with hollow dagoba,"temple,buddhist,dagoba,religious",
84,Kalutara Bodhiya,Religious,Kalutara,Kalutara,4.9,0,400,6.5853,79.9603,Low,Famous Buddhist temple with hollow dagoba,"temple,buddhist,dagoba,religious",
85,Richmond Castle,Historical,Kalutara,Kalutara,4.8,200,700,6.3833,80.1333,Low,Colonial-era mansion with interesting history,"castle,colonial,historical,mansion",
86,Bentota Beach,Beach,Kalutara,Kalutara,4.9,1000,4000,6.426,80.001,Medium,Golden beach with water sports,"beach,watersports,resort,relaxation",
87,Richmond Castle,Historical,Kalutara,Kalutara,3.2,200,700,6.3833,80.1333,Low,Colonial-era mansion with interesting history,"castle,colonial,historical,mansion",
88,Kalutara Bodhiya,Religious,Kalutara,Kalutara,3.2,0,400,6.5853,79.9603,Low,Famous Buddhist temple with hollow dagoba,"temple,buddhist,dagoba,religious",
89,Kalutara Beach,Beach,Kalutara,Kalutara,3.3,200,1000,6.5853,79.9603,Low,Long beach near Kalutara town,"beach,long,scenic,relaxation",
90,Richmond Castle,Historical,Kalutara,Kalutara,4.5,200,700,6.3833,80.1333,Low,Colonial-era mansion with interesting history,"castle,colonial,historical,mansion",
91,Richmond Castle,Historical,Kalutara,Kalutara,4.1,200,700,6.3833,80.1333,Low,Colonial-era mansion with interesting history,"castle,colonial,historical,mansion",
92,Bentota Beach,Beach,Kalutara,Kalutara,4.8,1000,4000,6.426,80.001,Medium,Golden beach with water sports,"beach,watersports,resort,relaxation",
93,Richmond Castle,Historical,Kalutara,Kalutara,3.4,200,700,6.3833,80.1333,Low,Colonial-era mansion with interesting history,"castle,colonial,historical,mansion",
94,Brief Garden,Nature,Kalutara,Kalutara,3.9,300,900,6.4333,80.05,Low,Beautiful tropical garden of artist Bevis Bawa,"garden,art,nature,scenic",
95,Kalutara Bodhiya,Religious,Kalutara,Kalutara,4.3,0,400,6.5853,79.9603,Low,Famous Buddhist temple with hollow dagoba,"temple,buddhist,dagoba,religious",
96,Brief Garden,Nature,Kalutara,Kalutara,4.5,300,900,6.4333,80.05,Low,Beautiful tropical garden of artist Bevis Bawa,"garden,art,nature,scenic",
97,Richmond Castle,Historical,Kalutara,Kalutara,4.8,200,700,6.3833,80.1333,Low,Colonial-era mansion with interesting history,"castle,colonial,historical,mansion",
98,Brief Garden,Nature,Kalutara,Kalutara,3.5,300,900,6.4333,80.05,Low,Beautiful tropical garden of artist Bevis Bawa,"garden,art,nature,scenic",
99,Kalutara Bodhiya,Religious,Kalutara,Kalutara,3.6,0,400,6.5853,79.9603,Low,Famous Buddhist temple with hollow dagoba,"temple,buddhist,dagoba,religious",
100,Kalutara Bodhiya,Religious,Kalutara,Kalutara,3.8,0,400,6.5853,79.9603,Low,Famous Buddhist temple with hollow dagoba,"temple,buddhist,dagoba,religious",
101,Brief Garden,Nature,Kalutara,Kalutara,5,300,900,6.4333,80.05,Low,Beautiful tropical garden of artist Bevis Bawa,"garden,art,nature,scenic",
102,Brief Garden,Nature,Kalutara,Kalutara,4.9,300,900,6.4333,80.05,Low,Beautiful tropical garden of artist Bevis Bawa,"garden,art,nature,scenic",
103,Brief Garden,Nature,Kalutara,Kalutara,3.4,300,900,6.4333,80.05,Low,Beautiful tropical garden of artist Bevis Bawa,"garden,art,nature,scenic",
104,Kalutara Bodhiya,Religious,Kalutara,Kalutara,4,0,400,6.5853,79.9603,Low,Famous Buddhist temple with hollow dagoba,"temple,buddhist,dagoba,religious",
105,Bentota Beach,Beach,Kalutara,Kalutara,4.2,1000,4000,6.426,80.001,Medium,Golden beach with water sports,"beach,watersports,resort,relaxation",
106,Bentota Beach,Beach,Kalutara,Kalutara,4.3,1000,4000,6.426,80.001,Medium,Golden beach with water sports,"beach,watersports,resort,relaxation",
107,Kalutara Bodhiya,Religious,Kalutara,Kalutara,3.3,0,400,6.5853,79.9603,Low,Famous Buddhist temple with hollow dagoba,"temple,buddhist,dagoba,religious",
108,Lunuganga Garden,Nature,Kalutara,Kalutara,3.4,500,1500,6.3833,80.1167,Medium,Geoffrey Bawa's country estate garden,"garden,bawa,nature,architecture",
109,Richmond Castle,Historical,Kalutara,Kalutara,3.2,200,700,6.3833,80.1333,Low,Colonial-era mansion with interesting history,"castle,colonial,historical,mansion",
110,Lunuganga Garden,Nature,Kalutara,Kalutara,4.4,500,1500,6.3833,80.1167,Medium,Geoffrey Bawa's country estate garden,"garden,bawa,nature,architecture",
111,Kalutara Bodhiya,Religious,Kalutara,Kalutara,3.1,0,400,6.5853,79.9603,Low,Famous Buddhist temple with hollow dagoba,"temple,buddhist,dagoba,religious",
112,Kalutara Bodhiya,Religious,Kalutara,Kalutara,4.1,0,400,6.5853,79.9603,Low,Famous Buddhist temple with hollow dagoba,"temple,buddhist,dagoba,religious",
113,Brief Garden,Nature,Kalutara,Kalutara,4.6,300,900,6.4333,80.05,Low,Beautiful tropical garden of artist Bevis Bawa,"garden,art,nature,scenic",
114,Kalutara Bodhiya,Religious,Kalutara,Kalutara,4.8,0,400,6.5853,79.9603,Low,Famous Buddhist temple with hollow dagoba,"temple,buddhist,dagoba,religious",
115,Bentota Beach,Beach,Kalutara,Kalutara,4.3,1000,4000,6.426,80.001,Medium,Golden beach with water sports,"beach,watersports,resort,relaxation",
116,Kalutara Bodhiya,Religious,Kalutara,Kalutara,4.9,0,400,6.5853,79.9603,Low,Famous Buddhist temple with hollow dagoba,"temple,buddhist,dagoba,religious",
117,Richmond Castle,Historical,Kalutara,Kalutara,3.8,200,700,6.3833,80.1333,Low,Colonial-era mansion with interesting history,"castle,colonial,historical,mansion",
118,Bentota Beach,Beach,Kalutara,Kalutara,4.4,1000,4000,6.426,80.001,Medium,Golden beach with water sports,"beach,watersports,resort,relaxation",
119,Lunuganga Garden,Nature,Kalutara,Kalutara,4.1,500,1500,6.3833,80.1167,Medium,Geoffrey Bawa's country estate garden,"garden,bawa,nature,architecture",
120,Kalutara Beach,Beach,Kalutara,Kalutara,4.4,200,1000,6.5853,79.9603,Low,Long beach near Kalutara town,"beach,long,scenic,relaxation",
121,Lunuganga Garden,Nature,Kalutara,Kalutara,4,500,1500,6.3833,80.1167,Medium,Geoffrey Bawa's country estate garden,"garden,bawa,nature,architecture",
122,Lunuganga Garden,Nature,Kalutara,Kalutara,4.7,500,1500,6.3833,80.1167,Medium,Geoffrey Bawa's country estate garden,"garden,bawa,nature,architecture",
123,Kalutara Bodhiya,Religious,Kalutara,Kalutara,4.1,0,400,6.5853,79.9603,Low,Famous Buddhist temple with hollow dagoba,"temple,buddhist,dagoba,religious",
124,Kalutara Bodhiya,Religious,Kalutara,Kalutara,3.8,0,400,6.5853,79.9603,Low,Famous Buddhist temple with hollow dagoba,"temple,buddhist,dagoba,religious",
125,Richmond Castle,Historical,Kalutara,Kalutara,4.6,200,700,6.3833,80.1333,Low,Colonial-era mansion with interesting history,"castle,colonial,historical,mansion",
126,Lunuganga Garden,Nature,Kalutara,Kalutara,3.2,500,1500,6.3833,80.1167,Medium,Geoffrey Bawa's country estate garden,"garden,bawa,nature,architecture",
127,Kalutara Beach,Beach,Kalutara,Kalutara,4.9,200,1000,6.5853,79.9603,Low,Long beach near Kalutara town,"beach,long,scenic,relaxation",
128,Brief Garden,Nature,Kalutara,Kalutara,3.7,300,900,6.4333,80.05,Low,Beautiful tropical garden of artist Bevis Bawa,"garden,art,nature,scenic",
129,Brief Garden,Nature,Kalutara,Kalutara,3.8,300,900,6.4333,80.05,Low,Beautiful tropical garden of artist Bevis Bawa,"garden,art,nature,scenic",
130,Richmond Castle,Historical,Kalutara,Kalutara,5,200,700,6.3833,80.1333,Low,Colonial-era mansion with interesting history,"castle,colonial,historical,mansion",
131,Richmond Castle,Historical,Kalutara,Kalutara,3.2,200,700,6.3833,80.1333,Low,Colonial-era mansion with interesting history,"castle,colonial,historical,mansion",
132,Kalutara Beach,Beach,Kalutara,Kalutara,4.7,200,1000,6.5853,79.9603,Low,Long beach near Kalutara town,"beach,long,scenic,relaxation",
133,Brief Garden,Nature,Kalutara,Kalutara,3.2,300,900,6.4333,80.05,Low,Beautiful tropical garden of artist Bevis Bawa,"garden,art,nature,scenic",
134,Lunuganga Garden,Nature,Kalutara,Kalutara,4.5,500,1500,6.3833,80.1167,Medium,Geoffrey Bawa's country estate garden,"garden,bawa,nature,architecture",
135,Brief Garden,Nature,Kalutara,Kalutara,4.3,300,900,6.4333,80.05,Low,Beautiful tropical garden of artist Bevis Bawa,"garden,art,nature,scenic",
136,Bentota Beach,Beach,Kalutara,Kalutara,4.1,1000,4000,6.426,80.001,Medium,Golden beach with water sports,"beach,watersports,resort,relaxation",
137,Lunuganga Garden,Nature,Kalutara,Kalutara,4.3,500,1500,6.3833,80.1167,Medium,Geoffrey Bawa's country estate garden,"garden,bawa,nature,architecture",
138,Brief Garden,Nature,Kalutara,Kalutara,4.4,300,900,6.4333,80.05,Low,Beautiful tropical garden of artist Bevis Bawa,"garden,art,nature,scenic",
139,Kalutara Bodhiya,Religious,Kalutara,Kalutara,4.3,0,400,6.5853,79.9603,Low,Famous Buddhist temple with hollow dagoba,"temple,buddhist,dagoba,religious",
140,Brief Garden,Nature,Kalutara,Kalutara,4,300,900,6.4333,80.05,Low,Beautiful tropical garden of artist Bevis Bawa,"garden,art,nature,scenic",
141,Richmond Castle,Historical,Kalutara,Kalutara,3.9,200,700,6.3833,80.1333,Low,Colonial-era mansion with interesting history,"castle,colonial,historical,mansion",
142,Bentota Beach,Beach,Kalutara,Kalutara,3.3,1000,4000,6.426,80.001,Medium,Golden beach with water sports,"beach,watersports,resort,relaxation",
143,Bentota Beach,Beach,Kalutara,Kalutara,3.1,1000,4000,6.426,80.001,Medium,Golden beach with water sports,"beach,watersports,resort,relaxation",
144,Kalutara Beach,Beach,Kalutara,Kalutara,3.5,200,1000,6.5853,79.9603,Low,Long beach near Kalutara town,"beach,long,scenic,relaxation",
145,Lunuganga Garden,Nature,Kalutara,Kalutara,3.1,500,1500,6.3833,80.1167,Medium,Geoffrey Bawa's country estate garden,"garden,bawa,nature,architecture",
146,Kalutara Beach,Beach,Kalutara,Kalutara,4.3,200,1000,6.5853,79.9603,Low,Long beach near Kalutara town,"beach,long,scenic,relaxation",
147,Lunuganga Garden,Nature,Kalutara,Kalutara,4.1,500,1500,6.3833,80.1167,Medium,Geoffrey Bawa's country estate garden,"garden,bawa,nature,architecture",
148,Lunuganga Garden,Nature,Kalutara,Kalutara,4.9,500,1500,6.3833,80.1167,Medium,Geoffrey Bawa's country estate garden,"garden,bawa,nature,architecture",
149,Kalutara Bodhiya,Religious,Kalutara,Kalutara,3.1,0,400,6.5853,79.9603,Low,Famous Buddhist temple with hollow dagoba,"temple,buddhist,dagoba,religious",
150,Kalutara Bodhiya,Religious,Kalutara,Kalutara,3.7,0,400,6.5853,79.9603,Low,Famous Buddhist temple with hollow dagoba,"temple,buddhist,dagoba,religious",
151,Richmond Castle,Historical,Kalutara,Kalutara,3.1,200,700,6.3833,80.1333,Low,Colonial-era mansion with interesting history,"castle,colonial,historical,mansion",
152,Kalutara Bodhiya,Religious,Kalutara,Kalutara,3.4,0,400,6.5853,79.9603,Low,Famous Buddhist temple with hollow dagoba,"temple,buddhist,dagoba,religious",
153,Richmond Castle,Historical,Kalutara,Kalutara,4.3,200,700,6.3833,80.1333,Low,Colonial-era mansion with interesting history,"castle,colonial,historical,mansion",
154,Lunuganga Garden,Nature,Kalutara,Kalutara,4.9,500,1500,6.3833,80.1167,Medium,Geoffrey Bawa's country estate garden,"garden,bawa,nature,architecture",
155,Kalutara Beach,Beach,Kalutara,Kalutara,3.3,200,1000,6.5853,79.9603,Low,Long beach near Kalutara town,"beach,long,scenic,relaxation",
156,Kalutara Beach,Beach,Kalutara,Kalutara,3.5,200,1000,6.5853,79.9603,Low,Long beach near Kalutara town,"beach,long,scenic,relaxation",
157,Kalutara Bodhiya,Religious,Kalutara,Kalutara,3.1,0,400,6.5853,79.9603,Low,Famous Buddhist temple with hollow dagoba,"temple,buddhist,dagoba,religious",
158,Bentota Beach,Beach,Kalutara,Kalutara,4,1000,4000,6.426,80.001,Medium,Golden beach with water sports,"beach,watersports,resort,relaxation",
159,Kalutara Bodhiya,Religious,Kalutara,Kalutara,3.9,0,400,6.5853,79.9603,Low,Famous Buddhist temple with hollow dagoba,"temple,buddhist,dagoba,religious",
160,Kalutara Beach,Beach,Kalutara,Kalutara,3.1,200,1000,6.5853,79.9603,Low,Long beach near Kalutara town,"beach,long,scenic,relaxation",
161,Richmond Castle,Historical,Kalutara,Kalutara,4.3,200,700,6.3833,80.1333,Low,Colonial-era mansion with interesting history,"castle,colonial,historical,mansion",
162,Kalutara Bodhiya,Religious,Kalutara,Kalutara,3.3,0,400,6.5853,79.9603,Low,Famous Buddhist temple with hollow dagoba,"temple,buddhist,dagoba,religious",
163,Kalutara Bodhiya,Religious,Kalutara,Kalutara,4.8,0,400,6.5853,79.9603,Low,Famous Buddhist temple with hollow dagoba,"temple,buddhist,dagoba,religious",
164,Kalutara Bodhiya,Religious,Kalutara,Kalutara,3.9,0,400,6.5853,79.9603,Low,Famous Buddhist temple with hollow dagoba,"temple,buddhist,dagoba,religious",
165,Bentota Beach,Beach,Kalutara,Kalutara,4.7,1000,4000,6.426,80.001,Medium,Golden beach with water sports,"beach,watersports,resort,relaxation",
166,Kalutara Bodhiya,Religious,Kalutara,Kalutara,4.6,0,400,6.5853,79.9603,Low,Famous Buddhist temple with hollow dagoba,"temple,buddhist,dagoba,religious",
167,Kalutara Bodhiya,Religious,Kalutara,Kalutara,3.2,0,400,6.5853,79.9603,Low,Famous Buddhist temple with hollow dagoba,"temple,buddhist,dagoba,religious",
168,Kalutara Beach,Beach,Kalutara,Kalutara,4.6,200,1000,6.5853,79.9603,Low,Long beach near Kalutara town,"beach,long,scenic,relaxation",
169,Bentota Beach,Beach,Kalutara,Kalutara,3.1,1000,4000,6.426,80.001,Medium,Golden beach with water sports,"beach,watersports,resort,relaxation",
170,Bentota Beach,Beach,Kalutara,Kalutara,3.9,1000,4000,6.426,80.001,Medium,Golden beach with water sports,"beach,watersports,resort,relaxation",
171,Richmond Castle,Historical,Kalutara,Kalutara,4.4,200,700,6.3833,80.1333,Low,Colonial-era mansion with interesting history,"castle,colonial,historical,mansion",
172,Brief Garden,Nature,Kalutara,Kalutara,3.2,300,900,6.4333,80.05,Low,Beautiful tropical garden of artist Bevis Bawa,"garden,art,nature,scenic",
173,Richmond Castle,Historical,Kalutara,Kalutara,4.2,200,700,6.3833,80.1333,Low,Colonial-era mansion with interesting history,"castle,colonial,historical,mansion",
174,Bentota Beach,Beach,Kalutara,Kalutara,3.6,1000,4000,6.426,80.001,Medium,Golden beach with water sports,"beach,watersports,resort,relaxation",
175,Bentota Beach,Beach,Kalutara,Kalutara,4.5,1000,4000,6.426,80.001,Medium,Golden beach with water sports,"beach,watersports,resort,relaxation",
176,Kalutara Beach,Beach,Kalutara,Kalutara,3.3,200,1000,6.5853,79.9603,Low,Long beach near Kalutara town,"beach,long,scenic,relaxation",
177,Kalutara Bodhiya,Religious,Kalutara,Kalutara,3.2,0,400,6.5853,79.9603,Low,Famous Buddhist temple with hollow dagoba,"temple,buddhist,dagoba,religious",
178,Bentota Beach,Beach,Kalutara,Kalutara,4.5,1000,4000,6.426,80.001,Medium,Golden beach with water sports,"beach,watersports,resort,relaxation",
179,Bentota Beach,Beach,Kalutara,Kalutara,4.4,1000,4000,6.426,80.001,Medium,Golden beach with water sports,"beach,watersports,resort,relaxation",
180,Kalutara Beach,Beach,Kalutara,Kalutara,3.3,200,1000,6.5853,79.9603,Low,Long beach near Kalutara town,"beach,long,scenic,relaxation",
181,Bentota Beach,Beach,Kalutara,Kalutara,4.9,1000,4000,6.426,80.001,Medium,Golden beach with water sports,"beach,watersports,resort,relaxation",
182,Kalutara Bodhiya,Religious,Kalutara,Kalutara,3.3,0,400,6.5853,79.9603,Low,Famous Buddhist temple with hollow dagoba,"temple,buddhist,dagoba,religious",
183,Richmond Castle,Historical,Kalutara,Kalutara,4.2,200,700,6.3833,80.1333,Low,Colonial-era mansion with interesting history,"castle,colonial,historical,mansion",
184,Bentota Beach,Beach,Kalutara,Kalutara,3,1000,4000,6.426,80.001,Medium,Golden beach with water sports,"beach,watersports,resort,relaxation",
185,Lunuganga Garden,Nature,Kalutara,Kalutara,3.2,500,1500,6.3833,80.1167,Medium,Geoffrey Bawa's country estate garden,"garden,bawa,nature,architecture",
186,Kalutara Bodhiya,Religious,Kalutara,Kalutara,3.4,0,400,6.5853,79.9603,Low,Famous Buddhist temple with hollow dagoba,"temple,buddhist,dagoba,religious",
187,Kalutara Bodhiya,Religious,Kalutara,Kalutara,4.4,0,400,6.5853,79.9603,Low,Famous Buddhist temple with hollow dagoba,"temple,buddhist,dagoba,religious",
188,Kalutara Beach,Beach,Kalutara,Kalutara,4.8,200,1000,6.5853,79.9603,Low,Long beach near Kalutara town,"beach,long,scenic,relaxation",
189,Lunuganga Garden,Nature,Kalutara,Kalutara,4.4,500,1500,6.3833,80.1167,Medium,Geoffrey Bawa's country estate garden,"garden,bawa,nature,architecture",
190,Lunuganga Garden,Nature,Kalutara,Kalutara,4.4,500,1500,6.3833,80.1167,Medium,Geoffrey Bawa's country estate garden,"garden,bawa,nature,architecture",
191,Bentota Beach,Beach,Kalutara,Kalutara,3.3,1000,4000,6.426,80.001,Medium,Golden beach with water sports,"beach,watersports,resort,relaxation",
192,Brief Garden,Nature,Kalutara,Kalutara,4,300,900,6.4333,80.05,Low,Beautiful tropical garden of artist Bevis Bawa,"garden,art,nature,scenic",
193,Lunuganga Garden,Nature,Kalutara,Kalutara,3.5,500,1500,6.3833,80.1167,Medium,Geoffrey Bawa's country estate garden,"garden,bawa,nature,architecture",
194,Bentota Beach,Beach,Kalutara,Kalutara,4.2,1000,4000,6.426,80.001,Medium,Golden beach with water sports,"beach,watersports,resort,relaxation",
195,Kalutara Bodhiya,Religious,Kalutara,Kalutara,4.2,0,400,6.5853,79.9603,Low,Famous Buddhist temple with hollow dagoba,"temple,buddhist,dagoba,religious",
196,Richmond Castle,Historical,Kalutara,Kalutara,4,200,700,6.3833,80.1333,Low,Colonial-era mansion with interesting history,"castle,colonial,historical,mansion",
197,Kalutara Bodhiya,Religious,Kalutara,Kalutara,4.3,0,400,6.5853,79.9603,Low,Famous Buddhist temple with hollow dagoba,"temple,buddhist,dagoba,religious",
198,Brief Garden,Nature,Kalutara,Kalutara,3.7,300,900,6.4333,80.05,Low,Beautiful tropical garden of artist Bevis Bawa,"garden,art,nature,scenic",
199,Kalutara Bodhiya,Religious,Kalutara,Kalutara,4.1,0,400,6.5853,79.9603,Low,Famous Buddhist temple with hollow dagoba,"temple,buddhist,dagoba,religious",
200,Bentota Beach,Beach,Kalutara,Kalutara,3.2,1000,4000,6.426,80.001,Medium,Golden beach with water sports,"beach,watersports,resort,relaxation",
201,Kalutara Beach,Beach,Kalutara,Kalutara,5,200,1000,6.5853,79.9603,Low,Long beach near Kalutara town,"beach,long,scenic,relaxation",
202,Kalutara Beach,Beach,Kalutara,Kalutara,3.7,200,1000,6.5853,79.9603,Low,Long beach near Kalutara town,"beach,long,scenic,relaxation",
203,Kalutara Beach,Beach,Kalutara,Kalutara,4,200,1000,6.5853,79.9603,Low,Long beach near Kalutara town,"beach,long,scenic,relaxation",
204,Lunuganga Garden,Nature,Kalutara,Kalutara,4.5,500,1500,6.3833,80.1167,Medium,Geoffrey Bawa's country estate garden,"garden,bawa,nature,architecture",
205,Richmond Castle,Historical,Kalutara,Kalutara,3.4,200,700,6.3833,80.1333,Low,Colonial-era mansion with interesting history,"castle,colonial,historical,mansion",
206,Kalutara Bodhiya,Religious,Kalutara,Kalutara,3.4,0,400,6.5853,79.9603,Low,Famous Buddhist temple with hollow dagoba,"temple,buddhist,dagoba,religious",
207,Bentota Beach,Beach,Kalutara,Kalutara,4.4,1000,4000,6.426,80.001,Medium,Golden beach with water sports,"beach,watersports,resort,relaxation",
208,Lunuganga Garden,Nature,Kalutara,Kalutara,4,500,1500,6.3833,80.1167,Medium,Geoffrey Bawa's country estate garden,"garden,bawa,nature,architecture",
209,Bentota Beach,Beach,Kalutara,Kalutara,4.3,1000,4000,6.426,80.001,Medium,Golden beach with water sports,"beach,watersports,resort,relaxation",
210,Kalutara Bodhiya,Religious,Kalutara,Kalutara,3.1,0,400,6.5853,79.9603,Low,Famous Buddhist temple with hollow dagoba,"temple,buddhist,dagoba,religious",
211,Brief Garden,Nature,Kalutara,Kalutara,3.6,300,900,6.4333,80.05,Low,Beautiful tropical garden of artist Bevis Bawa,"garden,art,nature,scenic",
212,Lunuganga Garden,Nature,Kalutara,Kalutara,3.5,500,1500,6.3833,80.1167,Medium,Geoffrey Bawa's country estate garden,"garden,bawa,nature,architecture",
213,Kalutara Beach,Beach,Kalutara,Kalutara,4.6,200,1000,6.5853,79.9603,Low,Long beach near Kalutara town,"beach,long,scenic,relaxation",
214,Lunuganga Garden,Nature,Kalutara,Kalutara,3.1,500,1500,6.3833,80.1167,Medium,Geoffrey Bawa's country estate garden,"garden,bawa,nature,architecture",
215,Richmond Castle,Historical,Kalutara,Kalutara,3.1,200,700,6.3833,80.1333,Low,Colonial-era mansion with interesting history,"castle,colonial,historical,mansion",
216,Kalutara Beach,Beach,Kalutara,Kalutara,3.4,200,1000,6.5853,79.9603,Low,Long beach near Kalutara town,"beach,long,scenic,relaxation",
217,Kalutara Bodhiya,Religious,Kalutara,Kalutara,4,0,400,6.5853,79.9603,Low,Famous Buddhist temple with hollow dagoba,"temple,buddhist,dagoba,religious",
218,Kalutara Bodhiya,Religious,Kalutara,Kalutara,3.1,0,400,6.5853,79.9603,Low,Famous Buddhist temple with hollow dagoba,"temple,buddhist,dagoba,religious",
219,Bentota Beach,Beach,Kalutara,Kalutara,4.4,1000,4000,6.426,80.001,Medium,Golden beach with water sports,"beach,watersports,resort,relaxation",
220,Kalutara Beach,Beach,Kalutara,Kalutara,4.2,200,1000,6.5853,79.9603,Low,Long beach near Kalutara town,"beach,long,scenic,relaxation",
1,Temple of Sacred Tooth Relic,Religious,Kandy,Kandy,4.4,1500,3000,7.2936,80.6413,Medium,Most sacred Buddhist temple in Sri Lanka,"temple,buddhist,sacred,UNESCO,religious",
2,Kandy Lake,Nature,Kandy,Kandy,4.5,0,400,7.2906,80.6337,Low,Scenic artificial lake in city center,"lake,scenic,walking,nature",
3,Royal Botanic Gardens Peradeniya,Nature,Kandy,Kandy,4.2,500,1500,7.2681,80.595,Low,Most beautiful botanical garden in Asia,"garden,botanical,flowers,nature",
4,Pinnawala Elephant Orphanage,Wildlife,Kandy,Kandy,4.1,2000,4000,7.3003,80.3842,Medium,Largest captive elephant herd,"elephant,orphanage,wildlife,family",
5,Ambuluwawa Tower,Nature,Kandy,Kandy,3.8,200,700,7.17,80.57,Low,Unique spiral tower with 360 views,"tower,viewpoint,360,nature",images/ambuluwawa_tower.jpg
6,Lankathilaka Temple,Religious,Kandy,Kandy,5,300,900,7.2667,80.55,Low,Beautiful ancient temple near Kandy,"temple,ancient,buddhist,religious",images/lankathilaka_temple.jpg
7,Gadaladeniya Temple,Religious,Kandy,Kandy,4.9,200,700,7.2833,80.5333,Low,14th century rock temple,"temple,ancient,rock,religious",
8,Udawattekele Sanctuary,Wildlife,Kandy,Kandy,4.7,300,900,7.2936,80.6413,Low,Forest sanctuary in city center,"forest,birds,wildlife,nature",
9,Bahirawakanda Buddha Statue,Religious,Kandy,Kandy,3.5,0,400,7.3,80.63,Low,Giant white Buddha overlooking Kandy,"buddha,giant,viewpoint,religious",
10,Knuckles Mountain Range,Adventure,Kandy,Kandy,4,1500,5000,7.45,80.7833,Medium,UNESCO biosphere with trekking trails,"trekking,UNESCO,wildlife,adventure",
11,Temple of Sacred Tooth Relic,Religious,Kandy,Kandy,4.9,1500,3000,7.2936,80.6413,Medium,Most sacred Buddhist temple in Sri Lanka,"temple,buddhist,sacred,UNESCO,religious",
12,Lankathilaka Temple,Religious,Kandy,Kandy,4.4,300,900,7.2667,80.55,Low,Beautiful ancient temple near Kandy,"temple,ancient,buddhist,religious",images/lankathilaka_temple.jpg
13,Pinnawala Elephant Orphanage,Wildlife,Kandy,Kandy,4.2,2000,4000,7.3003,80.3842,Medium,Largest captive elephant herd,"elephant,orphanage,wildlife,family",
14,Gadaladeniya Temple,Religious,Kandy,Kandy,4.5,200,700,7.2833,80.5333,Low,14th century rock temple,"temple,ancient,rock,religious",
15,Kandy Lake,Nature,Kandy,Kandy,3.7,0,400,7.2906,80.6337,Low,Scenic artificial lake in city center,"lake,scenic,walking,nature",
16,Udawattekele Sanctuary,Wildlife,Kandy,Kandy,5,300,900,7.2936,80.6413,Low,Forest sanctuary in city center,"forest,birds,wildlife,nature",
17,Kandy Lake,Nature,Kandy,Kandy,4.5,0,400,7.2906,80.6337,Low,Scenic artificial lake in city center,"lake,scenic,walking,nature",
18,Ambuluwawa Tower,Nature,Kandy,Kandy,4.2,200,700,7.17,80.57,Low,Unique spiral tower with 360 views,"tower,viewpoint,360,nature",images/ambuluwawa_tower.jpg
19,Royal Botanic Gardens Peradeniya,Nature,Kandy,Kandy,4.7,500,1500,7.2681,80.595,Low,Most beautiful botanical garden in Asia,"garden,botanical,flowers,nature",
20,Knuckles Mountain Range,Adventure,Kandy,Kandy,4.6,1500,5000,7.45,80.7833,Medium,UNESCO biosphere with trekking trails,"trekking,UNESCO,wildlife,adventure",
21,Bahirawakanda Buddha Statue,Religious,Kandy,Kandy,3.1,0,400,7.3,80.63,Low,Giant white Buddha overlooking Kandy,"buddha,giant,viewpoint,religious",
22,Udawattekele Sanctuary,Wildlife,Kandy,Kandy,4.6,300,900,7.2936,80.6413,Low,Forest sanctuary in city center,"forest,birds,wildlife,nature",
23,Ambuluwawa Tower,Nature,Kandy,Kandy,4.7,200,700,7.17,80.57,Low,Unique spiral tower with 360 views,"tower,viewpoint,360,nature",images/ambuluwawa_tower.jpg
24,Bahirawakanda Buddha Statue,Religious,Kandy,Kandy,5,0,400,7.3,80.63,Low,Giant white Buddha overlooking Kandy,"buddha,giant,viewpoint,religious",
25,Udawattekele Sanctuary,Wildlife,Kandy,Kandy,3.3,300,900,7.2936,80.6413,Low,Forest sanctuary in city center,"forest,birds,wildlife,nature",
26,Udawattekele Sanctuary,Wildlife,Kandy,Kandy,4.9,300,900,7.2936,80.6413,Low,Forest sanctuary in city center,"forest,birds,wildlife,nature",
27,Udawattekele Sanctuary,Wildlife,Kandy,Kandy,4.3,300,900,7.2936,80.6413,Low,Forest sanctuary in city center,"forest,birds,wildlife,nature",
28,Pinnawala Elephant Orphanage,Wildlife,Kandy,Kandy,3.5,2000,4000,7.3003,80.3842,Medium,Largest captive elephant herd,"elephant,orphanage,wildlife,family",
29,Royal Botanic Gardens Peradeniya,Nature,Kandy,Kandy,4.5,500,1500,7.2681,80.595,Low,Most beautiful botanical garden in Asia,"garden,botanical,flowers,nature",
30,Kandy Lake,Nature,Kandy,Kandy,3.2,0,400,7.2906,80.6337,Low,Scenic artificial lake in city center,"lake,scenic,walking,nature",
31,Temple of Sacred Tooth Relic,Religious,Kandy,Kandy,3.3,1500,3000,7.2936,80.6413,Medium,Most sacred Buddhist temple in Sri Lanka,"temple,buddhist,sacred,UNESCO,religious",
32,Lankathilaka Temple,Religious,Kandy,Kandy,4.8,300,900,7.2667,80.55,Low,Beautiful ancient temple near Kandy,"temple,ancient,buddhist,religious",images/lankathilaka_temple.jpg
33,Ambuluwawa Tower,Nature,Kandy,Kandy,3.4,200,700,7.17,80.57,Low,Unique spiral tower with 360 views,"tower,viewpoint,360,nature",images/ambuluwawa_tower.jpg
34,Ambuluwawa Tower,Nature,Kandy,Kandy,4.3,200,700,7.17,80.57,Low,Unique spiral tower with 360 views,"tower,viewpoint,360,nature",images/ambuluwawa_tower.jpg
35,Kandy Lake,Nature,Kandy,Kandy,4.3,0,400,7.2906,80.6337,Low,Scenic artificial lake in city center,"lake,scenic,walking,nature",
36,Bahirawakanda Buddha Statue,Religious,Kandy,Kandy,4.3,0,400,7.3,80.63,Low,Giant white Buddha overlooking Kandy,"buddha,giant,viewpoint,religious",
37,Udawattekele Sanctuary,Wildlife,Kandy,Kandy,3.2,300,900,7.2936,80.6413,Low,Forest sanctuary in city center,"forest,birds,wildlife,nature",
38,Lankathilaka Temple,Religious,Kandy,Kandy,4.7,300,900,7.2667,80.55,Low,Beautiful ancient temple near Kandy,"temple,ancient,buddhist,religious",images/lankathilaka_temple.jpg
39,Knuckles Mountain Range,Adventure,Kandy,Kandy,4.5,1500,5000,7.45,80.7833,Medium,UNESCO biosphere with trekking trails,"trekking,UNESCO,wildlife,adventure",
40,Knuckles Mountain Range,Adventure,Kandy,Kandy,3.1,1500,5000,7.45,80.7833,Medium,UNESCO biosphere with trekking trails,"trekking,UNESCO,wildlife,adventure",
41,Lankathilaka Temple,Religious,Kandy,Kandy,3.8,300,900,7.2667,80.55,Low,Beautiful ancient temple near Kandy,"temple,ancient,buddhist,religious",images/lankathilaka_temple.jpg
42,Gadaladeniya Temple,Religious,Kandy,Kandy,4.3,200,700,7.2833,80.5333,Low,14th century rock temple,"temple,ancient,rock,religious",
43,Bahirawakanda Buddha Statue,Religious,Kandy,Kandy,4.9,0,400,7.3,80.63,Low,Giant white Buddha overlooking Kandy,"buddha,giant,viewpoint,religious",
44,Gadaladeniya Temple,Religious,Kandy,Kandy,4.6,200,700,7.2833,80.5333,Low,14th century rock temple,"temple,ancient,rock,religious",
45,Pinnawala Elephant Orphanage,Wildlife,Kandy,Kandy,3.5,2000,4000,7.3003,80.3842,Medium,Largest captive elephant herd,"elephant,orphanage,wildlife,family",
46,Ambuluwawa Tower,Nature,Kandy,Kandy,3.2,200,700,7.17,80.57,Low,Unique spiral tower with 360 views,"tower,viewpoint,360,nature",images/ambuluwawa_tower.jpg
47,Kandy Lake,Nature,Kandy,Kandy,3.7,0,400,7.2906,80.6337,Low,Scenic artificial lake in city center,"lake,scenic,walking,nature",
48,Knuckles Mountain Range,Adventure,Kandy,Kandy,4.9,1500,5000,7.45,80.7833,Medium,UNESCO biosphere with trekking trails,"trekking,UNESCO,wildlife,adventure",
49,Kandy Lake,Nature,Kandy,Kandy,4.1,0,400,7.2906,80.6337,Low,Scenic artificial lake in city center,"lake,scenic,walking,nature",
50,Royal Botanic Gardens Peradeniya,Nature,Kandy,Kandy,4.7,500,1500,7.2681,80.595,Low,Most beautiful botanical garden in Asia,"garden,botanical,flowers,nature",
51,Gadaladeniya Temple,Religious,Kandy,Kandy,4.2,200,700,7.2833,80.5333,Low,14th century rock temple,"temple,ancient,rock,religious",
52,Temple of Sacred Tooth Relic,Religious,Kandy,Kandy,3.6,1500,3000,7.2936,80.6413,Medium,Most sacred Buddhist temple in Sri Lanka,"temple,buddhist,sacred,UNESCO,religious",
53,Knuckles Mountain Range,Adventure,Kandy,Kandy,4.1,1500,5000,7.45,80.7833,Medium,UNESCO biosphere with trekking trails,"trekking,UNESCO,wildlife,adventure",
54,Gadaladeniya Temple,Religious,Kandy,Kandy,5,200,700,7.2833,80.5333,Low,14th century rock temple,"temple,ancient,rock,religious",
55,Lankathilaka Temple,Religious,Kandy,Kandy,4.5,300,900,7.2667,80.55,Low,Beautiful ancient temple near Kandy,"temple,ancient,buddhist,religious",images/lankathilaka_temple.jpg
56,Royal Botanic Gardens Peradeniya,Nature,Kandy,Kandy,4,500,1500,7.2681,80.595,Low,Most beautiful botanical garden in Asia,"garden,botanical,flowers,nature",
57,Knuckles Mountain Range,Adventure,Kandy,Kandy,4.2,1500,5000,7.45,80.7833,Medium,UNESCO biosphere with trekking trails,"trekking,UNESCO,wildlife,adventure",
58,Kandy Lake,Nature,Kandy,Kandy,3.8,0,400,7.2906,80.6337,Low,Scenic artificial lake in city center,"lake,scenic,walking,nature",
59,Bahirawakanda Buddha Statue,Religious,Kandy,Kandy,4.7,0,400,7.3,80.63,Low,Giant white Buddha overlooking Kandy,"buddha,giant,viewpoint,religious",
60,Lankathilaka Temple,Religious,Kandy,Kandy,3.3,300,900,7.2667,80.55,Low,Beautiful ancient temple near Kandy,"temple,ancient,buddhist,religious",images/lankathilaka_temple.jpg
61,Ambuluwawa Tower,Nature,Kandy,Kandy,4.7,200,700,7.17,80.57,Low,Unique spiral tower with 360 views,"tower,viewpoint,360,nature",images/ambuluwawa_tower.jpg
62,Udawattekele Sanctuary,Wildlife,Kandy,Kandy,4.4,300,900,7.2936,80.6413,Low,Forest sanctuary in city center,"forest,birds,wildlife,nature",
63,Royal Botanic Gardens Peradeniya,Nature,Kandy,Kandy,4.2,500,1500,7.2681,80.595,Low,Most beautiful botanical garden in Asia,"garden,botanical,flowers,nature",
64,Royal Botanic Gardens Peradeniya,Nature,Kandy,Kandy,4.5,500,1500,7.2681,80.595,Low,Most beautiful botanical garden in Asia,"garden,botanical,flowers,nature",
65,Temple of Sacred Tooth Relic,Religious,Kandy,Kandy,4.2,1500,3000,7.2936,80.6413,Medium,Most sacred Buddhist temple in Sri Lanka,"temple,buddhist,sacred,UNESCO,religious",
66,Ambuluwawa Tower,Nature,Kandy,Kandy,4,200,700,7.17,80.57,Low,Unique spiral tower with 360 views,"tower,viewpoint,360,nature",images/ambuluwawa_tower.jpg
67,Kandy Lake,Nature,Kandy,Kandy,3.5,0,400,7.2906,80.6337,Low,Scenic artificial lake in city center,"lake,scenic,walking,nature",
68,Knuckles Mountain Range,Adventure,Kandy,Kandy,4,1500,5000,7.45,80.7833,Medium,UNESCO biosphere with trekking trails,"trekking,UNESCO,wildlife,adventure",
69,Pinnawala Elephant Orphanage,Wildlife,Kandy,Kandy,4,2000,4000,7.3003,80.3842,Medium,Largest captive elephant herd,"elephant,orphanage,wildlife,family",
70,Gadaladeniya Temple,Religious,Kandy,Kandy,3.1,200,700,7.2833,80.5333,Low,14th century rock temple,"temple,ancient,rock,religious",
71,Lankathilaka Temple,Religious,Kandy,Kandy,3.3,300,900,7.2667,80.55,Low,Beautiful ancient temple near Kandy,"temple,ancient,buddhist,religious",images/lankathilaka_temple.jpg
72,Pinnawala Elephant Orphanage,Wildlife,Kandy,Kandy,4.7,2000,4000,7.3003,80.3842,Medium,Largest captive elephant herd,"elephant,orphanage,wildlife,family",
73,Pinnawala Elephant Orphanage,Wildlife,Kandy,Kandy,4.4,2000,4000,7.3003,80.3842,Medium,Largest captive elephant herd,"elephant,orphanage,wildlife,family",
74,Temple of Sacred Tooth Relic,Religious,Kandy,Kandy,4.8,1500,3000,7.2936,80.6413,Medium,Most sacred Buddhist temple in Sri Lanka,"temple,buddhist,sacred,UNESCO,religious",
75,Royal Botanic Gardens Peradeniya,Nature,Kandy,Kandy,4.7,500,1500,7.2681,80.595,Low,Most beautiful botanical garden in Asia,"garden,botanical,flowers,nature",
76,Gadaladeniya Temple,Religious,Kandy,Kandy,3.6,200,700,7.2833,80.5333,Low,14th century rock temple,"temple,ancient,rock,religious",
77,Royal Botanic Gardens Peradeniya,Nature,Kandy,Kandy,5,500,1500,7.2681,80.595,Low,Most beautiful botanical garden in Asia,"garden,botanical,flowers,nature",
78,Bahirawakanda Buddha Statue,Religious,Kandy,Kandy,3.8,0,400,7.3,80.63,Low,Giant white Buddha overlooking Kandy,"buddha,giant,viewpoint,religious",
79,Gadaladeniya Temple,Religious,Kandy,Kandy,4.4,200,700,7.2833,80.5333,Low,14th century rock temple,"temple,ancient,rock,religious",
80,Lankathilaka Temple,Religious,Kandy,Kandy,4.5,300,900,7.2667,80.55,Low,Beautiful ancient temple near Kandy,"temple,ancient,buddhist,religious",images/lankathilaka_temple.jpg
81,Gadaladeniya Temple,Religious,Kandy,Kandy,3.1,200,700,7.2833,80.5333,Low,14th century rock temple,"temple,ancient,rock,religious",
82,Ambuluwawa Tower,Nature,Kandy,Kandy,3.6,200,700,7.17,80.57,Low,Unique spiral tower with 360 views,"tower,viewpoint,360,nature",images/ambuluwawa_tower.jpg
83,Pinnawala Elephant Orphanage,Wildlife,Kandy,Kandy,4.4,2000,4000,7.3003,80.3842,Medium,Largest captive elephant herd,"elephant,orphanage,wildlife,family",
84,Bahirawakanda Buddha Statue,Religious,Kandy,Kandy,3.8,0,400,7.3,80.63,Low,Giant white Buddha overlooking Kandy,"buddha,giant,viewpoint,religious",
85,Royal Botanic Gardens Peradeniya,Nature,Kandy,Kandy,3.6,500,1500,7.2681,80.595,Low,Most beautiful botanical garden in Asia,"garden,botanical,flowers,nature",
86,Knuckles Mountain Range,Adventure,Kandy,Kandy,4.7,1500,5000,7.45,80.7833,Medium,UNESCO biosphere with trekking trails,"trekking,UNESCO,wildlife,adventure",
87,Temple of Sacred Tooth Relic,Religious,Kandy,Kandy,4.7,1500,3000,7.2936,80.6413,Medium,Most sacred Buddhist temple in Sri Lanka,"temple,buddhist,sacred,UNESCO,religious",
88,Ambuluwawa Tower,Nature,Kandy,Kandy,3.9,200,700,7.17,80.57,Low,Unique spiral tower with 360 views,"tower,viewpoint,360,nature",images/ambuluwawa_tower.jpg
89,Royal Botanic Gardens Peradeniya,Nature,Kandy,Kandy,4.2,500,1500,7.2681,80.595,Low,Most beautiful botanical garden in Asia,"garden,botanical,flowers,nature",
90,Udawattekele Sanctuary,Wildlife,Kandy,Kandy,4.4,300,900,7.2936,80.6413,Low,Forest sanctuary in city center,"forest,birds,wildlife,nature",
91,Ambuluwawa Tower,Nature,Kandy,Kandy,4.8,200,700,7.17,80.57,Low,Unique spiral tower with 360 views,"tower,viewpoint,360,nature",images/ambuluwawa_tower.jpg
92,Pinnawala Elephant Orphanage,Wildlife,Kandy,Kandy,3.4,2000,4000,7.3003,80.3842,Medium,Largest captive elephant herd,"elephant,orphanage,wildlife,family",
93,Pinnawala Elephant Orphanage,Wildlife,Kandy,Kandy,4.5,2000,4000,7.3003,80.3842,Medium,Largest captive elephant herd,"elephant,orphanage,wildlife,family",
94,Temple of Sacred Tooth Relic,Religious,Kandy,Kandy,3.7,1500,3000,7.2936,80.6413,Medium,Most sacred Buddhist temple in Sri Lanka,"temple,buddhist,sacred,UNESCO,religious",
95,Knuckles Mountain Range,Adventure,Kandy,Kandy,3.2,1500,5000,7.45,80.7833,Medium,UNESCO biosphere with trekking trails,"trekking,UNESCO,wildlife,adventure",
96,Royal Botanic Gardens Peradeniya,Nature,Kandy,Kandy,3.8,500,1500,7.2681,80.595,Low,Most beautiful botanical garden in Asia,"garden,botanical,flowers,nature",
97,Gadaladeniya Temple,Religious,Kandy,Kandy,4.4,200,700,7.2833,80.5333,Low,14th century rock temple,"temple,ancient,rock,religious",
98,Royal Botanic Gardens Peradeniya,Nature,Kandy,Kandy,4.9,500,1500,7.2681,80.595,Low,Most beautiful botanical garden in Asia,"garden,botanical,flowers,nature",
99,Kandy Lake,Nature,Kandy,Kandy,3.7,0,400,7.2906,80.6337,Low,Scenic artificial lake in city center,"lake,scenic,walking,nature",
100,Udawattekele Sanctuary,Wildlife,Kandy,Kandy,3.4,300,900,7.2936,80.6413,Low,Forest sanctuary in city center,"forest,birds,wildlife,nature",
101,Temple of Sacred Tooth Relic,Religious,Kandy,Kandy,3.2,1500,3000,7.2936,80.6413,Medium,Most sacred Buddhist temple in Sri Lanka,"temple,buddhist,sacred,UNESCO,religious",
102,Bahirawakanda Buddha Statue,Religious,Kandy,Kandy,4.3,0,400,7.3,80.63,Low,Giant white Buddha overlooking Kandy,"buddha,giant,viewpoint,religious",
103,Knuckles Mountain Range,Adventure,Kandy,Kandy,3.9,1500,5000,7.45,80.7833,Medium,UNESCO biosphere with trekking trails,"trekking,UNESCO,wildlife,adventure",
104,Royal Botanic Gardens Peradeniya,Nature,Kandy,Kandy,4.3,500,1500,7.2681,80.595,Low,Most beautiful botanical garden in Asia,"garden,botanical,flowers,nature",
105,Gadaladeniya Temple,Religious,Kandy,Kandy,3.5,200,700,7.2833,80.5333,Low,14th century rock temple,"temple,ancient,rock,religious",
106,Kandy Lake,Nature,Kandy,Kandy,3.5,0,400,7.2906,80.6337,Low,Scenic artificial lake in city center,"lake,scenic,walking,nature",
107,Udawattekele Sanctuary,Wildlife,Kandy,Kandy,3.6,300,900,7.2936,80.6413,Low,Forest sanctuary in city center,"forest,birds,wildlife,nature",
108,Knuckles Mountain Range,Adventure,Kandy,Kandy,4.9,1500,5000,7.45,80.7833,Medium,UNESCO biosphere with trekking trails,"trekking,UNESCO,wildlife,adventure",
109,Gadaladeniya Temple,Religious,Kandy,Kandy,4.6,200,700,7.2833,80.5333,Low,14th century rock temple,"temple,ancient,rock,religious",
110,Kandy Lake,Nature,Kandy,Kandy,4.6,0,400,7.2906,80.6337,Low,Scenic artificial lake in city center,"lake,scenic,walking,nature",
111,Gadaladeniya Temple,Religious,Kandy,Kandy,3.6,200,700,7.2833,80.5333,Low,14th century rock temple,"temple,ancient,rock,religious",
112,Udawattekele Sanctuary,Wildlife,Kandy,Kandy,3.7,300,900,7.2936,80.6413,Low,Forest sanctuary in city center,"forest,birds,wildlife,nature",
113,Kandy Lake,Nature,Kandy,Kandy,3.2,0,400,7.2906,80.6337,Low,Scenic artificial lake in city center,"lake,scenic,walking,nature",
114,Kandy Lake,Nature,Kandy,Kandy,4,0,400,7.2906,80.6337,Low,Scenic artificial lake in city center,"lake,scenic,walking,nature",
115,Bahirawakanda Buddha Statue,Religious,Kandy,Kandy,3.4,0,400,7.3,80.63,Low,Giant white Buddha overlooking Kandy,"buddha,giant,viewpoint,religious",
116,Knuckles Mountain Range,Adventure,Kandy,Kandy,4.1,1500,5000,7.45,80.7833,Medium,UNESCO biosphere with trekking trails,"trekking,UNESCO,wildlife,adventure",
117,Knuckles Mountain Range,Adventure,Kandy,Kandy,4,1500,5000,7.45,80.7833,Medium,UNESCO biosphere with trekking trails,"trekking,UNESCO,wildlife,adventure",
118,Kandy Lake,Nature,Kandy,Kandy,4.6,0,400,7.2906,80.6337,Low,Scenic artificial lake in city center,"lake,scenic,walking,nature",
119,Royal Botanic Gardens Peradeniya,Nature,Kandy,Kandy,3.8,500,1500,7.2681,80.595,Low,Most beautiful botanical garden in Asia,"garden,botanical,flowers,nature",
120,Gadaladeniya Temple,Religious,Kandy,Kandy,3.6,200,700,7.2833,80.5333,Low,14th century rock temple,"temple,ancient,rock,religious",
121,Royal Botanic Gardens Peradeniya,Nature,Kandy,Kandy,3.2,500,1500,7.2681,80.595,Low,Most beautiful botanical garden in Asia,"garden,botanical,flowers,nature",
122,Kandy Lake,Nature,Kandy,Kandy,4.4,0,400,7.2906,80.6337,Low,Scenic artificial lake in city center,"lake,scenic,walking,nature",
123,Bahirawakanda Buddha Statue,Religious,Kandy,Kandy,3.4,0,400,7.3,80.63,Low,Giant white Buddha overlooking Kandy,"buddha,giant,viewpoint,religious",
124,Temple of Sacred Tooth Relic,Religious,Kandy,Kandy,3.8,1500,3000,7.2936,80.6413,Medium,Most sacred Buddhist temple in Sri Lanka,"temple,buddhist,sacred,UNESCO,religious",
125,Bahirawakanda Buddha Statue,Religious,Kandy,Kandy,4.6,0,400,7.3,80.63,Low,Giant white Buddha overlooking Kandy,"buddha,giant,viewpoint,religious",
126,Bahirawakanda Buddha Statue,Religious,Kandy,Kandy,4,0,400,7.3,80.63,Low,Giant white Buddha overlooking Kandy,"buddha,giant,viewpoint,religious",
127,Bahirawakanda Buddha Statue,Religious,Kandy,Kandy,4.7,0,400,7.3,80.63,Low,Giant white Buddha overlooking Kandy,"buddha,giant,viewpoint,religious",
128,Bahirawakanda Buddha Statue,Religious,Kandy,Kandy,4.4,0,400,7.3,80.63,Low,Giant white Buddha overlooking Kandy,"buddha,giant,viewpoint,religious",
129,Kandy Lake,Nature,Kandy,Kandy,4.5,0,400,7.2906,80.6337,Low,Scenic artificial lake in city center,"lake,scenic,walking,nature",
130,Pinnawala Elephant Orphanage,Wildlife,Kandy,Kandy,4.9,2000,4000,7.3003,80.3842,Medium,Largest captive elephant herd,"elephant,orphanage,wildlife,family",
131,Kandy Lake,Nature,Kandy,Kandy,3.4,0,400,7.2906,80.6337,Low,Scenic artificial lake in city center,"lake,scenic,walking,nature",
132,Knuckles Mountain Range,Adventure,Kandy,Kandy,4.4,1500,5000,7.45,80.7833,Medium,UNESCO biosphere with trekking trails,"trekking,UNESCO,wildlife,adventure",
133,Temple of Sacred Tooth Relic,Religious,Kandy,Kandy,4.1,1500,3000,7.2936,80.6413,Medium,Most sacred Buddhist temple in Sri Lanka,"temple,buddhist,sacred,UNESCO,religious",
134,Lankathilaka Temple,Religious,Kandy,Kandy,3.2,300,900,7.2667,80.55,Low,Beautiful ancient temple near Kandy,"temple,ancient,buddhist,religious",images/lankathilaka_temple.jpg
135,Royal Botanic Gardens Peradeniya,Nature,Kandy,Kandy,4.2,500,1500,7.2681,80.595,Low,Most beautiful botanical garden in Asia,"garden,botanical,flowers,nature",
136,Royal Botanic Gardens Peradeniya,Nature,Kandy,Kandy,3.2,500,1500,7.2681,80.595,Low,Most beautiful botanical garden in Asia,"garden,botanical,flowers,nature",
137,Ambuluwawa Tower,Nature,Kandy,Kandy,4.7,200,700,7.17,80.57,Low,Unique spiral tower with 360 views,"tower,viewpoint,360,nature",images/ambuluwawa_tower.jpg
138,Temple of Sacred Tooth Relic,Religious,Kandy,Kandy,3.2,1500,3000,7.2936,80.6413,Medium,Most sacred Buddhist temple in Sri Lanka,"temple,buddhist,sacred,UNESCO,religious",
139,Kandy Lake,Nature,Kandy,Kandy,4,0,400,7.2906,80.6337,Low,Scenic artificial lake in city center,"lake,scenic,walking,nature",
140,Lankathilaka Temple,Religious,Kandy,Kandy,4.9,300,900,7.2667,80.55,Low,Beautiful ancient temple near Kandy,"temple,ancient,buddhist,religious",images/lankathilaka_temple.jpg
141,Royal Botanic Gardens Peradeniya,Nature,Kandy,Kandy,3.8,500,1500,7.2681,80.595,Low,Most beautiful botanical garden in Asia,"garden,botanical,flowers,nature",
142,Temple of Sacred Tooth Relic,Religious,Kandy,Kandy,3.5,1500,3000,7.2936,80.6413,Medium,Most sacred Buddhist temple in Sri Lanka,"temple,buddhist,sacred,UNESCO,religious",
143,Temple of Sacred Tooth Relic,Religious,Kandy,Kandy,4.9,1500,3000,7.2936,80.6413,Medium,Most sacred Buddhist temple in Sri Lanka,"temple,buddhist,sacred,UNESCO,religious",
144,Bahirawakanda Buddha Statue,Religious,Kandy,Kandy,4.8,0,400,7.3,80.63,Low,Giant white Buddha overlooking Kandy,"buddha,giant,viewpoint,religious",
145,Ambuluwawa Tower,Nature,Kandy,Kandy,4.3,200,700,7.17,80.57,Low,Unique spiral tower with 360 views,"tower,viewpoint,360,nature",images/ambuluwawa_tower.jpg
146,Udawattekele Sanctuary,Wildlife,Kandy,Kandy,3.3,300,900,7.2936,80.6413,Low,Forest sanctuary in city center,"forest,birds,wildlife,nature",
147,Udawattekele Sanctuary,Wildlife,Kandy,Kandy,4.4,300,900,7.2936,80.6413,Low,Forest sanctuary in city center,"forest,birds,wildlife,nature",
148,Bahirawakanda Buddha Statue,Religious,Kandy,Kandy,4.8,0,400,7.3,80.63,Low,Giant white Buddha overlooking Kandy,"buddha,giant,viewpoint,religious",
149,Lankathilaka Temple,Religious,Kandy,Kandy,4.2,300,900,7.2667,80.55,Low,Beautiful ancient temple near Kandy,"temple,ancient,buddhist,religious",images/lankathilaka_temple.jpg
150,Bahirawakanda Buddha Statue,Religious,Kandy,Kandy,3.4,0,400,7.3,80.63,Low,Giant white Buddha overlooking Kandy,"buddha,giant,viewpoint,religious",
151,Kandy Lake,Nature,Kandy,Kandy,4.3,0,400,7.2906,80.6337,Low,Scenic artificial lake in city center,"lake,scenic,walking,nature",
152,Temple of Sacred Tooth Relic,Religious,Kandy,Kandy,3.5,1500,3000,7.2936,80.6413,Medium,Most sacred Buddhist temple in Sri Lanka,"temple,buddhist,sacred,UNESCO,religious",
153,Pinnawala Elephant Orphanage,Wildlife,Kandy,Kandy,3.3,2000,4000,7.3003,80.3842,Medium,Largest captive elephant herd,"elephant,orphanage,wildlife,family",
154,Pinnawala Elephant Orphanage,Wildlife,Kandy,Kandy,4.9,2000,4000,7.3003,80.3842,Medium,Largest captive elephant herd,"elephant,orphanage,wildlife,family",
155,Knuckles Mountain Range,Adventure,Kandy,Kandy,4.1,1500,5000,7.45,80.7833,Medium,UNESCO biosphere with trekking trails,"trekking,UNESCO,wildlife,adventure",
156,Knuckles Mountain Range,Adventure,Kandy,Kandy,3.7,1500,5000,7.45,80.7833,Medium,UNESCO biosphere with trekking trails,"trekking,UNESCO,wildlife,adventure",
157,Royal Botanic Gardens Peradeniya,Nature,Kandy,Kandy,4.5,500,1500,7.2681,80.595,Low,Most beautiful botanical garden in Asia,"garden,botanical,flowers,nature",
158,Gadaladeniya Temple,Religious,Kandy,Kandy,3.1,200,700,7.2833,80.5333,Low,14th century rock temple,"temple,ancient,rock,religious",
159,Ambuluwawa Tower,Nature,Kandy,Kandy,3.5,200,700,7.17,80.57,Low,Unique spiral tower with 360 views,"tower,viewpoint,360,nature",images/ambuluwawa_tower.jpg
160,Royal Botanic Gardens Peradeniya,Nature,Kandy,Kandy,3.8,500,1500,7.2681,80.595,Low,Most beautiful botanical garden in Asia,"garden,botanical,flowers,nature",
161,Kandy Lake,Nature,Kandy,Kandy,4.9,0,400,7.2906,80.6337,Low,Scenic artificial lake in city center,"lake,scenic,walking,nature",
162,Gadaladeniya Temple,Religious,Kandy,Kandy,4.9,200,700,7.2833,80.5333,Low,14th century rock temple,"temple,ancient,rock,religious",
163,Royal Botanic Gardens Peradeniya,Nature,Kandy,Kandy,4.1,500,1500,7.2681,80.595,Low,Most beautiful botanical garden in Asia,"garden,botanical,flowers,nature",
164,Kandy Lake,Nature,Kandy,Kandy,4.3,0,400,7.2906,80.6337,Low,Scenic artificial lake in city center,"lake,scenic,walking,nature",
165,Ambuluwawa Tower,Nature,Kandy,Kandy,5,200,700,7.17,80.57,Low,Unique spiral tower with 360 views,"tower,viewpoint,360,nature",images/ambuluwawa_tower.jpg
166,Pinnawala Elephant Orphanage,Wildlife,Kandy,Kandy,4.4,2000,4000,7.3003,80.3842,Medium,Largest captive elephant herd,"elephant,orphanage,wildlife,family",
167,Knuckles Mountain Range,Adventure,Kandy,Kandy,4.3,1500,5000,7.45,80.7833,Medium,UNESCO biosphere with trekking trails,"trekking,UNESCO,wildlife,adventure",
168,Bahirawakanda Buddha Statue,Religious,Kandy,Kandy,4.2,0,400,7.3,80.63,Low,Giant white Buddha overlooking Kandy,"buddha,giant,viewpoint,religious",
169,Gadaladeniya Temple,Religious,Kandy,Kandy,4.6,200,700,7.2833,80.5333,Low,14th century rock temple,"temple,ancient,rock,religious",
170,Lankathilaka Temple,Religious,Kandy,Kandy,5,300,900,7.2667,80.55,Low,Beautiful ancient temple near Kandy,"temple,ancient,buddhist,religious",images/lankathilaka_temple.jpg
171,Gadaladeniya Temple,Religious,Kandy,Kandy,3.8,200,700,7.2833,80.5333,Low,14th century rock temple,"temple,ancient,rock,religious",
172,Knuckles Mountain Range,Adventure,Kandy,Kandy,3.5,1500,5000,7.45,80.7833,Medium,UNESCO biosphere with trekking trails,"trekking,UNESCO,wildlife,adventure",
173,Ambuluwawa Tower,Nature,Kandy,Kandy,3.2,200,700,7.17,80.57,Low,Unique spiral tower with 360 views,"tower,viewpoint,360,nature",images/ambuluwawa_tower.jpg
174,Kandy Lake,Nature,Kandy,Kandy,4.4,0,400,7.2906,80.6337,Low,Scenic artificial lake in city center,"lake,scenic,walking,nature",
175,Gadaladeniya Temple,Religious,Kandy,Kandy,3.1,200,700,7.2833,80.5333,Low,14th century rock temple,"temple,ancient,rock,religious",
176,Kandy Lake,Nature,Kandy,Kandy,3.7,0,400,7.2906,80.6337,Low,Scenic artificial lake in city center,"lake,scenic,walking,nature",
177,Lankathilaka Temple,Religious,Kandy,Kandy,4.6,300,900,7.2667,80.55,Low,Beautiful ancient temple near Kandy,"temple,ancient,buddhist,religious",images/lankathilaka_temple.jpg
178,Royal Botanic Gardens Peradeniya,Nature,Kandy,Kandy,4.7,500,1500,7.2681,80.595,Low,Most beautiful botanical garden in Asia,"garden,botanical,flowers,nature",
179,Pinnawala Elephant Orphanage,Wildlife,Kandy,Kandy,3.5,2000,4000,7.3003,80.3842,Medium,Largest captive elephant herd,"elephant,orphanage,wildlife,family",
180,Kandy Lake,Nature,Kandy,Kandy,3.8,0,400,7.2906,80.6337,Low,Scenic artificial lake in city center,"lake,scenic,walking,nature",
181,Pinnawala Elephant Orphanage,Wildlife,Kandy,Kandy,3.8,2000,4000,7.3003,80.3842,Medium,Largest captive elephant herd,"elephant,orphanage,wildlife,family",
182,Kandy Lake,Nature,Kandy,Kandy,4.6,0,400,7.2906,80.6337,Low,Scenic artificial lake in city center,"lake,scenic,walking,nature",
183,Kandy Lake,Nature,Kandy,Kandy,3.4,0,400,7.2906,80.6337,Low,Scenic artificial lake in city center,"lake,scenic,walking,nature",
184,Ambuluwawa Tower,Nature,Kandy,Kandy,4.2,200,700,7.17,80.57,Low,Unique spiral tower with 360 views,"tower,viewpoint,360,nature",images/ambuluwawa_tower.jpg
185,Udawattekele Sanctuary,Wildlife,Kandy,Kandy,3.2,300,900,7.2936,80.6413,Low,Forest sanctuary in city center,"forest,birds,wildlife,nature",
186,Lankathilaka Temple,Religious,Kandy,Kandy,4.4,300,900,7.2667,80.55,Low,Beautiful ancient temple near Kandy,"temple,ancient,buddhist,religious",images/lankathilaka_temple.jpg
187,Ambuluwawa Tower,Nature,Kandy,Kandy,4.1,200,700,7.17,80.57,Low,Unique spiral tower with 360 views,"tower,viewpoint,360,nature",images/ambuluwawa_tower.jpg
188,Knuckles Mountain Range,Adventure,Kandy,Kandy,3.2,1500,5000,7.45,80.7833,Medium,UNESCO biosphere with trekking trails,"trekking,UNESCO,wildlife,adventure",
189,Temple of Sacred Tooth Relic,Religious,Kandy,Kandy,3.3,1500,3000,7.2936,80.6413,Medium,Most sacred Buddhist temple in Sri Lanka,"temple,buddhist,sacred,UNESCO,religious",
190,Gadaladeniya Temple,Religious,Kandy,Kandy,3.4,200,700,7.2833,80.5333,Low,14th century rock temple,"temple,ancient,rock,religious",
191,Bahirawakanda Buddha Statue,Religious,Kandy,Kandy,4.1,0,400,7.3,80.63,Low,Giant white Buddha overlooking Kandy,"buddha,giant,viewpoint,religious",
192,Gadaladeniya Temple,Religious,Kandy,Kandy,4,200,700,7.2833,80.5333,Low,14th century rock temple,"temple,ancient,rock,religious",
193,Royal Botanic Gardens Peradeniya,Nature,Kandy,Kandy,3.5,500,1500,7.2681,80.595,Low,Most beautiful botanical garden in Asia,"garden,botanical,flowers,nature",
194,Bahirawakanda Buddha Statue,Religious,Kandy,Kandy,4.4,0,400,7.3,80.63,Low,Giant white Buddha overlooking Kandy,"buddha,giant,viewpoint,religious",
195,Royal Botanic Gardens Peradeniya,Nature,Kandy,Kandy,3.3,500,1500,7.2681,80.595,Low,Most beautiful botanical garden in Asia,"garden,botanical,flowers,nature",
196,Knuckles Mountain Range,Adventure,Kandy,Kandy,4.5,1500,5000,7.45,80.7833,Medium,UNESCO biosphere with trekking trails,"trekking,UNESCO,wildlife,adventure",
197,Temple of Sacred Tooth Relic,Religious,Kandy,Kandy,4.8,1500,3000,7.2936,80.6413,Medium,Most sacred Buddhist temple in Sri Lanka,"temple,buddhist,sacred,UNESCO,religious",
198,Lankathilaka Temple,Religious,Kandy,Kandy,4.4,300,900,7.2667,80.55,Low,Beautiful ancient temple near Kandy,"temple,ancient,buddhist,religious",images/lankathilaka_temple.jpg
199,Pinnawala Elephant Orphanage,Wildlife,Kandy,Kandy,4.4,2000,4000,7.3003,80.3842,Medium,Largest captive elephant herd,"elephant,orphanage,wildlife,family",
200,Gadaladeniya Temple,Religious,Kandy,Kandy,4.4,200,700,7.2833,80.5333,Low,14th century rock temple,"temple,ancient,rock,religious",
201,Royal Botanic Gardens Peradeniya,Nature,Kandy,Kandy,3.9,500,1500,7.2681,80.595,Low,Most beautiful botanical garden in Asia,"garden,botanical,flowers,nature",
202,Lankathilaka Temple,Religious,Kandy,Kandy,4.6,300,900,7.2667,80.55,Low,Beautiful ancient temple near Kandy,"temple,ancient,buddhist,religious",images/lankathilaka_temple.jpg
203,Bahirawakanda Buddha Statue,Religious,Kandy,Kandy,3.6,0,400,7.3,80.63,Low,Giant white Buddha overlooking Kandy,"buddha,giant,viewpoint,religious",
204,Gadaladeniya Temple,Religious,Kandy,Kandy,4,200,700,7.2833,80.5333,Low,14th century rock temple,"temple,ancient,rock,religious",
205,Pinnawala Elephant Orphanage,Wildlife,Kandy,Kandy,3.6,2000,4000,7.3003,80.3842,Medium,Largest captive elephant herd,"elephant,orphanage,wildlife,family",
206,Kandy Lake,Nature,Kandy,Kandy,4.9,0,400,7.2906,80.6337,Low,Scenic artificial lake in city center,"lake,scenic,walking,nature",
207,Gadaladeniya Temple,Religious,Kandy,Kandy,4.5,200,700,7.2833,80.5333,Low,14th century rock temple,"temple,ancient,rock,religious",
208,Kandy Lake,Nature,Kandy,Kandy,4.3,0,400,7.2906,80.6337,Low,Scenic artificial lake in city center,"lake,scenic,walking,nature",
209,Kandy Lake,Nature,Kandy,Kandy,4.5,0,400,7.2906,80.6337,Low,Scenic artificial lake in city center,"lake,scenic,walking,nature",
210,Kandy Lake,Nature,Kandy,Kandy,3.3,0,400,7.2906,80.6337,Low,Scenic artificial lake in city center,"lake,scenic,walking,nature",
211,Temple of Sacred Tooth Relic,Religious,Kandy,Kandy,3.2,1500,3000,7.2936,80.6413,Medium,Most sacred Buddhist temple in Sri Lanka,"temple,buddhist,sacred,UNESCO,religious",
212,Ambuluwawa Tower,Nature,Kandy,Kandy,4.1,200,700,7.17,80.57,Low,Unique spiral tower with 360 views,"tower,viewpoint,360,nature",images/ambuluwawa_tower.jpg
213,Udawattekele Sanctuary,Wildlife,Kandy,Kandy,4.6,300,900,7.2936,80.6413,Low,Forest sanctuary in city center,"forest,birds,wildlife,nature",
214,Temple of Sacred Tooth Relic,Religious,Kandy,Kandy,4.9,1500,3000,7.2936,80.6413,Medium,Most sacred Buddhist temple in Sri Lanka,"temple,buddhist,sacred,UNESCO,religious",
215,Gadaladeniya Temple,Religious,Kandy,Kandy,4.4,200,700,7.2833,80.5333,Low,14th century rock temple,"temple,ancient,rock,religious",
216,Royal Botanic Gardens Peradeniya,Nature,Kandy,Kandy,4,500,1500,7.2681,80.595,Low,Most beautiful botanical garden in Asia,"garden,botanical,flowers,nature",
217,Bahirawakanda Buddha Statue,Religious,Kandy,Kandy,4.4,0,400,7.3,80.63,Low,Giant white Buddha overlooking Kandy,"buddha,giant,viewpoint,religious",
218,Bahirawakanda Buddha Statue,Religious,Kandy,Kandy,4.4,0,400,7.3,80.63,Low,Giant white Buddha overlooking Kandy,"buddha,giant,viewpoint,religious",
219,Gadaladeniya Temple,Religious,Kandy,Kandy,3,200,700,7.2833,80.5333,Low,14th century rock temple,"temple,ancient,rock,religious",
220,Pinnawala Elephant Orphanage,Wildlife,Kandy,Kandy,4.8,2000,4000,7.3003,80.3842,Medium,Largest captive elephant herd,"elephant,orphanage,wildlife,family",
1,Pinnawala Elephant Orphanage,Wildlife,Kegalle,Kegalle,3.7,2000,4000,7.3003,80.3842,Medium,Home to largest captive elephant herd,"elephant,orphanage,wildlife,family",
2,Kitulgala Rafting,Adventure,Kegalle,Kegalle,3.6,2000,6000,6.9894,80.4179,Medium,White water rafting on Kelani River,"rafting,adventure,river,jungle",
3,Biblehana Ella Waterfall,Nature,Kegalle,Kegalle,4.5,100,500,7.2667,80.4167,Low,Beautiful waterfall in Kegalle district,"waterfall,nature,scenic,peaceful",
4,Rambukkana,Nature,Kegalle,Kegalle,4.4,100,400,7.3333,80.3833,Low,Scenic railway town with nature views,"railway,scenic,nature,town",
5,Dawsons Hill,Nature,Kegalle,Kegalle,3.7,100,500,7.1667,80.4167,Low,Scenic hill with forest trails,"hill,forest,nature,scenic",
6,Pinnawala Elephant Orphanage,Wildlife,Kegalle,Kegalle,3.2,2000,4000,7.3003,80.3842,Medium,Home to largest captive elephant herd,"elephant,orphanage,wildlife,family",
7,Biblehana Ella Waterfall,Nature,Kegalle,Kegalle,3.2,100,500,7.2667,80.4167,Low,Beautiful waterfall in Kegalle district,"waterfall,nature,scenic,peaceful",
8,Rambukkana,Nature,Kegalle,Kegalle,3.3,100,400,7.3333,80.3833,Low,Scenic railway town with nature views,"railway,scenic,nature,town",
9,Kitulgala Rafting,Adventure,Kegalle,Kegalle,3,2000,6000,6.9894,80.4179,Medium,White water rafting on Kelani River,"rafting,adventure,river,jungle",
10,Rambukkana,Nature,Kegalle,Kegalle,3.8,100,400,7.3333,80.3833,Low,Scenic railway town with nature views,"railway,scenic,nature,town",
11,Biblehana Ella Waterfall,Nature,Kegalle,Kegalle,4.3,100,500,7.2667,80.4167,Low,Beautiful waterfall in Kegalle district,"waterfall,nature,scenic,peaceful",
12,Kitulgala Rafting,Adventure,Kegalle,Kegalle,4.8,2000,6000,6.9894,80.4179,Medium,White water rafting on Kelani River,"rafting,adventure,river,jungle",
13,Rambukkana,Nature,Kegalle,Kegalle,4.4,100,400,7.3333,80.3833,Low,Scenic railway town with nature views,"railway,scenic,nature,town",
14,Pinnawala Elephant Orphanage,Wildlife,Kegalle,Kegalle,4,2000,4000,7.3003,80.3842,Medium,Home to largest captive elephant herd,"elephant,orphanage,wildlife,family",
15,Pinnawala Elephant Orphanage,Wildlife,Kegalle,Kegalle,3.4,2000,4000,7.3003,80.3842,Medium,Home to largest captive elephant herd,"elephant,orphanage,wildlife,family",
16,Biblehana Ella Waterfall,Nature,Kegalle,Kegalle,3.7,100,500,7.2667,80.4167,Low,Beautiful waterfall in Kegalle district,"waterfall,nature,scenic,peaceful",
17,Dawsons Hill,Nature,Kegalle,Kegalle,3.7,100,500,7.1667,80.4167,Low,Scenic hill with forest trails,"hill,forest,nature,scenic",
18,Biblehana Ella Waterfall,Nature,Kegalle,Kegalle,4.8,100,500,7.2667,80.4167,Low,Beautiful waterfall in Kegalle district,"waterfall,nature,scenic,peaceful",
19,Pinnawala Elephant Orphanage,Wildlife,Kegalle,Kegalle,4.8,2000,4000,7.3003,80.3842,Medium,Home to largest captive elephant herd,"elephant,orphanage,wildlife,family",
20,Dawsons Hill,Nature,Kegalle,Kegalle,3.3,100,500,7.1667,80.4167,Low,Scenic hill with forest trails,"hill,forest,nature,scenic",
21,Rambukkana,Nature,Kegalle,Kegalle,4.1,100,400,7.3333,80.3833,Low,Scenic railway town with nature views,"railway,scenic,nature,town",
22,Dawsons Hill,Nature,Kegalle,Kegalle,3.4,100,500,7.1667,80.4167,Low,Scenic hill with forest trails,"hill,forest,nature,scenic",
23,Rambukkana,Nature,Kegalle,Kegalle,3.3,100,400,7.3333,80.3833,Low,Scenic railway town with nature views,"railway,scenic,nature,town",
24,Biblehana Ella Waterfall,Nature,Kegalle,Kegalle,4.2,100,500,7.2667,80.4167,Low,Beautiful waterfall in Kegalle district,"waterfall,nature,scenic,peaceful",
25,Biblehana Ella Waterfall,Nature,Kegalle,Kegalle,3.7,100,500,7.2667,80.4167,Low,Beautiful waterfall in Kegalle district,"waterfall,nature,scenic,peaceful",
26,Pinnawala Elephant Orphanage,Wildlife,Kegalle,Kegalle,3.5,2000,4000,7.3003,80.3842,Medium,Home to largest captive elephant herd,"elephant,orphanage,wildlife,family",
27,Rambukkana,Nature,Kegalle,Kegalle,4.3,100,400,7.3333,80.3833,Low,Scenic railway town with nature views,"railway,scenic,nature,town",
28,Biblehana Ella Waterfall,Nature,Kegalle,Kegalle,4.6,100,500,7.2667,80.4167,Low,Beautiful waterfall in Kegalle district,"waterfall,nature,scenic,peaceful",
29,Pinnawala Elephant Orphanage,Wildlife,Kegalle,Kegalle,4.6,2000,4000,7.3003,80.3842,Medium,Home to largest captive elephant herd,"elephant,orphanage,wildlife,family",
30,Kitulgala Rafting,Adventure,Kegalle,Kegalle,4.6,2000,6000,6.9894,80.4179,Medium,White water rafting on Kelani River,"rafting,adventure,river,jungle",
31,Kitulgala Rafting,Adventure,Kegalle,Kegalle,3.6,2000,6000,6.9894,80.4179,Medium,White water rafting on Kelani River,"rafting,adventure,river,jungle",
32,Rambukkana,Nature,Kegalle,Kegalle,3.9,100,400,7.3333,80.3833,Low,Scenic railway town with nature views,"railway,scenic,nature,town",
33,Rambukkana,Nature,Kegalle,Kegalle,4.6,100,400,7.3333,80.3833,Low,Scenic railway town with nature views,"railway,scenic,nature,town",
34,Pinnawala Elephant Orphanage,Wildlife,Kegalle,Kegalle,4.2,2000,4000,7.3003,80.3842,Medium,Home to largest captive elephant herd,"elephant,orphanage,wildlife,family",
35,Biblehana Ella Waterfall,Nature,Kegalle,Kegalle,3.3,100,500,7.2667,80.4167,Low,Beautiful waterfall in Kegalle district,"waterfall,nature,scenic,peaceful",
36,Biblehana Ella Waterfall,Nature,Kegalle,Kegalle,5,100,500,7.2667,80.4167,Low,Beautiful waterfall in Kegalle district,"waterfall,nature,scenic,peaceful",
37,Kitulgala Rafting,Adventure,Kegalle,Kegalle,4.5,2000,6000,6.9894,80.4179,Medium,White water rafting on Kelani River,"rafting,adventure,river,jungle",
38,Biblehana Ella Waterfall,Nature,Kegalle,Kegalle,3.6,100,500,7.2667,80.4167,Low,Beautiful waterfall in Kegalle district,"waterfall,nature,scenic,peaceful",
39,Rambukkana,Nature,Kegalle,Kegalle,4,100,400,7.3333,80.3833,Low,Scenic railway town with nature views,"railway,scenic,nature,town",
40,Rambukkana,Nature,Kegalle,Kegalle,4.2,100,400,7.3333,80.3833,Low,Scenic railway town with nature views,"railway,scenic,nature,town",
41,Biblehana Ella Waterfall,Nature,Kegalle,Kegalle,3.3,100,500,7.2667,80.4167,Low,Beautiful waterfall in Kegalle district,"waterfall,nature,scenic,peaceful",
42,Kitulgala Rafting,Adventure,Kegalle,Kegalle,3.8,2000,6000,6.9894,80.4179,Medium,White water rafting on Kelani River,"rafting,adventure,river,jungle",
43,Dawsons Hill,Nature,Kegalle,Kegalle,4,100,500,7.1667,80.4167,Low,Scenic hill with forest trails,"hill,forest,nature,scenic",
44,Dawsons Hill,Nature,Kegalle,Kegalle,4,100,500,7.1667,80.4167,Low,Scenic hill with forest trails,"hill,forest,nature,scenic",
45,Dawsons Hill,Nature,Kegalle,Kegalle,4.6,100,500,7.1667,80.4167,Low,Scenic hill with forest trails,"hill,forest,nature,scenic",
46,Rambukkana,Nature,Kegalle,Kegalle,3.2,100,400,7.3333,80.3833,Low,Scenic railway town with nature views,"railway,scenic,nature,town",
47,Rambukkana,Nature,Kegalle,Kegalle,4.1,100,400,7.3333,80.3833,Low,Scenic railway town with nature views,"railway,scenic,nature,town",
48,Kitulgala Rafting,Adventure,Kegalle,Kegalle,4.4,2000,6000,6.9894,80.4179,Medium,White water rafting on Kelani River,"rafting,adventure,river,jungle",
49,Kitulgala Rafting,Adventure,Kegalle,Kegalle,3.7,2000,6000,6.9894,80.4179,Medium,White water rafting on Kelani River,"rafting,adventure,river,jungle",
50,Kitulgala Rafting,Adventure,Kegalle,Kegalle,5,2000,6000,6.9894,80.4179,Medium,White water rafting on Kelani River,"rafting,adventure,river,jungle",
51,Pinnawala Elephant Orphanage,Wildlife,Kegalle,Kegalle,3.7,2000,4000,7.3003,80.3842,Medium,Home to largest captive elephant herd,"elephant,orphanage,wildlife,family",
52,Rambukkana,Nature,Kegalle,Kegalle,4.9,100,400,7.3333,80.3833,Low,Scenic railway town with nature views,"railway,scenic,nature,town",
53,Pinnawala Elephant Orphanage,Wildlife,Kegalle,Kegalle,3.1,2000,4000,7.3003,80.3842,Medium,Home to largest captive elephant herd,"elephant,orphanage,wildlife,family",
54,Biblehana Ella Waterfall,Nature,Kegalle,Kegalle,3.7,100,500,7.2667,80.4167,Low,Beautiful waterfall in Kegalle district,"waterfall,nature,scenic,peaceful",
55,Kitulgala Rafting,Adventure,Kegalle,Kegalle,3.6,2000,6000,6.9894,80.4179,Medium,White water rafting on Kelani River,"rafting,adventure,river,jungle",
56,Kitulgala Rafting,Adventure,Kegalle,Kegalle,4.7,2000,6000,6.9894,80.4179,Medium,White water rafting on Kelani River,"rafting,adventure,river,jungle",
57,Dawsons Hill,Nature,Kegalle,Kegalle,4.9,100,500,7.1667,80.4167,Low,Scenic hill with forest trails,"hill,forest,nature,scenic",
58,Rambukkana,Nature,Kegalle,Kegalle,3.5,100,400,7.3333,80.3833,Low,Scenic railway town with nature views,"railway,scenic,nature,town",
59,Kitulgala Rafting,Adventure,Kegalle,Kegalle,3.1,2000,6000,6.9894,80.4179,Medium,White water rafting on Kelani River,"rafting,adventure,river,jungle",
60,Kitulgala Rafting,Adventure,Kegalle,Kegalle,3.2,2000,6000,6.9894,80.4179,Medium,White water rafting on Kelani River,"rafting,adventure,river,jungle",
61,Kitulgala Rafting,Adventure,Kegalle,Kegalle,3.8,2000,6000,6.9894,80.4179,Medium,White water rafting on Kelani River,"rafting,adventure,river,jungle",
62,Pinnawala Elephant Orphanage,Wildlife,Kegalle,Kegalle,4.4,2000,4000,7.3003,80.3842,Medium,Home to largest captive elephant herd,"elephant,orphanage,wildlife,family",
63,Rambukkana,Nature,Kegalle,Kegalle,3.7,100,400,7.3333,80.3833,Low,Scenic railway town with nature views,"railway,scenic,nature,town",
64,Pinnawala Elephant Orphanage,Wildlife,Kegalle,Kegalle,4.3,2000,4000,7.3003,80.3842,Medium,Home to largest captive elephant herd,"elephant,orphanage,wildlife,family",
65,Pinnawala Elephant Orphanage,Wildlife,Kegalle,Kegalle,4,2000,4000,7.3003,80.3842,Medium,Home to largest captive elephant herd,"elephant,orphanage,wildlife,family",
66,Dawsons Hill,Nature,Kegalle,Kegalle,4.7,100,500,7.1667,80.4167,Low,Scenic hill with forest trails,"hill,forest,nature,scenic",
67,Pinnawala Elephant Orphanage,Wildlife,Kegalle,Kegalle,3.3,2000,4000,7.3003,80.3842,Medium,Home to largest captive elephant herd,"elephant,orphanage,wildlife,family",
68,Kitulgala Rafting,Adventure,Kegalle,Kegalle,3.2,2000,6000,6.9894,80.4179,Medium,White water rafting on Kelani River,"rafting,adventure,river,jungle",
69,Pinnawala Elephant Orphanage,Wildlife,Kegalle,Kegalle,3,2000,4000,7.3003,80.3842,Medium,Home to largest captive elephant herd,"elephant,orphanage,wildlife,family",
70,Rambukkana,Nature,Kegalle,Kegalle,3.3,100,400,7.3333,80.3833,Low,Scenic railway town with nature views,"railway,scenic,nature,town",
71,Kitulgala Rafting,Adventure,Kegalle,Kegalle,3.9,2000,6000,6.9894,80.4179,Medium,White water rafting on Kelani River,"rafting,adventure,river,jungle",
72,Kitulgala Rafting,Adventure,Kegalle,Kegalle,4.5,2000,6000,6.9894,80.4179,Medium,White water rafting on Kelani River,"rafting,adventure,river,jungle",
73,Biblehana Ella Waterfall,Nature,Kegalle,Kegalle,3.9,100,500,7.2667,80.4167,Low,Beautiful waterfall in Kegalle district,"waterfall,nature,scenic,peaceful",
74,Biblehana Ella Waterfall,Nature,Kegalle,Kegalle,3.9,100,500,7.2667,80.4167,Low,Beautiful waterfall in Kegalle district,"waterfall,nature,scenic,peaceful",
75,Pinnawala Elephant Orphanage,Wildlife,Kegalle,Kegalle,3.6,2000,4000,7.3003,80.3842,Medium,Home to largest captive elephant herd,"elephant,orphanage,wildlife,family",
76,Kitulgala Rafting,Adventure,Kegalle,Kegalle,3.1,2000,6000,6.9894,80.4179,Medium,White water rafting on Kelani River,"rafting,adventure,river,jungle",
77,Pinnawala Elephant Orphanage,Wildlife,Kegalle,Kegalle,4.2,2000,4000,7.3003,80.3842,Medium,Home to largest captive elephant herd,"elephant,orphanage,wildlife,family",
78,Kitulgala Rafting,Adventure,Kegalle,Kegalle,4,2000,6000,6.9894,80.4179,Medium,White water rafting on Kelani River,"rafting,adventure,river,jungle",
79,Pinnawala Elephant Orphanage,Wildlife,Kegalle,Kegalle,3.8,2000,4000,7.3003,80.3842,Medium,Home to largest captive elephant herd,"elephant,orphanage,wildlife,family",
80,Rambukkana,Nature,Kegalle,Kegalle,4.4,100,400,7.3333,80.3833,Low,Scenic railway town with nature views,"railway,scenic,nature,town",
81,Rambukkana,Nature,Kegalle,Kegalle,4.1,100,400,7.3333,80.3833,Low,Scenic railway town with nature views,"railway,scenic,nature,town",
82,Biblehana Ella Waterfall,Nature,Kegalle,Kegalle,4.8,100,500,7.2667,80.4167,Low,Beautiful waterfall in Kegalle district,"waterfall,nature,scenic,peaceful",
83,Dawsons Hill,Nature,Kegalle,Kegalle,3.6,100,500,7.1667,80.4167,Low,Scenic hill with forest trails,"hill,forest,nature,scenic",
84,Kitulgala Rafting,Adventure,Kegalle,Kegalle,3.8,2000,6000,6.9894,80.4179,Medium,White water rafting on Kelani River,"rafting,adventure,river,jungle",
85,Kitulgala Rafting,Adventure,Kegalle,Kegalle,3.5,2000,6000,6.9894,80.4179,Medium,White water rafting on Kelani River,"rafting,adventure,river,jungle",
86,Pinnawala Elephant Orphanage,Wildlife,Kegalle,Kegalle,4,2000,4000,7.3003,80.3842,Medium,Home to largest captive elephant herd,"elephant,orphanage,wildlife,family",
87,Kitulgala Rafting,Adventure,Kegalle,Kegalle,4.5,2000,6000,6.9894,80.4179,Medium,White water rafting on Kelani River,"rafting,adventure,river,jungle",
88,Rambukkana,Nature,Kegalle,Kegalle,4.2,100,400,7.3333,80.3833,Low,Scenic railway town with nature views,"railway,scenic,nature,town",
89,Kitulgala Rafting,Adventure,Kegalle,Kegalle,3.8,2000,6000,6.9894,80.4179,Medium,White water rafting on Kelani River,"rafting,adventure,river,jungle",
90,Dawsons Hill,Nature,Kegalle,Kegalle,4.2,100,500,7.1667,80.4167,Low,Scenic hill with forest trails,"hill,forest,nature,scenic",
91,Pinnawala Elephant Orphanage,Wildlife,Kegalle,Kegalle,4.6,2000,4000,7.3003,80.3842,Medium,Home to largest captive elephant herd,"elephant,orphanage,wildlife,family",
92,Rambukkana,Nature,Kegalle,Kegalle,4,100,400,7.3333,80.3833,Low,Scenic railway town with nature views,"railway,scenic,nature,town",
93,Rambukkana,Nature,Kegalle,Kegalle,4.7,100,400,7.3333,80.3833,Low,Scenic railway town with nature views,"railway,scenic,nature,town",
94,Kitulgala Rafting,Adventure,Kegalle,Kegalle,3.1,2000,6000,6.9894,80.4179,Medium,White water rafting on Kelani River,"rafting,adventure,river,jungle",
95,Biblehana Ella Waterfall,Nature,Kegalle,Kegalle,4.3,100,500,7.2667,80.4167,Low,Beautiful waterfall in Kegalle district,"waterfall,nature,scenic,peaceful",
96,Kitulgala Rafting,Adventure,Kegalle,Kegalle,3.5,2000,6000,6.9894,80.4179,Medium,White water rafting on Kelani River,"rafting,adventure,river,jungle",
97,Pinnawala Elephant Orphanage,Wildlife,Kegalle,Kegalle,3.2,2000,4000,7.3003,80.3842,Medium,Home to largest captive elephant herd,"elephant,orphanage,wildlife,family",
98,Dawsons Hill,Nature,Kegalle,Kegalle,4.6,100,500,7.1667,80.4167,Low,Scenic hill with forest trails,"hill,forest,nature,scenic",
99,Biblehana Ella Waterfall,Nature,Kegalle,Kegalle,3.1,100,500,7.2667,80.4167,Low,Beautiful waterfall in Kegalle district,"waterfall,nature,scenic,peaceful",
100,Biblehana Ella Waterfall,Nature,Kegalle,Kegalle,3.3,100,500,7.2667,80.4167,Low,Beautiful waterfall in Kegalle district,"waterfall,nature,scenic,peaceful",
101,Pinnawala Elephant Orphanage,Wildlife,Kegalle,Kegalle,3.1,2000,4000,7.3003,80.3842,Medium,Home to largest captive elephant herd,"elephant,orphanage,wildlife,family",
102,Dawsons Hill,Nature,Kegalle,Kegalle,3,100,500,7.1667,80.4167,Low,Scenic hill with forest trails,"hill,forest,nature,scenic",
103,Biblehana Ella Waterfall,Nature,Kegalle,Kegalle,3.4,100,500,7.2667,80.4167,Low,Beautiful waterfall in Kegalle district,"waterfall,nature,scenic,peaceful",
104,Kitulgala Rafting,Adventure,Kegalle,Kegalle,4.3,2000,6000,6.9894,80.4179,Medium,White water rafting on Kelani River,"rafting,adventure,river,jungle",
105,Pinnawala Elephant Orphanage,Wildlife,Kegalle,Kegalle,3.5,2000,4000,7.3003,80.3842,Medium,Home to largest captive elephant herd,"elephant,orphanage,wildlife,family",
106,Pinnawala Elephant Orphanage,Wildlife,Kegalle,Kegalle,5,2000,4000,7.3003,80.3842,Medium,Home to largest captive elephant herd,"elephant,orphanage,wildlife,family",
107,Dawsons Hill,Nature,Kegalle,Kegalle,3.1,100,500,7.1667,80.4167,Low,Scenic hill with forest trails,"hill,forest,nature,scenic",
108,Rambukkana,Nature,Kegalle,Kegalle,3.1,100,400,7.3333,80.3833,Low,Scenic railway town with nature views,"railway,scenic,nature,town",
109,Biblehana Ella Waterfall,Nature,Kegalle,Kegalle,3.2,100,500,7.2667,80.4167,Low,Beautiful waterfall in Kegalle district,"waterfall,nature,scenic,peaceful",
110,Biblehana Ella Waterfall,Nature,Kegalle,Kegalle,3,100,500,7.2667,80.4167,Low,Beautiful waterfall in Kegalle district,"waterfall,nature,scenic,peaceful",
111,Biblehana Ella Waterfall,Nature,Kegalle,Kegalle,4.5,100,500,7.2667,80.4167,Low,Beautiful waterfall in Kegalle district,"waterfall,nature,scenic,peaceful",
112,Rambukkana,Nature,Kegalle,Kegalle,4,100,400,7.3333,80.3833,Low,Scenic railway town with nature views,"railway,scenic,nature,town",
113,Biblehana Ella Waterfall,Nature,Kegalle,Kegalle,4.5,100,500,7.2667,80.4167,Low,Beautiful waterfall in Kegalle district,"waterfall,nature,scenic,peaceful",
114,Biblehana Ella Waterfall,Nature,Kegalle,Kegalle,4.9,100,500,7.2667,80.4167,Low,Beautiful waterfall in Kegalle district,"waterfall,nature,scenic,peaceful",
115,Pinnawala Elephant Orphanage,Wildlife,Kegalle,Kegalle,3.7,2000,4000,7.3003,80.3842,Medium,Home to largest captive elephant herd,"elephant,orphanage,wildlife,family",
116,Dawsons Hill,Nature,Kegalle,Kegalle,3.2,100,500,7.1667,80.4167,Low,Scenic hill with forest trails,"hill,forest,nature,scenic",
117,Kitulgala Rafting,Adventure,Kegalle,Kegalle,3,2000,6000,6.9894,80.4179,Medium,White water rafting on Kelani River,"rafting,adventure,river,jungle",
118,Rambukkana,Nature,Kegalle,Kegalle,4,100,400,7.3333,80.3833,Low,Scenic railway town with nature views,"railway,scenic,nature,town",
119,Pinnawala Elephant Orphanage,Wildlife,Kegalle,Kegalle,3.6,2000,4000,7.3003,80.3842,Medium,Home to largest captive elephant herd,"elephant,orphanage,wildlife,family",
120,Kitulgala Rafting,Adventure,Kegalle,Kegalle,4.4,2000,6000,6.9894,80.4179,Medium,White water rafting on Kelani River,"rafting,adventure,river,jungle",
121,Pinnawala Elephant Orphanage,Wildlife,Kegalle,Kegalle,4.8,2000,4000,7.3003,80.3842,Medium,Home to largest captive elephant herd,"elephant,orphanage,wildlife,family",
122,Pinnawala Elephant Orphanage,Wildlife,Kegalle,Kegalle,4.9,2000,4000,7.3003,80.3842,Medium,Home to largest captive elephant herd,"elephant,orphanage,wildlife,family",
123,Kitulgala Rafting,Adventure,Kegalle,Kegalle,4.8,2000,6000,6.9894,80.4179,Medium,White water rafting on Kelani River,"rafting,adventure,river,jungle",
124,Kitulgala Rafting,Adventure,Kegalle,Kegalle,4.5,2000,6000,6.9894,80.4179,Medium,White water rafting on Kelani River,"rafting,adventure,river,jungle",
125,Kitulgala Rafting,Adventure,Kegalle,Kegalle,5,2000,6000,6.9894,80.4179,Medium,White water rafting on Kelani River,"rafting,adventure,river,jungle",
126,Dawsons Hill,Nature,Kegalle,Kegalle,4,100,500,7.1667,80.4167,Low,Scenic hill with forest trails,"hill,forest,nature,scenic",
127,Dawsons Hill,Nature,Kegalle,Kegalle,4.3,100,500,7.1667,80.4167,Low,Scenic hill with forest trails,"hill,forest,nature,scenic",
128,Biblehana Ella Waterfall,Nature,Kegalle,Kegalle,3.9,100,500,7.2667,80.4167,Low,Beautiful waterfall in Kegalle district,"waterfall,nature,scenic,peaceful",
129,Kitulgala Rafting,Adventure,Kegalle,Kegalle,3.7,2000,6000,6.9894,80.4179,Medium,White water rafting on Kelani River,"rafting,adventure,river,jungle",
130,Biblehana Ella Waterfall,Nature,Kegalle,Kegalle,4.2,100,500,7.2667,80.4167,Low,Beautiful waterfall in Kegalle district,"waterfall,nature,scenic,peaceful",
131,Rambukkana,Nature,Kegalle,Kegalle,3.1,100,400,7.3333,80.3833,Low,Scenic railway town with nature views,"railway,scenic,nature,town",
132,Rambukkana,Nature,Kegalle,Kegalle,3.5,100,400,7.3333,80.3833,Low,Scenic railway town with nature views,"railway,scenic,nature,town",
133,Dawsons Hill,Nature,Kegalle,Kegalle,4.2,100,500,7.1667,80.4167,Low,Scenic hill with forest trails,"hill,forest,nature,scenic",
134,Kitulgala Rafting,Adventure,Kegalle,Kegalle,4.1,2000,6000,6.9894,80.4179,Medium,White water rafting on Kelani River,"rafting,adventure,river,jungle",
135,Rambukkana,Nature,Kegalle,Kegalle,3.2,100,400,7.3333,80.3833,Low,Scenic railway town with nature views,"railway,scenic,nature,town",
136,Pinnawala Elephant Orphanage,Wildlife,Kegalle,Kegalle,3.3,2000,4000,7.3003,80.3842,Medium,Home to largest captive elephant herd,"elephant,orphanage,wildlife,family",
137,Biblehana Ella Waterfall,Nature,Kegalle,Kegalle,4.1,100,500,7.2667,80.4167,Low,Beautiful waterfall in Kegalle district,"waterfall,nature,scenic,peaceful",
138,Pinnawala Elephant Orphanage,Wildlife,Kegalle,Kegalle,4,2000,4000,7.3003,80.3842,Medium,Home to largest captive elephant herd,"elephant,orphanage,wildlife,family",
139,Rambukkana,Nature,Kegalle,Kegalle,3.6,100,400,7.3333,80.3833,Low,Scenic railway town with nature views,"railway,scenic,nature,town",
140,Biblehana Ella Waterfall,Nature,Kegalle,Kegalle,3.3,100,500,7.2667,80.4167,Low,Beautiful waterfall in Kegalle district,"waterfall,nature,scenic,peaceful",
141,Biblehana Ella Waterfall,Nature,Kegalle,Kegalle,4.2,100,500,7.2667,80.4167,Low,Beautiful waterfall in Kegalle district,"waterfall,nature,scenic,peaceful",
142,Biblehana Ella Waterfall,Nature,Kegalle,Kegalle,3.2,100,500,7.2667,80.4167,Low,Beautiful waterfall in Kegalle district,"waterfall,nature,scenic,peaceful",
143,Kitulgala Rafting,Adventure,Kegalle,Kegalle,4.4,2000,6000,6.9894,80.4179,Medium,White water rafting on Kelani River,"rafting,adventure,river,jungle",
144,Rambukkana,Nature,Kegalle,Kegalle,3.5,100,400,7.3333,80.3833,Low,Scenic railway town with nature views,"railway,scenic,nature,town",
145,Rambukkana,Nature,Kegalle,Kegalle,5,100,400,7.3333,80.3833,Low,Scenic railway town with nature views,"railway,scenic,nature,town",
146,Rambukkana,Nature,Kegalle,Kegalle,4.3,100,400,7.3333,80.3833,Low,Scenic railway town with nature views,"railway,scenic,nature,town",
147,Kitulgala Rafting,Adventure,Kegalle,Kegalle,4.9,2000,6000,6.9894,80.4179,Medium,White water rafting on Kelani River,"rafting,adventure,river,jungle",
148,Dawsons Hill,Nature,Kegalle,Kegalle,4,100,500,7.1667,80.4167,Low,Scenic hill with forest trails,"hill,forest,nature,scenic",
149,Biblehana Ella Waterfall,Nature,Kegalle,Kegalle,4.7,100,500,7.2667,80.4167,Low,Beautiful waterfall in Kegalle district,"waterfall,nature,scenic,peaceful",
150,Rambukkana,Nature,Kegalle,Kegalle,3.8,100,400,7.3333,80.3833,Low,Scenic railway town with nature views,"railway,scenic,nature,town",
151,Dawsons Hill,Nature,Kegalle,Kegalle,4.8,100,500,7.1667,80.4167,Low,Scenic hill with forest trails,"hill,forest,nature,scenic",
152,Kitulgala Rafting,Adventure,Kegalle,Kegalle,3.9,2000,6000,6.9894,80.4179,Medium,White water rafting on Kelani River,"rafting,adventure,river,jungle",
153,Dawsons Hill,Nature,Kegalle,Kegalle,4.7,100,500,7.1667,80.4167,Low,Scenic hill with forest trails,"hill,forest,nature,scenic",
154,Biblehana Ella Waterfall,Nature,Kegalle,Kegalle,3.7,100,500,7.2667,80.4167,Low,Beautiful waterfall in Kegalle district,"waterfall,nature,scenic,peaceful",
155,Rambukkana,Nature,Kegalle,Kegalle,4,100,400,7.3333,80.3833,Low,Scenic railway town with nature views,"railway,scenic,nature,town",
156,Biblehana Ella Waterfall,Nature,Kegalle,Kegalle,4.8,100,500,7.2667,80.4167,Low,Beautiful waterfall in Kegalle district,"waterfall,nature,scenic,peaceful",
157,Pinnawala Elephant Orphanage,Wildlife,Kegalle,Kegalle,4.2,2000,4000,7.3003,80.3842,Medium,Home to largest captive elephant herd,"elephant,orphanage,wildlife,family",
158,Pinnawala Elephant Orphanage,Wildlife,Kegalle,Kegalle,4.5,2000,4000,7.3003,80.3842,Medium,Home to largest captive elephant herd,"elephant,orphanage,wildlife,family",
159,Kitulgala Rafting,Adventure,Kegalle,Kegalle,4.4,2000,6000,6.9894,80.4179,Medium,White water rafting on Kelani River,"rafting,adventure,river,jungle",
160,Dawsons Hill,Nature,Kegalle,Kegalle,3,100,500,7.1667,80.4167,Low,Scenic hill with forest trails,"hill,forest,nature,scenic",
161,Pinnawala Elephant Orphanage,Wildlife,Kegalle,Kegalle,3.6,2000,4000,7.3003,80.3842,Medium,Home to largest captive elephant herd,"elephant,orphanage,wildlife,family",
162,Kitulgala Rafting,Adventure,Kegalle,Kegalle,4.1,2000,6000,6.9894,80.4179,Medium,White water rafting on Kelani River,"rafting,adventure,river,jungle",
163,Pinnawala Elephant Orphanage,Wildlife,Kegalle,Kegalle,3.4,2000,4000,7.3003,80.3842,Medium,Home to largest captive elephant herd,"elephant,orphanage,wildlife,family",
164,Rambukkana,Nature,Kegalle,Kegalle,4.3,100,400,7.3333,80.3833,Low,Scenic railway town with nature views,"railway,scenic,nature,town",
165,Biblehana Ella Waterfall,Nature,Kegalle,Kegalle,3.9,100,500,7.2667,80.4167,Low,Beautiful waterfall in Kegalle district,"waterfall,nature,scenic,peaceful",
166,Dawsons Hill,Nature,Kegalle,Kegalle,4.8,100,500,7.1667,80.4167,Low,Scenic hill with forest trails,"hill,forest,nature,scenic",
167,Rambukkana,Nature,Kegalle,Kegalle,3.2,100,400,7.3333,80.3833,Low,Scenic railway town with nature views,"railway,scenic,nature,town",
168,Kitulgala Rafting,Adventure,Kegalle,Kegalle,4.5,2000,6000,6.9894,80.4179,Medium,White water rafting on Kelani River,"rafting,adventure,river,jungle",
169,Rambukkana,Nature,Kegalle,Kegalle,4.5,100,400,7.3333,80.3833,Low,Scenic railway town with nature views,"railway,scenic,nature,town",
170,Kitulgala Rafting,Adventure,Kegalle,Kegalle,3.8,2000,6000,6.9894,80.4179,Medium,White water rafting on Kelani River,"rafting,adventure,river,jungle",
171,Pinnawala Elephant Orphanage,Wildlife,Kegalle,Kegalle,3.6,2000,4000,7.3003,80.3842,Medium,Home to largest captive elephant herd,"elephant,orphanage,wildlife,family",
172,Dawsons Hill,Nature,Kegalle,Kegalle,4,100,500,7.1667,80.4167,Low,Scenic hill with forest trails,"hill,forest,nature,scenic",
173,Rambukkana,Nature,Kegalle,Kegalle,3.2,100,400,7.3333,80.3833,Low,Scenic railway town with nature views,"railway,scenic,nature,town",
174,Rambukkana,Nature,Kegalle,Kegalle,3.1,100,400,7.3333,80.3833,Low,Scenic railway town with nature views,"railway,scenic,nature,town",
175,Kitulgala Rafting,Adventure,Kegalle,Kegalle,4.9,2000,6000,6.9894,80.4179,Medium,White water rafting on Kelani River,"rafting,adventure,river,jungle",
176,Kitulgala Rafting,Adventure,Kegalle,Kegalle,4.3,2000,6000,6.9894,80.4179,Medium,White water rafting on Kelani River,"rafting,adventure,river,jungle",
177,Biblehana Ella Waterfall,Nature,Kegalle,Kegalle,4.1,100,500,7.2667,80.4167,Low,Beautiful waterfall in Kegalle district,"waterfall,nature,scenic,peaceful",
178,Dawsons Hill,Nature,Kegalle,Kegalle,4.5,100,500,7.1667,80.4167,Low,Scenic hill with forest trails,"hill,forest,nature,scenic",
179,Pinnawala Elephant Orphanage,Wildlife,Kegalle,Kegalle,4.9,2000,4000,7.3003,80.3842,Medium,Home to largest captive elephant herd,"elephant,orphanage,wildlife,family",
180,Biblehana Ella Waterfall,Nature,Kegalle,Kegalle,4.6,100,500,7.2667,80.4167,Low,Beautiful waterfall in Kegalle district,"waterfall,nature,scenic,peaceful",
181,Rambukkana,Nature,Kegalle,Kegalle,3.4,100,400,7.3333,80.3833,Low,Scenic railway town with nature views,"railway,scenic,nature,town",
182,Kitulgala Rafting,Adventure,Kegalle,Kegalle,4.7,2000,6000,6.9894,80.4179,Medium,White water rafting on Kelani River,"rafting,adventure,river,jungle",
183,Rambukkana,Nature,Kegalle,Kegalle,3.5,100,400,7.3333,80.3833,Low,Scenic railway town with nature views,"railway,scenic,nature,town",
184,Kitulgala Rafting,Adventure,Kegalle,Kegalle,3.2,2000,6000,6.9894,80.4179,Medium,White water rafting on Kelani River,"rafting,adventure,river,jungle",
185,Pinnawala Elephant Orphanage,Wildlife,Kegalle,Kegalle,3.5,2000,4000,7.3003,80.3842,Medium,Home to largest captive elephant herd,"elephant,orphanage,wildlife,family",
186,Pinnawala Elephant Orphanage,Wildlife,Kegalle,Kegalle,3.6,2000,4000,7.3003,80.3842,Medium,Home to largest captive elephant herd,"elephant,orphanage,wildlife,family",
187,Rambukkana,Nature,Kegalle,Kegalle,4.7,100,400,7.3333,80.3833,Low,Scenic railway town with nature views,"railway,scenic,nature,town",
188,Dawsons Hill,Nature,Kegalle,Kegalle,3.4,100,500,7.1667,80.4167,Low,Scenic hill with forest trails,"hill,forest,nature,scenic",
189,Biblehana Ella Waterfall,Nature,Kegalle,Kegalle,3.4,100,500,7.2667,80.4167,Low,Beautiful waterfall in Kegalle district,"waterfall,nature,scenic,peaceful",
190,Pinnawala Elephant Orphanage,Wildlife,Kegalle,Kegalle,3.2,2000,4000,7.3003,80.3842,Medium,Home to largest captive elephant herd,"elephant,orphanage,wildlife,family",
191,Rambukkana,Nature,Kegalle,Kegalle,3.7,100,400,7.3333,80.3833,Low,Scenic railway town with nature views,"railway,scenic,nature,town",
192,Biblehana Ella Waterfall,Nature,Kegalle,Kegalle,3.3,100,500,7.2667,80.4167,Low,Beautiful waterfall in Kegalle district,"waterfall,nature,scenic,peaceful",
193,Biblehana Ella Waterfall,Nature,Kegalle,Kegalle,4.9,100,500,7.2667,80.4167,Low,Beautiful waterfall in Kegalle district,"waterfall,nature,scenic,peaceful",
194,Rambukkana,Nature,Kegalle,Kegalle,4,100,400,7.3333,80.3833,Low,Scenic railway town with nature views,"railway,scenic,nature,town",
195,Kitulgala Rafting,Adventure,Kegalle,Kegalle,4.9,2000,6000,6.9894,80.4179,Medium,White water rafting on Kelani River,"rafting,adventure,river,jungle",
196,Rambukkana,Nature,Kegalle,Kegalle,3.7,100,400,7.3333,80.3833,Low,Scenic railway town with nature views,"railway,scenic,nature,town",
197,Dawsons Hill,Nature,Kegalle,Kegalle,3.8,100,500,7.1667,80.4167,Low,Scenic hill with forest trails,"hill,forest,nature,scenic",
198,Pinnawala Elephant Orphanage,Wildlife,Kegalle,Kegalle,4.1,2000,4000,7.3003,80.3842,Medium,Home to largest captive elephant herd,"elephant,orphanage,wildlife,family",
199,Dawsons Hill,Nature,Kegalle,Kegalle,3.4,100,500,7.1667,80.4167,Low,Scenic hill with forest trails,"hill,forest,nature,scenic",
200,Dawsons Hill,Nature,Kegalle,Kegalle,4.2,100,500,7.1667,80.4167,Low,Scenic hill with forest trails,"hill,forest,nature,scenic",
201,Biblehana Ella Waterfall,Nature,Kegalle,Kegalle,4.3,100,500,7.2667,80.4167,Low,Beautiful waterfall in Kegalle district,"waterfall,nature,scenic,peaceful",
202,Biblehana Ella Waterfall,Nature,Kegalle,Kegalle,3,100,500,7.2667,80.4167,Low,Beautiful waterfall in Kegalle district,"waterfall,nature,scenic,peaceful",
203,Rambukkana,Nature,Kegalle,Kegalle,4.9,100,400,7.3333,80.3833,Low,Scenic railway town with nature views,"railway,scenic,nature,town",
204,Rambukkana,Nature,Kegalle,Kegalle,4.7,100,400,7.3333,80.3833,Low,Scenic railway town with nature views,"railway,scenic,nature,town",
205,Pinnawala Elephant Orphanage,Wildlife,Kegalle,Kegalle,4.6,2000,4000,7.3003,80.3842,Medium,Home to largest captive elephant herd,"elephant,orphanage,wildlife,family",
206,Rambukkana,Nature,Kegalle,Kegalle,3.5,100,400,7.3333,80.3833,Low,Scenic railway town with nature views,"railway,scenic,nature,town",
207,Pinnawala Elephant Orphanage,Wildlife,Kegalle,Kegalle,5,2000,4000,7.3003,80.3842,Medium,Home to largest captive elephant herd,"elephant,orphanage,wildlife,family",
208,Kitulgala Rafting,Adventure,Kegalle,Kegalle,4.3,2000,6000,6.9894,80.4179,Medium,White water rafting on Kelani River,"rafting,adventure,river,jungle",
209,Dawsons Hill,Nature,Kegalle,Kegalle,3.2,100,500,7.1667,80.4167,Low,Scenic hill with forest trails,"hill,forest,nature,scenic",
210,Kitulgala Rafting,Adventure,Kegalle,Kegalle,4.5,2000,6000,6.9894,80.4179,Medium,White water rafting on Kelani River,"rafting,adventure,river,jungle",
211,Kitulgala Rafting,Adventure,Kegalle,Kegalle,3.8,2000,6000,6.9894,80.4179,Medium,White water rafting on Kelani River,"rafting,adventure,river,jungle",
212,Dawsons Hill,Nature,Kegalle,Kegalle,4.5,100,500,7.1667,80.4167,Low,Scenic hill with forest trails,"hill,forest,nature,scenic",
213,Dawsons Hill,Nature,Kegalle,Kegalle,3.8,100,500,7.1667,80.4167,Low,Scenic hill with forest trails,"hill,forest,nature,scenic",
214,Biblehana Ella Waterfall,Nature,Kegalle,Kegalle,3.4,100,500,7.2667,80.4167,Low,Beautiful waterfall in Kegalle district,"waterfall,nature,scenic,peaceful",
215,Kitulgala Rafting,Adventure,Kegalle,Kegalle,4.9,2000,6000,6.9894,80.4179,Medium,White water rafting on Kelani River,"rafting,adventure,river,jungle",
216,Dawsons Hill,Nature,Kegalle,Kegalle,4.9,100,500,7.1667,80.4167,Low,Scenic hill with forest trails,"hill,forest,nature,scenic",
217,Biblehana Ella Waterfall,Nature,Kegalle,Kegalle,4.6,100,500,7.2667,80.4167,Low,Beautiful waterfall in Kegalle district,"waterfall,nature,scenic,peaceful",
218,Pinnawala Elephant Orphanage,Wildlife,Kegalle,Kegalle,3.6,2000,4000,7.3003,80.3842,Medium,Home to largest captive elephant herd,"elephant,orphanage,wildlife,family",
219,Biblehana Ella Waterfall,Nature,Kegalle,Kegalle,4,100,500,7.2667,80.4167,Low,Beautiful waterfall in Kegalle district,"waterfall,nature,scenic,peaceful",
220,Pinnawala Elephant Orphanage,Wildlife,Kegalle,Kegalle,4.4,2000,4000,7.3003,80.3842,Medium,Home to largest captive elephant herd,"elephant,orphanage,wildlife,family",
1,Kilinochchi Water Tower,Historical,Kilinochchi,Kilinochchi,4.1,0,300,9.3833,80.4,Low,Iconic water tower damaged in war - symbol of resilience,"tower,war,historical,landmark",
2,Giant Water Tank,Nature,Kilinochchi,Kilinochchi,4.5,0,500,9.35,80.3833,Low,Large ancient irrigation tank with scenic views,"tank,nature,scenic,ancient",
3,Iranamadu Tank,Nature,Kilinochchi,Kilinochchi,4.6,0,500,9.3167,80.35,Low,Large irrigation reservoir with bird watching,"tank,birds,nature,scenic",images/iranamadu_tank.jpg
4,Kilinochchi Town Center,Cultural,Kilinochchi,Kilinochchi,3.9,100,400,9.3897,80.4006,Low,War-rebuilt town showing resilience and reconstruction,"culture,town,historical,resilience",
5,Poovarasankulam,Nature,Kilinochchi,Kilinochchi,3.7,0,400,9.4167,80.3833,Low,Ancient tank with diverse bird species,"tank,birds,nature,peaceful",
6,Kilinochchi Water Tower,Historical,Kilinochchi,Kilinochchi,3.8,0,300,9.3833,80.4,Low,Iconic water tower damaged in war - symbol of resilience,"tower,war,historical,landmark",
7,Kilinochchi Water Tower,Historical,Kilinochchi,Kilinochchi,4.7,0,300,9.3833,80.4,Low,Iconic water tower damaged in war - symbol of resilience,"tower,war,historical,landmark",
8,Giant Water Tank,Nature,Kilinochchi,Kilinochchi,3.4,0,500,9.35,80.3833,Low,Large ancient irrigation tank with scenic views,"tank,nature,scenic,ancient",
9,Kilinochchi Town Center,Cultural,Kilinochchi,Kilinochchi,3.7,100,400,9.3897,80.4006,Low,War-rebuilt town showing resilience and reconstruction,"culture,town,historical,resilience",
10,Giant Water Tank,Nature,Kilinochchi,Kilinochchi,3.4,0,500,9.35,80.3833,Low,Large ancient irrigation tank with scenic views,"tank,nature,scenic,ancient",
11,Giant Water Tank,Nature,Kilinochchi,Kilinochchi,3.8,0,500,9.35,80.3833,Low,Large ancient irrigation tank with scenic views,"tank,nature,scenic,ancient",
12,Iranamadu Tank,Nature,Kilinochchi,Kilinochchi,4.7,0,500,9.3167,80.35,Low,Large irrigation reservoir with bird watching,"tank,birds,nature,scenic",images/iranamadu_tank.jpg
13,Iranamadu Tank,Nature,Kilinochchi,Kilinochchi,3.7,0,500,9.3167,80.35,Low,Large irrigation reservoir with bird watching,"tank,birds,nature,scenic",images/iranamadu_tank.jpg
14,Poovarasankulam,Nature,Kilinochchi,Kilinochchi,3.8,0,400,9.4167,80.3833,Low,Ancient tank with diverse bird species,"tank,birds,nature,peaceful",
15,Poovarasankulam,Nature,Kilinochchi,Kilinochchi,3.7,0,400,9.4167,80.3833,Low,Ancient tank with diverse bird species,"tank,birds,nature,peaceful",
16,Kilinochchi Water Tower,Historical,Kilinochchi,Kilinochchi,3.2,0,300,9.3833,80.4,Low,Iconic water tower damaged in war - symbol of resilience,"tower,war,historical,landmark",
17,Iranamadu Tank,Nature,Kilinochchi,Kilinochchi,3.4,0,500,9.3167,80.35,Low,Large irrigation reservoir with bird watching,"tank,birds,nature,scenic",images/iranamadu_tank.jpg
18,Iranamadu Tank,Nature,Kilinochchi,Kilinochchi,3.1,0,500,9.3167,80.35,Low,Large irrigation reservoir with bird watching,"tank,birds,nature,scenic",images/iranamadu_tank.jpg
19,Poovarasankulam,Nature,Kilinochchi,Kilinochchi,3.9,0,400,9.4167,80.3833,Low,Ancient tank with diverse bird species,"tank,birds,nature,peaceful",
20,Iranamadu Tank,Nature,Kilinochchi,Kilinochchi,3.9,0,500,9.3167,80.35,Low,Large irrigation reservoir with bird watching,"tank,birds,nature,scenic",images/iranamadu_tank.jpg
21,Poovarasankulam,Nature,Kilinochchi,Kilinochchi,3.2,0,400,9.4167,80.3833,Low,Ancient tank with diverse bird species,"tank,birds,nature,peaceful",
22,Poovarasankulam,Nature,Kilinochchi,Kilinochchi,3.4,0,400,9.4167,80.3833,Low,Ancient tank with diverse bird species,"tank,birds,nature,peaceful",
23,Kilinochchi Water Tower,Historical,Kilinochchi,Kilinochchi,4.4,0,300,9.3833,80.4,Low,Iconic water tower damaged in war - symbol of resilience,"tower,war,historical,landmark",
24,Kilinochchi Water Tower,Historical,Kilinochchi,Kilinochchi,4,0,300,9.3833,80.4,Low,Iconic water tower damaged in war - symbol of resilience,"tower,war,historical,landmark",
25,Poovarasankulam,Nature,Kilinochchi,Kilinochchi,4.4,0,400,9.4167,80.3833,Low,Ancient tank with diverse bird species,"tank,birds,nature,peaceful",
26,Giant Water Tank,Nature,Kilinochchi,Kilinochchi,3.7,0,500,9.35,80.3833,Low,Large ancient irrigation tank with scenic views,"tank,nature,scenic,ancient",
27,Kilinochchi Water Tower,Historical,Kilinochchi,Kilinochchi,4.9,0,300,9.3833,80.4,Low,Iconic water tower damaged in war - symbol of resilience,"tower,war,historical,landmark",
28,Iranamadu Tank,Nature,Kilinochchi,Kilinochchi,4.2,0,500,9.3167,80.35,Low,Large irrigation reservoir with bird watching,"tank,birds,nature,scenic",images/iranamadu_tank.jpg
29,Kilinochchi Water Tower,Historical,Kilinochchi,Kilinochchi,4.4,0,300,9.3833,80.4,Low,Iconic water tower damaged in war - symbol of resilience,"tower,war,historical,landmark",
30,Iranamadu Tank,Nature,Kilinochchi,Kilinochchi,4,0,500,9.3167,80.35,Low,Large irrigation reservoir with bird watching,"tank,birds,nature,scenic",images/iranamadu_tank.jpg
31,Kilinochchi Town Center,Cultural,Kilinochchi,Kilinochchi,3.7,100,400,9.3897,80.4006,Low,War-rebuilt town showing resilience and reconstruction,"culture,town,historical,resilience",
32,Iranamadu Tank,Nature,Kilinochchi,Kilinochchi,4.1,0,500,9.3167,80.35,Low,Large irrigation reservoir with bird watching,"tank,birds,nature,scenic",images/iranamadu_tank.jpg
33,Giant Water Tank,Nature,Kilinochchi,Kilinochchi,3.8,0,500,9.35,80.3833,Low,Large ancient irrigation tank with scenic views,"tank,nature,scenic,ancient",
34,Kilinochchi Town Center,Cultural,Kilinochchi,Kilinochchi,4.4,100,400,9.3897,80.4006,Low,War-rebuilt town showing resilience and reconstruction,"culture,town,historical,resilience",
35,Giant Water Tank,Nature,Kilinochchi,Kilinochchi,4.2,0,500,9.35,80.3833,Low,Large ancient irrigation tank with scenic views,"tank,nature,scenic,ancient",
36,Iranamadu Tank,Nature,Kilinochchi,Kilinochchi,3.8,0,500,9.3167,80.35,Low,Large irrigation reservoir with bird watching,"tank,birds,nature,scenic",images/iranamadu_tank.jpg
37,Kilinochchi Water Tower,Historical,Kilinochchi,Kilinochchi,3.6,0,300,9.3833,80.4,Low,Iconic water tower damaged in war - symbol of resilience,"tower,war,historical,landmark",
38,Giant Water Tank,Nature,Kilinochchi,Kilinochchi,3.9,0,500,9.35,80.3833,Low,Large ancient irrigation tank with scenic views,"tank,nature,scenic,ancient",
39,Poovarasankulam,Nature,Kilinochchi,Kilinochchi,4.2,0,400,9.4167,80.3833,Low,Ancient tank with diverse bird species,"tank,birds,nature,peaceful",
40,Iranamadu Tank,Nature,Kilinochchi,Kilinochchi,3.9,0,500,9.3167,80.35,Low,Large irrigation reservoir with bird watching,"tank,birds,nature,scenic",images/iranamadu_tank.jpg
41,Kilinochchi Town Center,Cultural,Kilinochchi,Kilinochchi,4.4,100,400,9.3897,80.4006,Low,War-rebuilt town showing resilience and reconstruction,"culture,town,historical,resilience",
42,Poovarasankulam,Nature,Kilinochchi,Kilinochchi,3.9,0,400,9.4167,80.3833,Low,Ancient tank with diverse bird species,"tank,birds,nature,peaceful",
43,Giant Water Tank,Nature,Kilinochchi,Kilinochchi,4.3,0,500,9.35,80.3833,Low,Large ancient irrigation tank with scenic views,"tank,nature,scenic,ancient",
44,Iranamadu Tank,Nature,Kilinochchi,Kilinochchi,4,0,500,9.3167,80.35,Low,Large irrigation reservoir with bird watching,"tank,birds,nature,scenic",images/iranamadu_tank.jpg
45,Poovarasankulam,Nature,Kilinochchi,Kilinochchi,3.7,0,400,9.4167,80.3833,Low,Ancient tank with diverse bird species,"tank,birds,nature,peaceful",
46,Giant Water Tank,Nature,Kilinochchi,Kilinochchi,4.3,0,500,9.35,80.3833,Low,Large ancient irrigation tank with scenic views,"tank,nature,scenic,ancient",
47,Giant Water Tank,Nature,Kilinochchi,Kilinochchi,4.6,0,500,9.35,80.3833,Low,Large ancient irrigation tank with scenic views,"tank,nature,scenic,ancient",
48,Giant Water Tank,Nature,Kilinochchi,Kilinochchi,3,0,500,9.35,80.3833,Low,Large ancient irrigation tank with scenic views,"tank,nature,scenic,ancient",
49,Giant Water Tank,Nature,Kilinochchi,Kilinochchi,5,0,500,9.35,80.3833,Low,Large ancient irrigation tank with scenic views,"tank,nature,scenic,ancient",
50,Poovarasankulam,Nature,Kilinochchi,Kilinochchi,4.7,0,400,9.4167,80.3833,Low,Ancient tank with diverse bird species,"tank,birds,nature,peaceful",
51,Kilinochchi Water Tower,Historical,Kilinochchi,Kilinochchi,3.9,0,300,9.3833,80.4,Low,Iconic water tower damaged in war - symbol of resilience,"tower,war,historical,landmark",
52,Poovarasankulam,Nature,Kilinochchi,Kilinochchi,3.4,0,400,9.4167,80.3833,Low,Ancient tank with diverse bird species,"tank,birds,nature,peaceful",
53,Kilinochchi Town Center,Cultural,Kilinochchi,Kilinochchi,4,100,400,9.3897,80.4006,Low,War-rebuilt town showing resilience and reconstruction,"culture,town,historical,resilience",
54,Giant Water Tank,Nature,Kilinochchi,Kilinochchi,3.3,0,500,9.35,80.3833,Low,Large ancient irrigation tank with scenic views,"tank,nature,scenic,ancient",
55,Kilinochchi Water Tower,Historical,Kilinochchi,Kilinochchi,4.8,0,300,9.3833,80.4,Low,Iconic water tower damaged in war - symbol of resilience,"tower,war,historical,landmark",
56,Kilinochchi Water Tower,Historical,Kilinochchi,Kilinochchi,4.6,0,300,9.3833,80.4,Low,Iconic water tower damaged in war - symbol of resilience,"tower,war,historical,landmark",
57,Giant Water Tank,Nature,Kilinochchi,Kilinochchi,3.4,0,500,9.35,80.3833,Low,Large ancient irrigation tank with scenic views,"tank,nature,scenic,ancient",
58,Poovarasankulam,Nature,Kilinochchi,Kilinochchi,3.9,0,400,9.4167,80.3833,Low,Ancient tank with diverse bird species,"tank,birds,nature,peaceful",
59,Poovarasankulam,Nature,Kilinochchi,Kilinochchi,3.5,0,400,9.4167,80.3833,Low,Ancient tank with diverse bird species,"tank,birds,nature,peaceful",
60,Kilinochchi Water Tower,Historical,Kilinochchi,Kilinochchi,3.9,0,300,9.3833,80.4,Low,Iconic water tower damaged in war - symbol of resilience,"tower,war,historical,landmark",
61,Kilinochchi Town Center,Cultural,Kilinochchi,Kilinochchi,4.3,100,400,9.3897,80.4006,Low,War-rebuilt town showing resilience and reconstruction,"culture,town,historical,resilience",
62,Poovarasankulam,Nature,Kilinochchi,Kilinochchi,4.2,0,400,9.4167,80.3833,Low,Ancient tank with diverse bird species,"tank,birds,nature,peaceful",
63,Kilinochchi Town Center,Cultural,Kilinochchi,Kilinochchi,4.2,100,400,9.3897,80.4006,Low,War-rebuilt town showing resilience and reconstruction,"culture,town,historical,resilience",
64,Poovarasankulam,Nature,Kilinochchi,Kilinochchi,3.9,0,400,9.4167,80.3833,Low,Ancient tank with diverse bird species,"tank,birds,nature,peaceful",
65,Poovarasankulam,Nature,Kilinochchi,Kilinochchi,3.9,0,400,9.4167,80.3833,Low,Ancient tank with diverse bird species,"tank,birds,nature,peaceful",
66,Giant Water Tank,Nature,Kilinochchi,Kilinochchi,4.5,0,500,9.35,80.3833,Low,Large ancient irrigation tank with scenic views,"tank,nature,scenic,ancient",
67,Kilinochchi Town Center,Cultural,Kilinochchi,Kilinochchi,3.9,100,400,9.3897,80.4006,Low,War-rebuilt town showing resilience and reconstruction,"culture,town,historical,resilience",
68,Giant Water Tank,Nature,Kilinochchi,Kilinochchi,4.7,0,500,9.35,80.3833,Low,Large ancient irrigation tank with scenic views,"tank,nature,scenic,ancient",
69,Iranamadu Tank,Nature,Kilinochchi,Kilinochchi,4.5,0,500,9.3167,80.35,Low,Large irrigation reservoir with bird watching,"tank,birds,nature,scenic",images/iranamadu_tank.jpg
70,Poovarasankulam,Nature,Kilinochchi,Kilinochchi,4,0,400,9.4167,80.3833,Low,Ancient tank with diverse bird species,"tank,birds,nature,peaceful",
71,Giant Water Tank,Nature,Kilinochchi,Kilinochchi,3.5,0,500,9.35,80.3833,Low,Large ancient irrigation tank with scenic views,"tank,nature,scenic,ancient",
72,Kilinochchi Water Tower,Historical,Kilinochchi,Kilinochchi,4.4,0,300,9.3833,80.4,Low,Iconic water tower damaged in war - symbol of resilience,"tower,war,historical,landmark",
73,Giant Water Tank,Nature,Kilinochchi,Kilinochchi,3.5,0,500,9.35,80.3833,Low,Large ancient irrigation tank with scenic views,"tank,nature,scenic,ancient",
74,Iranamadu Tank,Nature,Kilinochchi,Kilinochchi,4.8,0,500,9.3167,80.35,Low,Large irrigation reservoir with bird watching,"tank,birds,nature,scenic",images/iranamadu_tank.jpg
75,Kilinochchi Water Tower,Historical,Kilinochchi,Kilinochchi,3.3,0,300,9.3833,80.4,Low,Iconic water tower damaged in war - symbol of resilience,"tower,war,historical,landmark",
76,Giant Water Tank,Nature,Kilinochchi,Kilinochchi,3.8,0,500,9.35,80.3833,Low,Large ancient irrigation tank with scenic views,"tank,nature,scenic,ancient",
77,Giant Water Tank,Nature,Kilinochchi,Kilinochchi,4.4,0,500,9.35,80.3833,Low,Large ancient irrigation tank with scenic views,"tank,nature,scenic,ancient",
78,Kilinochchi Water Tower,Historical,Kilinochchi,Kilinochchi,3.8,0,300,9.3833,80.4,Low,Iconic water tower damaged in war - symbol of resilience,"tower,war,historical,landmark",
79,Iranamadu Tank,Nature,Kilinochchi,Kilinochchi,4.1,0,500,9.3167,80.35,Low,Large irrigation reservoir with bird watching,"tank,birds,nature,scenic",images/iranamadu_tank.jpg
80,Kilinochchi Town Center,Cultural,Kilinochchi,Kilinochchi,3.1,100,400,9.3897,80.4006,Low,War-rebuilt town showing resilience and reconstruction,"culture,town,historical,resilience",
81,Kilinochchi Town Center,Cultural,Kilinochchi,Kilinochchi,3.8,100,400,9.3897,80.4006,Low,War-rebuilt town showing resilience and reconstruction,"culture,town,historical,resilience",
82,Poovarasankulam,Nature,Kilinochchi,Kilinochchi,4.9,0,400,9.4167,80.3833,Low,Ancient tank with diverse bird species,"tank,birds,nature,peaceful",
83,Kilinochchi Water Tower,Historical,Kilinochchi,Kilinochchi,4.7,0,300,9.3833,80.4,Low,Iconic water tower damaged in war - symbol of resilience,"tower,war,historical,landmark",
84,Poovarasankulam,Nature,Kilinochchi,Kilinochchi,3.8,0,400,9.4167,80.3833,Low,Ancient tank with diverse bird species,"tank,birds,nature,peaceful",
85,Kilinochchi Water Tower,Historical,Kilinochchi,Kilinochchi,4.9,0,300,9.3833,80.4,Low,Iconic water tower damaged in war - symbol of resilience,"tower,war,historical,landmark",
86,Iranamadu Tank,Nature,Kilinochchi,Kilinochchi,4.5,0,500,9.3167,80.35,Low,Large irrigation reservoir with bird watching,"tank,birds,nature,scenic",images/iranamadu_tank.jpg
87,Kilinochchi Town Center,Cultural,Kilinochchi,Kilinochchi,4.1,100,400,9.3897,80.4006,Low,War-rebuilt town showing resilience and reconstruction,"culture,town,historical,resilience",
88,Poovarasankulam,Nature,Kilinochchi,Kilinochchi,4.6,0,400,9.4167,80.3833,Low,Ancient tank with diverse bird species,"tank,birds,nature,peaceful",
89,Giant Water Tank,Nature,Kilinochchi,Kilinochchi,4,0,500,9.35,80.3833,Low,Large ancient irrigation tank with scenic views,"tank,nature,scenic,ancient",
90,Iranamadu Tank,Nature,Kilinochchi,Kilinochchi,3.9,0,500,9.3167,80.35,Low,Large irrigation reservoir with bird watching,"tank,birds,nature,scenic",images/iranamadu_tank.jpg
91,Kilinochchi Water Tower,Historical,Kilinochchi,Kilinochchi,3.8,0,300,9.3833,80.4,Low,Iconic water tower damaged in war - symbol of resilience,"tower,war,historical,landmark",
92,Kilinochchi Town Center,Cultural,Kilinochchi,Kilinochchi,4.4,100,400,9.3897,80.4006,Low,War-rebuilt town showing resilience and reconstruction,"culture,town,historical,resilience",
93,Kilinochchi Town Center,Cultural,Kilinochchi,Kilinochchi,4.8,100,400,9.3897,80.4006,Low,War-rebuilt town showing resilience and reconstruction,"culture,town,historical,resilience",
94,Poovarasankulam,Nature,Kilinochchi,Kilinochchi,4.1,0,400,9.4167,80.3833,Low,Ancient tank with diverse bird species,"tank,birds,nature,peaceful",
95,Kilinochchi Town Center,Cultural,Kilinochchi,Kilinochchi,4.2,100,400,9.3897,80.4006,Low,War-rebuilt town showing resilience and reconstruction,"culture,town,historical,resilience",
96,Kilinochchi Water Tower,Historical,Kilinochchi,Kilinochchi,3.2,0,300,9.3833,80.4,Low,Iconic water tower damaged in war - symbol of resilience,"tower,war,historical,landmark",
97,Kilinochchi Town Center,Cultural,Kilinochchi,Kilinochchi,3.3,100,400,9.3897,80.4006,Low,War-rebuilt town showing resilience and reconstruction,"culture,town,historical,resilience",
98,Kilinochchi Town Center,Cultural,Kilinochchi,Kilinochchi,3.4,100,400,9.3897,80.4006,Low,War-rebuilt town showing resilience and reconstruction,"culture,town,historical,resilience",
99,Iranamadu Tank,Nature,Kilinochchi,Kilinochchi,3.8,0,500,9.3167,80.35,Low,Large irrigation reservoir with bird watching,"tank,birds,nature,scenic",images/iranamadu_tank.jpg
100,Giant Water Tank,Nature,Kilinochchi,Kilinochchi,3.9,0,500,9.35,80.3833,Low,Large ancient irrigation tank with scenic views,"tank,nature,scenic,ancient",
101,Iranamadu Tank,Nature,Kilinochchi,Kilinochchi,4.5,0,500,9.3167,80.35,Low,Large irrigation reservoir with bird watching,"tank,birds,nature,scenic",images/iranamadu_tank.jpg
102,Kilinochchi Town Center,Cultural,Kilinochchi,Kilinochchi,3.6,100,400,9.3897,80.4006,Low,War-rebuilt town showing resilience and reconstruction,"culture,town,historical,resilience",
103,Kilinochchi Town Center,Cultural,Kilinochchi,Kilinochchi,3.5,100,400,9.3897,80.4006,Low,War-rebuilt town showing resilience and reconstruction,"culture,town,historical,resilience",
104,Kilinochchi Water Tower,Historical,Kilinochchi,Kilinochchi,3.9,0,300,9.3833,80.4,Low,Iconic water tower damaged in war - symbol of resilience,"tower,war,historical,landmark",
105,Poovarasankulam,Nature,Kilinochchi,Kilinochchi,3.1,0,400,9.4167,80.3833,Low,Ancient tank with diverse bird species,"tank,birds,nature,peaceful",
106,Iranamadu Tank,Nature,Kilinochchi,Kilinochchi,3.4,0,500,9.3167,80.35,Low,Large irrigation reservoir with bird watching,"tank,birds,nature,scenic",images/iranamadu_tank.jpg
107,Kilinochchi Water Tower,Historical,Kilinochchi,Kilinochchi,4.6,0,300,9.3833,80.4,Low,Iconic water tower damaged in war - symbol of resilience,"tower,war,historical,landmark",
108,Kilinochchi Water Tower,Historical,Kilinochchi,Kilinochchi,4.5,0,300,9.3833,80.4,Low,Iconic water tower damaged in war - symbol of resilience,"tower,war,historical,landmark",
109,Giant Water Tank,Nature,Kilinochchi,Kilinochchi,3.4,0,500,9.35,80.3833,Low,Large ancient irrigation tank with scenic views,"tank,nature,scenic,ancient",
110,Kilinochchi Water Tower,Historical,Kilinochchi,Kilinochchi,4.2,0,300,9.3833,80.4,Low,Iconic water tower damaged in war - symbol of resilience,"tower,war,historical,landmark",
111,Giant Water Tank,Nature,Kilinochchi,Kilinochchi,3.3,0,500,9.35,80.3833,Low,Large ancient irrigation tank with scenic views,"tank,nature,scenic,ancient",
112,Kilinochchi Water Tower,Historical,Kilinochchi,Kilinochchi,4.1,0,300,9.3833,80.4,Low,Iconic water tower damaged in war - symbol of resilience,"tower,war,historical,landmark",
113,Giant Water Tank,Nature,Kilinochchi,Kilinochchi,3.9,0,500,9.35,80.3833,Low,Large ancient irrigation tank with scenic views,"tank,nature,scenic,ancient",
114,Iranamadu Tank,Nature,Kilinochchi,Kilinochchi,4.5,0,500,9.3167,80.35,Low,Large irrigation reservoir with bird watching,"tank,birds,nature,scenic",images/iranamadu_tank.jpg
115,Giant Water Tank,Nature,Kilinochchi,Kilinochchi,4.2,0,500,9.35,80.3833,Low,Large ancient irrigation tank with scenic views,"tank,nature,scenic,ancient",
116,Kilinochchi Water Tower,Historical,Kilinochchi,Kilinochchi,4.6,0,300,9.3833,80.4,Low,Iconic water tower damaged in war - symbol of resilience,"tower,war,historical,landmark",
117,Giant Water Tank,Nature,Kilinochchi,Kilinochchi,4.9,0,500,9.35,80.3833,Low,Large ancient irrigation tank with scenic views,"tank,nature,scenic,ancient",
118,Kilinochchi Water Tower,Historical,Kilinochchi,Kilinochchi,4.2,0,300,9.3833,80.4,Low,Iconic water tower damaged in war - symbol of resilience,"tower,war,historical,landmark",
119,Iranamadu Tank,Nature,Kilinochchi,Kilinochchi,4.2,0,500,9.3167,80.35,Low,Large irrigation reservoir with bird watching,"tank,birds,nature,scenic",images/iranamadu_tank.jpg
120,Kilinochchi Town Center,Cultural,Kilinochchi,Kilinochchi,3.8,100,400,9.3897,80.4006,Low,War-rebuilt town showing resilience and reconstruction,"culture,town,historical,resilience",
121,Giant Water Tank,Nature,Kilinochchi,Kilinochchi,3.2,0,500,9.35,80.3833,Low,Large ancient irrigation tank with scenic views,"tank,nature,scenic,ancient",
122,Giant Water Tank,Nature,Kilinochchi,Kilinochchi,3.2,0,500,9.35,80.3833,Low,Large ancient irrigation tank with scenic views,"tank,nature,scenic,ancient",
123,Iranamadu Tank,Nature,Kilinochchi,Kilinochchi,4.7,0,500,9.3167,80.35,Low,Large irrigation reservoir with bird watching,"tank,birds,nature,scenic",images/iranamadu_tank.jpg
124,Poovarasankulam,Nature,Kilinochchi,Kilinochchi,4.6,0,400,9.4167,80.3833,Low,Ancient tank with diverse bird species,"tank,birds,nature,peaceful",
125,Poovarasankulam,Nature,Kilinochchi,Kilinochchi,4.6,0,400,9.4167,80.3833,Low,Ancient tank with diverse bird species,"tank,birds,nature,peaceful",
126,Iranamadu Tank,Nature,Kilinochchi,Kilinochchi,4.1,0,500,9.3167,80.35,Low,Large irrigation reservoir with bird watching,"tank,birds,nature,scenic",images/iranamadu_tank.jpg
127,Iranamadu Tank,Nature,Kilinochchi,Kilinochchi,3.1,0,500,9.3167,80.35,Low,Large irrigation reservoir with bird watching,"tank,birds,nature,scenic",images/iranamadu_tank.jpg
128,Iranamadu Tank,Nature,Kilinochchi,Kilinochchi,3,0,500,9.3167,80.35,Low,Large irrigation reservoir with bird watching,"tank,birds,nature,scenic",images/iranamadu_tank.jpg
129,Kilinochchi Town Center,Cultural,Kilinochchi,Kilinochchi,4.6,100,400,9.3897,80.4006,Low,War-rebuilt town showing resilience and reconstruction,"culture,town,historical,resilience",
130,Kilinochchi Water Tower,Historical,Kilinochchi,Kilinochchi,3.9,0,300,9.3833,80.4,Low,Iconic water tower damaged in war - symbol of resilience,"tower,war,historical,landmark",
131,Iranamadu Tank,Nature,Kilinochchi,Kilinochchi,4.3,0,500,9.3167,80.35,Low,Large irrigation reservoir with bird watching,"tank,birds,nature,scenic",images/iranamadu_tank.jpg
132,Kilinochchi Town Center,Cultural,Kilinochchi,Kilinochchi,4.4,100,400,9.3897,80.4006,Low,War-rebuilt town showing resilience and reconstruction,"culture,town,historical,resilience",
133,Kilinochchi Town Center,Cultural,Kilinochchi,Kilinochchi,3.4,100,400,9.3897,80.4006,Low,War-rebuilt town showing resilience and reconstruction,"culture,town,historical,resilience",
134,Poovarasankulam,Nature,Kilinochchi,Kilinochchi,4.9,0,400,9.4167,80.3833,Low,Ancient tank with diverse bird species,"tank,birds,nature,peaceful",
135,Iranamadu Tank,Nature,Kilinochchi,Kilinochchi,4.2,0,500,9.3167,80.35,Low,Large irrigation reservoir with bird watching,"tank,birds,nature,scenic",images/iranamadu_tank.jpg
136,Poovarasankulam,Nature,Kilinochchi,Kilinochchi,4.5,0,400,9.4167,80.3833,Low,Ancient tank with diverse bird species,"tank,birds,nature,peaceful",
137,Kilinochchi Town Center,Cultural,Kilinochchi,Kilinochchi,3.9,100,400,9.3897,80.4006,Low,War-rebuilt town showing resilience and reconstruction,"culture,town,historical,resilience",
138,Poovarasankulam,Nature,Kilinochchi,Kilinochchi,3.5,0,400,9.4167,80.3833,Low,Ancient tank with diverse bird species,"tank,birds,nature,peaceful",
139,Giant Water Tank,Nature,Kilinochchi,Kilinochchi,4.7,0,500,9.35,80.3833,Low,Large ancient irrigation tank with scenic views,"tank,nature,scenic,ancient",
140,Kilinochchi Water Tower,Historical,Kilinochchi,Kilinochchi,3.6,0,300,9.3833,80.4,Low,Iconic water tower damaged in war - symbol of resilience,"tower,war,historical,landmark",
141,Kilinochchi Town Center,Cultural,Kilinochchi,Kilinochchi,3.5,100,400,9.3897,80.4006,Low,War-rebuilt town showing resilience and reconstruction,"culture,town,historical,resilience",
142,Kilinochchi Town Center,Cultural,Kilinochchi,Kilinochchi,4.1,100,400,9.3897,80.4006,Low,War-rebuilt town showing resilience and reconstruction,"culture,town,historical,resilience",
143,Kilinochchi Town Center,Cultural,Kilinochchi,Kilinochchi,3.7,100,400,9.3897,80.4006,Low,War-rebuilt town showing resilience and reconstruction,"culture,town,historical,resilience",
144,Kilinochchi Town Center,Cultural,Kilinochchi,Kilinochchi,4.7,100,400,9.3897,80.4006,Low,War-rebuilt town showing resilience and reconstruction,"culture,town,historical,resilience",
145,Giant Water Tank,Nature,Kilinochchi,Kilinochchi,4,0,500,9.35,80.3833,Low,Large ancient irrigation tank with scenic views,"tank,nature,scenic,ancient",
146,Iranamadu Tank,Nature,Kilinochchi,Kilinochchi,4.6,0,500,9.3167,80.35,Low,Large irrigation reservoir with bird watching,"tank,birds,nature,scenic",images/iranamadu_tank.jpg
147,Iranamadu Tank,Nature,Kilinochchi,Kilinochchi,3.6,0,500,9.3167,80.35,Low,Large irrigation reservoir with bird watching,"tank,birds,nature,scenic",images/iranamadu_tank.jpg
148,Poovarasankulam,Nature,Kilinochchi,Kilinochchi,4.4,0,400,9.4167,80.3833,Low,Ancient tank with diverse bird species,"tank,birds,nature,peaceful",
149,Iranamadu Tank,Nature,Kilinochchi,Kilinochchi,4.1,0,500,9.3167,80.35,Low,Large irrigation reservoir with bird watching,"tank,birds,nature,scenic",images/iranamadu_tank.jpg
150,Poovarasankulam,Nature,Kilinochchi,Kilinochchi,4.9,0,400,9.4167,80.3833,Low,Ancient tank with diverse bird species,"tank,birds,nature,peaceful",
151,Kilinochchi Water Tower,Historical,Kilinochchi,Kilinochchi,3.5,0,300,9.3833,80.4,Low,Iconic water tower damaged in war - symbol of resilience,"tower,war,historical,landmark",
152,Kilinochchi Town Center,Cultural,Kilinochchi,Kilinochchi,4,100,400,9.3897,80.4006,Low,War-rebuilt town showing resilience and reconstruction,"culture,town,historical,resilience",
153,Giant Water Tank,Nature,Kilinochchi,Kilinochchi,4.4,0,500,9.35,80.3833,Low,Large ancient irrigation tank with scenic views,"tank,nature,scenic,ancient",
154,Kilinochchi Town Center,Cultural,Kilinochchi,Kilinochchi,3.9,100,400,9.3897,80.4006,Low,War-rebuilt town showing resilience and reconstruction,"culture,town,historical,resilience",
155,Kilinochchi Water Tower,Historical,Kilinochchi,Kilinochchi,3.2,0,300,9.3833,80.4,Low,Iconic water tower damaged in war - symbol of resilience,"tower,war,historical,landmark",
156,Giant Water Tank,Nature,Kilinochchi,Kilinochchi,3.8,0,500,9.35,80.3833,Low,Large ancient irrigation tank with scenic views,"tank,nature,scenic,ancient",
157,Giant Water Tank,Nature,Kilinochchi,Kilinochchi,3.6,0,500,9.35,80.3833,Low,Large ancient irrigation tank with scenic views,"tank,nature,scenic,ancient",
158,Poovarasankulam,Nature,Kilinochchi,Kilinochchi,3.7,0,400,9.4167,80.3833,Low,Ancient tank with diverse bird species,"tank,birds,nature,peaceful",
159,Poovarasankulam,Nature,Kilinochchi,Kilinochchi,4.1,0,400,9.4167,80.3833,Low,Ancient tank with diverse bird species,"tank,birds,nature,peaceful",
160,Kilinochchi Town Center,Cultural,Kilinochchi,Kilinochchi,5,100,400,9.3897,80.4006,Low,War-rebuilt town showing resilience and reconstruction,"culture,town,historical,resilience",
161,Poovarasankulam,Nature,Kilinochchi,Kilinochchi,3.7,0,400,9.4167,80.3833,Low,Ancient tank with diverse bird species,"tank,birds,nature,peaceful",
162,Kilinochchi Town Center,Cultural,Kilinochchi,Kilinochchi,3.5,100,400,9.3897,80.4006,Low,War-rebuilt town showing resilience and reconstruction,"culture,town,historical,resilience",
163,Iranamadu Tank,Nature,Kilinochchi,Kilinochchi,3.5,0,500,9.3167,80.35,Low,Large irrigation reservoir with bird watching,"tank,birds,nature,scenic",images/iranamadu_tank.jpg
164,Giant Water Tank,Nature,Kilinochchi,Kilinochchi,3.6,0,500,9.35,80.3833,Low,Large ancient irrigation tank with scenic views,"tank,nature,scenic,ancient",
165,Poovarasankulam,Nature,Kilinochchi,Kilinochchi,4.9,0,400,9.4167,80.3833,Low,Ancient tank with diverse bird species,"tank,birds,nature,peaceful",
166,Giant Water Tank,Nature,Kilinochchi,Kilinochchi,3.4,0,500,9.35,80.3833,Low,Large ancient irrigation tank with scenic views,"tank,nature,scenic,ancient",
167,Kilinochchi Town Center,Cultural,Kilinochchi,Kilinochchi,3.6,100,400,9.3897,80.4006,Low,War-rebuilt town showing resilience and reconstruction,"culture,town,historical,resilience",
168,Poovarasankulam,Nature,Kilinochchi,Kilinochchi,5,0,400,9.4167,80.3833,Low,Ancient tank with diverse bird species,"tank,birds,nature,peaceful",
169,Poovarasankulam,Nature,Kilinochchi,Kilinochchi,4.2,0,400,9.4167,80.3833,Low,Ancient tank with diverse bird species,"tank,birds,nature,peaceful",
170,Kilinochchi Water Tower,Historical,Kilinochchi,Kilinochchi,4.7,0,300,9.3833,80.4,Low,Iconic water tower damaged in war - symbol of resilience,"tower,war,historical,landmark",
171,Iranamadu Tank,Nature,Kilinochchi,Kilinochchi,3.5,0,500,9.3167,80.35,Low,Large irrigation reservoir with bird watching,"tank,birds,nature,scenic",images/iranamadu_tank.jpg
172,Giant Water Tank,Nature,Kilinochchi,Kilinochchi,3.6,0,500,9.35,80.3833,Low,Large ancient irrigation tank with scenic views,"tank,nature,scenic,ancient",
173,Poovarasankulam,Nature,Kilinochchi,Kilinochchi,3.3,0,400,9.4167,80.3833,Low,Ancient tank with diverse bird species,"tank,birds,nature,peaceful",
174,Kilinochchi Water Tower,Historical,Kilinochchi,Kilinochchi,4.9,0,300,9.3833,80.4,Low,Iconic water tower damaged in war - symbol of resilience,"tower,war,historical,landmark",
175,Poovarasankulam,Nature,Kilinochchi,Kilinochchi,3.6,0,400,9.4167,80.3833,Low,Ancient tank with diverse bird species,"tank,birds,nature,peaceful",
176,Giant Water Tank,Nature,Kilinochchi,Kilinochchi,4.3,0,500,9.35,80.3833,Low,Large ancient irrigation tank with scenic views,"tank,nature,scenic,ancient",
177,Kilinochchi Town Center,Cultural,Kilinochchi,Kilinochchi,3.2,100,400,9.3897,80.4006,Low,War-rebuilt town showing resilience and reconstruction,"culture,town,historical,resilience",
178,Kilinochchi Water Tower,Historical,Kilinochchi,Kilinochchi,4.1,0,300,9.3833,80.4,Low,Iconic water tower damaged in war - symbol of resilience,"tower,war,historical,landmark",
179,Kilinochchi Town Center,Cultural,Kilinochchi,Kilinochchi,4,100,400,9.3897,80.4006,Low,War-rebuilt town showing resilience and reconstruction,"culture,town,historical,resilience",
180,Iranamadu Tank,Nature,Kilinochchi,Kilinochchi,3.4,0,500,9.3167,80.35,Low,Large irrigation reservoir with bird watching,"tank,birds,nature,scenic",images/iranamadu_tank.jpg
181,Kilinochchi Water Tower,Historical,Kilinochchi,Kilinochchi,3.5,0,300,9.3833,80.4,Low,Iconic water tower damaged in war - symbol of resilience,"tower,war,historical,landmark",
182,Kilinochchi Town Center,Cultural,Kilinochchi,Kilinochchi,3.2,100,400,9.3897,80.4006,Low,War-rebuilt town showing resilience and reconstruction,"culture,town,historical,resilience",
183,Kilinochchi Water Tower,Historical,Kilinochchi,Kilinochchi,3.8,0,300,9.3833,80.4,Low,Iconic water tower damaged in war - symbol of resilience,"tower,war,historical,landmark",
184,Kilinochchi Water Tower,Historical,Kilinochchi,Kilinochchi,4.2,0,300,9.3833,80.4,Low,Iconic water tower damaged in war - symbol of resilience,"tower,war,historical,landmark",
185,Kilinochchi Water Tower,Historical,Kilinochchi,Kilinochchi,3.3,0,300,9.3833,80.4,Low,Iconic water tower damaged in war - symbol of resilience,"tower,war,historical,landmark",
186,Poovarasankulam,Nature,Kilinochchi,Kilinochchi,4.9,0,400,9.4167,80.3833,Low,Ancient tank with diverse bird species,"tank,birds,nature,peaceful",
187,Kilinochchi Water Tower,Historical,Kilinochchi,Kilinochchi,5,0,300,9.3833,80.4,Low,Iconic water tower damaged in war - symbol of resilience,"tower,war,historical,landmark",
188,Kilinochchi Water Tower,Historical,Kilinochchi,Kilinochchi,4.1,0,300,9.3833,80.4,Low,Iconic water tower damaged in war - symbol of resilience,"tower,war,historical,landmark",
189,Kilinochchi Town Center,Cultural,Kilinochchi,Kilinochchi,4.2,100,400,9.3897,80.4006,Low,War-rebuilt town showing resilience and reconstruction,"culture,town,historical,resilience",
190,Poovarasankulam,Nature,Kilinochchi,Kilinochchi,3.5,0,400,9.4167,80.3833,Low,Ancient tank with diverse bird species,"tank,birds,nature,peaceful",
191,Poovarasankulam,Nature,Kilinochchi,Kilinochchi,3.8,0,400,9.4167,80.3833,Low,Ancient tank with diverse bird species,"tank,birds,nature,peaceful",
192,Kilinochchi Town Center,Cultural,Kilinochchi,Kilinochchi,3.6,100,400,9.3897,80.4006,Low,War-rebuilt town showing resilience and reconstruction,"culture,town,historical,resilience",
193,Poovarasankulam,Nature,Kilinochchi,Kilinochchi,5,0,400,9.4167,80.3833,Low,Ancient tank with diverse bird species,"tank,birds,nature,peaceful",
194,Iranamadu Tank,Nature,Kilinochchi,Kilinochchi,4.1,0,500,9.3167,80.35,Low,Large irrigation reservoir with bird watching,"tank,birds,nature,scenic",images/iranamadu_tank.jpg
195,Kilinochchi Water Tower,Historical,Kilinochchi,Kilinochchi,4.2,0,300,9.3833,80.4,Low,Iconic water tower damaged in war - symbol of resilience,"tower,war,historical,landmark",
196,Kilinochchi Water Tower,Historical,Kilinochchi,Kilinochchi,4.9,0,300,9.3833,80.4,Low,Iconic water tower damaged in war - symbol of resilience,"tower,war,historical,landmark",
197,Giant Water Tank,Nature,Kilinochchi,Kilinochchi,4.3,0,500,9.35,80.3833,Low,Large ancient irrigation tank with scenic views,"tank,nature,scenic,ancient",
198,Iranamadu Tank,Nature,Kilinochchi,Kilinochchi,4.3,0,500,9.3167,80.35,Low,Large irrigation reservoir with bird watching,"tank,birds,nature,scenic",images/iranamadu_tank.jpg
199,Giant Water Tank,Nature,Kilinochchi,Kilinochchi,3.5,0,500,9.35,80.3833,Low,Large ancient irrigation tank with scenic views,"tank,nature,scenic,ancient",
200,Poovarasankulam,Nature,Kilinochchi,Kilinochchi,3.2,0,400,9.4167,80.3833,Low,Ancient tank with diverse bird species,"tank,birds,nature,peaceful",
201,Kilinochchi Water Tower,Historical,Kilinochchi,Kilinochchi,3.8,0,300,9.3833,80.4,Low,Iconic water tower damaged in war - symbol of resilience,"tower,war,historical,landmark",
202,Poovarasankulam,Nature,Kilinochchi,Kilinochchi,3.9,0,400,9.4167,80.3833,Low,Ancient tank with diverse bird species,"tank,birds,nature,peaceful",
203,Kilinochchi Water Tower,Historical,Kilinochchi,Kilinochchi,3.5,0,300,9.3833,80.4,Low,Iconic water tower damaged in war - symbol of resilience,"tower,war,historical,landmark",
204,Iranamadu Tank,Nature,Kilinochchi,Kilinochchi,4.4,0,500,9.3167,80.35,Low,Large irrigation reservoir with bird watching,"tank,birds,nature,scenic",images/iranamadu_tank.jpg
205,Kilinochchi Town Center,Cultural,Kilinochchi,Kilinochchi,3.1,100,400,9.3897,80.4006,Low,War-rebuilt town showing resilience and reconstruction,"culture,town,historical,resilience",
206,Giant Water Tank,Nature,Kilinochchi,Kilinochchi,4.8,0,500,9.35,80.3833,Low,Large ancient irrigation tank with scenic views,"tank,nature,scenic,ancient",
207,Poovarasankulam,Nature,Kilinochchi,Kilinochchi,4.3,0,400,9.4167,80.3833,Low,Ancient tank with diverse bird species,"tank,birds,nature,peaceful",
208,Giant Water Tank,Nature,Kilinochchi,Kilinochchi,3.9,0,500,9.35,80.3833,Low,Large ancient irrigation tank with scenic views,"tank,nature,scenic,ancient",
209,Poovarasankulam,Nature,Kilinochchi,Kilinochchi,3.4,0,400,9.4167,80.3833,Low,Ancient tank with diverse bird species,"tank,birds,nature,peaceful",
210,Giant Water Tank,Nature,Kilinochchi,Kilinochchi,4.8,0,500,9.35,80.3833,Low,Large ancient irrigation tank with scenic views,"tank,nature,scenic,ancient",
211,Giant Water Tank,Nature,Kilinochchi,Kilinochchi,3.1,0,500,9.35,80.3833,Low,Large ancient irrigation tank with scenic views,"tank,nature,scenic,ancient",
212,Giant Water Tank,Nature,Kilinochchi,Kilinochchi,4.6,0,500,9.35,80.3833,Low,Large ancient irrigation tank with scenic views,"tank,nature,scenic,ancient",
213,Poovarasankulam,Nature,Kilinochchi,Kilinochchi,4.5,0,400,9.4167,80.3833,Low,Ancient tank with diverse bird species,"tank,birds,nature,peaceful",
214,Poovarasankulam,Nature,Kilinochchi,Kilinochchi,4.8,0,400,9.4167,80.3833,Low,Ancient tank with diverse bird species,"tank,birds,nature,peaceful",
215,Kilinochchi Town Center,Cultural,Kilinochchi,Kilinochchi,3.2,100,400,9.3897,80.4006,Low,War-rebuilt town showing resilience and reconstruction,"culture,town,historical,resilience",
216,Iranamadu Tank,Nature,Kilinochchi,Kilinochchi,4.4,0,500,9.3167,80.35,Low,Large irrigation reservoir with bird watching,"tank,birds,nature,scenic",images/iranamadu_tank.jpg
217,Iranamadu Tank,Nature,Kilinochchi,Kilinochchi,4,0,500,9.3167,80.35,Low,Large irrigation reservoir with bird watching,"tank,birds,nature,scenic",images/iranamadu_tank.jpg
218,Kilinochchi Town Center,Cultural,Kilinochchi,Kilinochchi,3.9,100,400,9.3897,80.4006,Low,War-rebuilt town showing resilience and reconstruction,"culture,town,historical,resilience",
219,Poovarasankulam,Nature,Kilinochchi,Kilinochchi,3.1,0,400,9.4167,80.3833,Low,Ancient tank with diverse bird species,"tank,birds,nature,peaceful",
220,Kilinochchi Town Center,Cultural,Kilinochchi,Kilinochchi,4.5,100,400,9.3897,80.4006,Low,War-rebuilt town showing resilience and reconstruction,"culture,town,historical,resilience",
1,Kurunegala Rock,Nature,Kurunegala,Kurunegala,4.9,200,600,7.4833,80.3667,Low,Iconic rock formations overlooking city,"rock,viewpoint,scenic,nature",
2,Arankele Monastery,Historical,Kurunegala,Kurunegala,4.2,200,700,7.6167,80.3333,Low,Ancient forest monastery with meditation caves,"monastery,ancient,meditation,historical",
3,Panavitiya Ambalama,Historical,Kurunegala,Kurunegala,4.2,0,300,7.4833,80.3667,Low,Ancient rest house with colonial history,"colonial,historical,ancient,culture",
4,Ridi Viharaya,Religious,Kurunegala,Kurunegala,4.4,300,800,7.6167,80.3333,Low,Silver temple with unique architecture,"temple,silver,buddhist,religious",
5,Dambadeniya Ancient Capital,Historical,Kurunegala,Kurunegala,3.5,300,800,7.55,80.1833,Low,Ancient capital of Sri Lanka,"ancient,capital,historical,ruins",
6,Yapahuwa Rock Fortress,Historical,Kurunegala,Kurunegala,3.7,300,1000,7.8167,80.3333,Low,Ancient rock fortress and palace,"fortress,rock,ancient,historical",
7,Kurunegala Rock,Nature,Kurunegala,Kurunegala,3.8,200,600,7.4833,80.3667,Low,Iconic rock formations overlooking city,"rock,viewpoint,scenic,nature",
8,Arankele Monastery,Historical,Kurunegala,Kurunegala,4.4,200,700,7.6167,80.3333,Low,Ancient forest monastery with meditation caves,"monastery,ancient,meditation,historical",
9,Arankele Monastery,Historical,Kurunegala,Kurunegala,4.6,200,700,7.6167,80.3333,Low,Ancient forest monastery with meditation caves,"monastery,ancient,meditation,historical",
10,Ridi Viharaya,Religious,Kurunegala,Kurunegala,4.9,300,800,7.6167,80.3333,Low,Silver temple with unique architecture,"temple,silver,buddhist,religious",
11,Dambadeniya Ancient Capital,Historical,Kurunegala,Kurunegala,4.1,300,800,7.55,80.1833,Low,Ancient capital of Sri Lanka,"ancient,capital,historical,ruins",
12,Yapahuwa Rock Fortress,Historical,Kurunegala,Kurunegala,4.7,300,1000,7.8167,80.3333,Low,Ancient rock fortress and palace,"fortress,rock,ancient,historical",
13,Arankele Monastery,Historical,Kurunegala,Kurunegala,3.6,200,700,7.6167,80.3333,Low,Ancient forest monastery with meditation caves,"monastery,ancient,meditation,historical",
14,Ridi Viharaya,Religious,Kurunegala,Kurunegala,4.3,300,800,7.6167,80.3333,Low,Silver temple with unique architecture,"temple,silver,buddhist,religious",
15,Panavitiya Ambalama,Historical,Kurunegala,Kurunegala,3.2,0,300,7.4833,80.3667,Low,Ancient rest house with colonial history,"colonial,historical,ancient,culture",
16,Arankele Monastery,Historical,Kurunegala,Kurunegala,4,200,700,7.6167,80.3333,Low,Ancient forest monastery with meditation caves,"monastery,ancient,meditation,historical",
17,Panavitiya Ambalama,Historical,Kurunegala,Kurunegala,3.4,0,300,7.4833,80.3667,Low,Ancient rest house with colonial history,"colonial,historical,ancient,culture",
18,Dambadeniya Ancient Capital,Historical,Kurunegala,Kurunegala,3.5,300,800,7.55,80.1833,Low,Ancient capital of Sri Lanka,"ancient,capital,historical,ruins",
19,Yapahuwa Rock Fortress,Historical,Kurunegala,Kurunegala,4.4,300,1000,7.8167,80.3333,Low,Ancient rock fortress and palace,"fortress,rock,ancient,historical",
20,Arankele Monastery,Historical,Kurunegala,Kurunegala,4,200,700,7.6167,80.3333,Low,Ancient forest monastery with meditation caves,"monastery,ancient,meditation,historical",
21,Arankele Monastery,Historical,Kurunegala,Kurunegala,3.5,200,700,7.6167,80.3333,Low,Ancient forest monastery with meditation caves,"monastery,ancient,meditation,historical",
22,Arankele Monastery,Historical,Kurunegala,Kurunegala,4.7,200,700,7.6167,80.3333,Low,Ancient forest monastery with meditation caves,"monastery,ancient,meditation,historical",
23,Arankele Monastery,Historical,Kurunegala,Kurunegala,3.5,200,700,7.6167,80.3333,Low,Ancient forest monastery with meditation caves,"monastery,ancient,meditation,historical",
24,Arankele Monastery,Historical,Kurunegala,Kurunegala,4.7,200,700,7.6167,80.3333,Low,Ancient forest monastery with meditation caves,"monastery,ancient,meditation,historical",
25,Panavitiya Ambalama,Historical,Kurunegala,Kurunegala,3.3,0,300,7.4833,80.3667,Low,Ancient rest house with colonial history,"colonial,historical,ancient,culture",
26,Kurunegala Rock,Nature,Kurunegala,Kurunegala,3.2,200,600,7.4833,80.3667,Low,Iconic rock formations overlooking city,"rock,viewpoint,scenic,nature",
27,Kurunegala Rock,Nature,Kurunegala,Kurunegala,4.4,200,600,7.4833,80.3667,Low,Iconic rock formations overlooking city,"rock,viewpoint,scenic,nature",
28,Yapahuwa Rock Fortress,Historical,Kurunegala,Kurunegala,4,300,1000,7.8167,80.3333,Low,Ancient rock fortress and palace,"fortress,rock,ancient,historical",
29,Kurunegala Rock,Nature,Kurunegala,Kurunegala,4.5,200,600,7.4833,80.3667,Low,Iconic rock formations overlooking city,"rock,viewpoint,scenic,nature",
30,Dambadeniya Ancient Capital,Historical,Kurunegala,Kurunegala,4.9,300,800,7.55,80.1833,Low,Ancient capital of Sri Lanka,"ancient,capital,historical,ruins",
31,Ridi Viharaya,Religious,Kurunegala,Kurunegala,3.7,300,800,7.6167,80.3333,Low,Silver temple with unique architecture,"temple,silver,buddhist,religious",
32,Panavitiya Ambalama,Historical,Kurunegala,Kurunegala,4,0,300,7.4833,80.3667,Low,Ancient rest house with colonial history,"colonial,historical,ancient,culture",
33,Dambadeniya Ancient Capital,Historical,Kurunegala,Kurunegala,4.7,300,800,7.55,80.1833,Low,Ancient capital of Sri Lanka,"ancient,capital,historical,ruins",
34,Ridi Viharaya,Religious,Kurunegala,Kurunegala,3.4,300,800,7.6167,80.3333,Low,Silver temple with unique architecture,"temple,silver,buddhist,religious",
35,Dambadeniya Ancient Capital,Historical,Kurunegala,Kurunegala,3.6,300,800,7.55,80.1833,Low,Ancient capital of Sri Lanka,"ancient,capital,historical,ruins",
36,Arankele Monastery,Historical,Kurunegala,Kurunegala,4.5,200,700,7.6167,80.3333,Low,Ancient forest monastery with meditation caves,"monastery,ancient,meditation,historical",
37,Arankele Monastery,Historical,Kurunegala,Kurunegala,3.1,200,700,7.6167,80.3333,Low,Ancient forest monastery with meditation caves,"monastery,ancient,meditation,historical",
38,Ridi Viharaya,Religious,Kurunegala,Kurunegala,4,300,800,7.6167,80.3333,Low,Silver temple with unique architecture,"temple,silver,buddhist,religious",
39,Dambadeniya Ancient Capital,Historical,Kurunegala,Kurunegala,3.1,300,800,7.55,80.1833,Low,Ancient capital of Sri Lanka,"ancient,capital,historical,ruins",
40,Panavitiya Ambalama,Historical,Kurunegala,Kurunegala,3.8,0,300,7.4833,80.3667,Low,Ancient rest house with colonial history,"colonial,historical,ancient,culture",
41,Yapahuwa Rock Fortress,Historical,Kurunegala,Kurunegala,4.6,300,1000,7.8167,80.3333,Low,Ancient rock fortress and palace,"fortress,rock,ancient,historical",
42,Ridi Viharaya,Religious,Kurunegala,Kurunegala,5,300,800,7.6167,80.3333,Low,Silver temple with unique architecture,"temple,silver,buddhist,religious",
43,Yapahuwa Rock Fortress,Historical,Kurunegala,Kurunegala,4,300,1000,7.8167,80.3333,Low,Ancient rock fortress and palace,"fortress,rock,ancient,historical",
44,Panavitiya Ambalama,Historical,Kurunegala,Kurunegala,4.4,0,300,7.4833,80.3667,Low,Ancient rest house with colonial history,"colonial,historical,ancient,culture",
45,Kurunegala Rock,Nature,Kurunegala,Kurunegala,4.3,200,600,7.4833,80.3667,Low,Iconic rock formations overlooking city,"rock,viewpoint,scenic,nature",
46,Ridi Viharaya,Religious,Kurunegala,Kurunegala,4.2,300,800,7.6167,80.3333,Low,Silver temple with unique architecture,"temple,silver,buddhist,religious",
47,Panavitiya Ambalama,Historical,Kurunegala,Kurunegala,3.7,0,300,7.4833,80.3667,Low,Ancient rest house with colonial history,"colonial,historical,ancient,culture",
48,Panavitiya Ambalama,Historical,Kurunegala,Kurunegala,3.4,0,300,7.4833,80.3667,Low,Ancient rest house with colonial history,"colonial,historical,ancient,culture",
49,Panavitiya Ambalama,Historical,Kurunegala,Kurunegala,3.5,0,300,7.4833,80.3667,Low,Ancient rest house with colonial history,"colonial,historical,ancient,culture",
50,Ridi Viharaya,Religious,Kurunegala,Kurunegala,4.9,300,800,7.6167,80.3333,Low,Silver temple with unique architecture,"temple,silver,buddhist,religious",
51,Panavitiya Ambalama,Historical,Kurunegala,Kurunegala,3.7,0,300,7.4833,80.3667,Low,Ancient rest house with colonial history,"colonial,historical,ancient,culture",
52,Ridi Viharaya,Religious,Kurunegala,Kurunegala,3.8,300,800,7.6167,80.3333,Low,Silver temple with unique architecture,"temple,silver,buddhist,religious",
53,Ridi Viharaya,Religious,Kurunegala,Kurunegala,4.4,300,800,7.6167,80.3333,Low,Silver temple with unique architecture,"temple,silver,buddhist,religious",
54,Panavitiya Ambalama,Historical,Kurunegala,Kurunegala,3.7,0,300,7.4833,80.3667,Low,Ancient rest house with colonial history,"colonial,historical,ancient,culture",
55,Ridi Viharaya,Religious,Kurunegala,Kurunegala,3.6,300,800,7.6167,80.3333,Low,Silver temple with unique architecture,"temple,silver,buddhist,religious",
56,Arankele Monastery,Historical,Kurunegala,Kurunegala,4.1,200,700,7.6167,80.3333,Low,Ancient forest monastery with meditation caves,"monastery,ancient,meditation,historical",
57,Dambadeniya Ancient Capital,Historical,Kurunegala,Kurunegala,4.4,300,800,7.55,80.1833,Low,Ancient capital of Sri Lanka,"ancient,capital,historical,ruins",
58,Kurunegala Rock,Nature,Kurunegala,Kurunegala,4.4,200,600,7.4833,80.3667,Low,Iconic rock formations overlooking city,"rock,viewpoint,scenic,nature",
59,Arankele Monastery,Historical,Kurunegala,Kurunegala,4.1,200,700,7.6167,80.3333,Low,Ancient forest monastery with meditation caves,"monastery,ancient,meditation,historical",
60,Ridi Viharaya,Religious,Kurunegala,Kurunegala,3.4,300,800,7.6167,80.3333,Low,Silver temple with unique architecture,"temple,silver,buddhist,religious",
61,Yapahuwa Rock Fortress,Historical,Kurunegala,Kurunegala,3.3,300,1000,7.8167,80.3333,Low,Ancient rock fortress and palace,"fortress,rock,ancient,historical",
62,Kurunegala Rock,Nature,Kurunegala,Kurunegala,3.4,200,600,7.4833,80.3667,Low,Iconic rock formations overlooking city,"rock,viewpoint,scenic,nature",
63,Ridi Viharaya,Religious,Kurunegala,Kurunegala,3.3,300,800,7.6167,80.3333,Low,Silver temple with unique architecture,"temple,silver,buddhist,religious",
64,Yapahuwa Rock Fortress,Historical,Kurunegala,Kurunegala,4,300,1000,7.8167,80.3333,Low,Ancient rock fortress and palace,"fortress,rock,ancient,historical",
65,Yapahuwa Rock Fortress,Historical,Kurunegala,Kurunegala,3.6,300,1000,7.8167,80.3333,Low,Ancient rock fortress and palace,"fortress,rock,ancient,historical",
66,Ridi Viharaya,Religious,Kurunegala,Kurunegala,3.6,300,800,7.6167,80.3333,Low,Silver temple with unique architecture,"temple,silver,buddhist,religious",
67,Dambadeniya Ancient Capital,Historical,Kurunegala,Kurunegala,4.7,300,800,7.55,80.1833,Low,Ancient capital of Sri Lanka,"ancient,capital,historical,ruins",
68,Kurunegala Rock,Nature,Kurunegala,Kurunegala,3.8,200,600,7.4833,80.3667,Low,Iconic rock formations overlooking city,"rock,viewpoint,scenic,nature",
69,Yapahuwa Rock Fortress,Historical,Kurunegala,Kurunegala,3.3,300,1000,7.8167,80.3333,Low,Ancient rock fortress and palace,"fortress,rock,ancient,historical",
70,Arankele Monastery,Historical,Kurunegala,Kurunegala,4.6,200,700,7.6167,80.3333,Low,Ancient forest monastery with meditation caves,"monastery,ancient,meditation,historical",
71,Ridi Viharaya,Religious,Kurunegala,Kurunegala,4.7,300,800,7.6167,80.3333,Low,Silver temple with unique architecture,"temple,silver,buddhist,religious",
72,Kurunegala Rock,Nature,Kurunegala,Kurunegala,3.9,200,600,7.4833,80.3667,Low,Iconic rock formations overlooking city,"rock,viewpoint,scenic,nature",
73,Panavitiya Ambalama,Historical,Kurunegala,Kurunegala,3.5,0,300,7.4833,80.3667,Low,Ancient rest house with colonial history,"colonial,historical,ancient,culture",
74,Panavitiya Ambalama,Historical,Kurunegala,Kurunegala,4.1,0,300,7.4833,80.3667,Low,Ancient rest house with colonial history,"colonial,historical,ancient,culture",
75,Panavitiya Ambalama,Historical,Kurunegala,Kurunegala,3.7,0,300,7.4833,80.3667,Low,Ancient rest house with colonial history,"colonial,historical,ancient,culture",
76,Ridi Viharaya,Religious,Kurunegala,Kurunegala,3.2,300,800,7.6167,80.3333,Low,Silver temple with unique architecture,"temple,silver,buddhist,religious",
77,Yapahuwa Rock Fortress,Historical,Kurunegala,Kurunegala,4.9,300,1000,7.8167,80.3333,Low,Ancient rock fortress and palace,"fortress,rock,ancient,historical",
78,Arankele Monastery,Historical,Kurunegala,Kurunegala,4.2,200,700,7.6167,80.3333,Low,Ancient forest monastery with meditation caves,"monastery,ancient,meditation,historical",
79,Yapahuwa Rock Fortress,Historical,Kurunegala,Kurunegala,4.3,300,1000,7.8167,80.3333,Low,Ancient rock fortress and palace,"fortress,rock,ancient,historical",
80,Arankele Monastery,Historical,Kurunegala,Kurunegala,5,200,700,7.6167,80.3333,Low,Ancient forest monastery with meditation caves,"monastery,ancient,meditation,historical",
81,Panavitiya Ambalama,Historical,Kurunegala,Kurunegala,3.7,0,300,7.4833,80.3667,Low,Ancient rest house with colonial history,"colonial,historical,ancient,culture",
82,Yapahuwa Rock Fortress,Historical,Kurunegala,Kurunegala,4,300,1000,7.8167,80.3333,Low,Ancient rock fortress and palace,"fortress,rock,ancient,historical",
83,Yapahuwa Rock Fortress,Historical,Kurunegala,Kurunegala,3.9,300,1000,7.8167,80.3333,Low,Ancient rock fortress and palace,"fortress,rock,ancient,historical",
84,Kurunegala Rock,Nature,Kurunegala,Kurunegala,3.8,200,600,7.4833,80.3667,Low,Iconic rock formations overlooking city,"rock,viewpoint,scenic,nature",
85,Panavitiya Ambalama,Historical,Kurunegala,Kurunegala,3.9,0,300,7.4833,80.3667,Low,Ancient rest house with colonial history,"colonial,historical,ancient,culture",
86,Arankele Monastery,Historical,Kurunegala,Kurunegala,4.7,200,700,7.6167,80.3333,Low,Ancient forest monastery with meditation caves,"monastery,ancient,meditation,historical",
87,Yapahuwa Rock Fortress,Historical,Kurunegala,Kurunegala,4.6,300,1000,7.8167,80.3333,Low,Ancient rock fortress and palace,"fortress,rock,ancient,historical",
88,Panavitiya Ambalama,Historical,Kurunegala,Kurunegala,3.8,0,300,7.4833,80.3667,Low,Ancient rest house with colonial history,"colonial,historical,ancient,culture",
89,Dambadeniya Ancient Capital,Historical,Kurunegala,Kurunegala,4.1,300,800,7.55,80.1833,Low,Ancient capital of Sri Lanka,"ancient,capital,historical,ruins",
90,Kurunegala Rock,Nature,Kurunegala,Kurunegala,3.2,200,600,7.4833,80.3667,Low,Iconic rock formations overlooking city,"rock,viewpoint,scenic,nature",
91,Panavitiya Ambalama,Historical,Kurunegala,Kurunegala,3.5,0,300,7.4833,80.3667,Low,Ancient rest house with colonial history,"colonial,historical,ancient,culture",
92,Panavitiya Ambalama,Historical,Kurunegala,Kurunegala,4.3,0,300,7.4833,80.3667,Low,Ancient rest house with colonial history,"colonial,historical,ancient,culture",
93,Yapahuwa Rock Fortress,Historical,Kurunegala,Kurunegala,3.5,300,1000,7.8167,80.3333,Low,Ancient rock fortress and palace,"fortress,rock,ancient,historical",
94,Yapahuwa Rock Fortress,Historical,Kurunegala,Kurunegala,3.8,300,1000,7.8167,80.3333,Low,Ancient rock fortress and palace,"fortress,rock,ancient,historical",
95,Ridi Viharaya,Religious,Kurunegala,Kurunegala,4.6,300,800,7.6167,80.3333,Low,Silver temple with unique architecture,"temple,silver,buddhist,religious",
96,Panavitiya Ambalama,Historical,Kurunegala,Kurunegala,4.5,0,300,7.4833,80.3667,Low,Ancient rest house with colonial history,"colonial,historical,ancient,culture",
97,Dambadeniya Ancient Capital,Historical,Kurunegala,Kurunegala,4.9,300,800,7.55,80.1833,Low,Ancient capital of Sri Lanka,"ancient,capital,historical,ruins",
98,Ridi Viharaya,Religious,Kurunegala,Kurunegala,3.3,300,800,7.6167,80.3333,Low,Silver temple with unique architecture,"temple,silver,buddhist,religious",
99,Kurunegala Rock,Nature,Kurunegala,Kurunegala,3.3,200,600,7.4833,80.3667,Low,Iconic rock formations overlooking city,"rock,viewpoint,scenic,nature",
100,Arankele Monastery,Historical,Kurunegala,Kurunegala,4.3,200,700,7.6167,80.3333,Low,Ancient forest monastery with meditation caves,"monastery,ancient,meditation,historical",
101,Yapahuwa Rock Fortress,Historical,Kurunegala,Kurunegala,4.4,300,1000,7.8167,80.3333,Low,Ancient rock fortress and palace,"fortress,rock,ancient,historical",
102,Kurunegala Rock,Nature,Kurunegala,Kurunegala,3.4,200,600,7.4833,80.3667,Low,Iconic rock formations overlooking city,"rock,viewpoint,scenic,nature",
103,Ridi Viharaya,Religious,Kurunegala,Kurunegala,3.2,300,800,7.6167,80.3333,Low,Silver temple with unique architecture,"temple,silver,buddhist,religious",
104,Kurunegala Rock,Nature,Kurunegala,Kurunegala,4.9,200,600,7.4833,80.3667,Low,Iconic rock formations overlooking city,"rock,viewpoint,scenic,nature",
105,Ridi Viharaya,Religious,Kurunegala,Kurunegala,4.1,300,800,7.6167,80.3333,Low,Silver temple with unique architecture,"temple,silver,buddhist,religious",
106,Kurunegala Rock,Nature,Kurunegala,Kurunegala,4.5,200,600,7.4833,80.3667,Low,Iconic rock formations overlooking city,"rock,viewpoint,scenic,nature",
107,Dambadeniya Ancient Capital,Historical,Kurunegala,Kurunegala,4.5,300,800,7.55,80.1833,Low,Ancient capital of Sri Lanka,"ancient,capital,historical,ruins",
108,Kurunegala Rock,Nature,Kurunegala,Kurunegala,3.2,200,600,7.4833,80.3667,Low,Iconic rock formations overlooking city,"rock,viewpoint,scenic,nature",
109,Dambadeniya Ancient Capital,Historical,Kurunegala,Kurunegala,3.3,300,800,7.55,80.1833,Low,Ancient capital of Sri Lanka,"ancient,capital,historical,ruins",
110,Yapahuwa Rock Fortress,Historical,Kurunegala,Kurunegala,4.9,300,1000,7.8167,80.3333,Low,Ancient rock fortress and palace,"fortress,rock,ancient,historical",
111,Ridi Viharaya,Religious,Kurunegala,Kurunegala,3.6,300,800,7.6167,80.3333,Low,Silver temple with unique architecture,"temple,silver,buddhist,religious",
112,Arankele Monastery,Historical,Kurunegala,Kurunegala,4.5,200,700,7.6167,80.3333,Low,Ancient forest monastery with meditation caves,"monastery,ancient,meditation,historical",
113,Ridi Viharaya,Religious,Kurunegala,Kurunegala,4.3,300,800,7.6167,80.3333,Low,Silver temple with unique architecture,"temple,silver,buddhist,religious",
114,Arankele Monastery,Historical,Kurunegala,Kurunegala,4.1,200,700,7.6167,80.3333,Low,Ancient forest monastery with meditation caves,"monastery,ancient,meditation,historical",
115,Arankele Monastery,Historical,Kurunegala,Kurunegala,3.1,200,700,7.6167,80.3333,Low,Ancient forest monastery with meditation caves,"monastery,ancient,meditation,historical",
116,Yapahuwa Rock Fortress,Historical,Kurunegala,Kurunegala,3.7,300,1000,7.8167,80.3333,Low,Ancient rock fortress and palace,"fortress,rock,ancient,historical",
117,Panavitiya Ambalama,Historical,Kurunegala,Kurunegala,4.7,0,300,7.4833,80.3667,Low,Ancient rest house with colonial history,"colonial,historical,ancient,culture",
118,Ridi Viharaya,Religious,Kurunegala,Kurunegala,4.9,300,800,7.6167,80.3333,Low,Silver temple with unique architecture,"temple,silver,buddhist,religious",
119,Dambadeniya Ancient Capital,Historical,Kurunegala,Kurunegala,4.9,300,800,7.55,80.1833,Low,Ancient capital of Sri Lanka,"ancient,capital,historical,ruins",
120,Dambadeniya Ancient Capital,Historical,Kurunegala,Kurunegala,3.9,300,800,7.55,80.1833,Low,Ancient capital of Sri Lanka,"ancient,capital,historical,ruins",
121,Yapahuwa Rock Fortress,Historical,Kurunegala,Kurunegala,4.1,300,1000,7.8167,80.3333,Low,Ancient rock fortress and palace,"fortress,rock,ancient,historical",
122,Dambadeniya Ancient Capital,Historical,Kurunegala,Kurunegala,4.2,300,800,7.55,80.1833,Low,Ancient capital of Sri Lanka,"ancient,capital,historical,ruins",
123,Yapahuwa Rock Fortress,Historical,Kurunegala,Kurunegala,4.5,300,1000,7.8167,80.3333,Low,Ancient rock fortress and palace,"fortress,rock,ancient,historical",
124,Dambadeniya Ancient Capital,Historical,Kurunegala,Kurunegala,3.9,300,800,7.55,80.1833,Low,Ancient capital of Sri Lanka,"ancient,capital,historical,ruins",
125,Yapahuwa Rock Fortress,Historical,Kurunegala,Kurunegala,4.3,300,1000,7.8167,80.3333,Low,Ancient rock fortress and palace,"fortress,rock,ancient,historical",
126,Panavitiya Ambalama,Historical,Kurunegala,Kurunegala,4.8,0,300,7.4833,80.3667,Low,Ancient rest house with colonial history,"colonial,historical,ancient,culture",
127,Ridi Viharaya,Religious,Kurunegala,Kurunegala,4.1,300,800,7.6167,80.3333,Low,Silver temple with unique architecture,"temple,silver,buddhist,religious",
128,Kurunegala Rock,Nature,Kurunegala,Kurunegala,3.9,200,600,7.4833,80.3667,Low,Iconic rock formations overlooking city,"rock,viewpoint,scenic,nature",
129,Panavitiya Ambalama,Historical,Kurunegala,Kurunegala,3.8,0,300,7.4833,80.3667,Low,Ancient rest house with colonial history,"colonial,historical,ancient,culture",
130,Arankele Monastery,Historical,Kurunegala,Kurunegala,3.6,200,700,7.6167,80.3333,Low,Ancient forest monastery with meditation caves,"monastery,ancient,meditation,historical",
131,Kurunegala Rock,Nature,Kurunegala,Kurunegala,4,200,600,7.4833,80.3667,Low,Iconic rock formations overlooking city,"rock,viewpoint,scenic,nature",
132,Arankele Monastery,Historical,Kurunegala,Kurunegala,3.7,200,700,7.6167,80.3333,Low,Ancient forest monastery with meditation caves,"monastery,ancient,meditation,historical",
133,Ridi Viharaya,Religious,Kurunegala,Kurunegala,4.1,300,800,7.6167,80.3333,Low,Silver temple with unique architecture,"temple,silver,buddhist,religious",
134,Yapahuwa Rock Fortress,Historical,Kurunegala,Kurunegala,4.8,300,1000,7.8167,80.3333,Low,Ancient rock fortress and palace,"fortress,rock,ancient,historical",
135,Ridi Viharaya,Religious,Kurunegala,Kurunegala,3.6,300,800,7.6167,80.3333,Low,Silver temple with unique architecture,"temple,silver,buddhist,religious",
136,Ridi Viharaya,Religious,Kurunegala,Kurunegala,4.6,300,800,7.6167,80.3333,Low,Silver temple with unique architecture,"temple,silver,buddhist,religious",
137,Dambadeniya Ancient Capital,Historical,Kurunegala,Kurunegala,3.5,300,800,7.55,80.1833,Low,Ancient capital of Sri Lanka,"ancient,capital,historical,ruins",
138,Kurunegala Rock,Nature,Kurunegala,Kurunegala,4.1,200,600,7.4833,80.3667,Low,Iconic rock formations overlooking city,"rock,viewpoint,scenic,nature",
139,Arankele Monastery,Historical,Kurunegala,Kurunegala,3.8,200,700,7.6167,80.3333,Low,Ancient forest monastery with meditation caves,"monastery,ancient,meditation,historical",
140,Dambadeniya Ancient Capital,Historical,Kurunegala,Kurunegala,3.9,300,800,7.55,80.1833,Low,Ancient capital of Sri Lanka,"ancient,capital,historical,ruins",
141,Arankele Monastery,Historical,Kurunegala,Kurunegala,3.3,200,700,7.6167,80.3333,Low,Ancient forest monastery with meditation caves,"monastery,ancient,meditation,historical",
142,Yapahuwa Rock Fortress,Historical,Kurunegala,Kurunegala,4.3,300,1000,7.8167,80.3333,Low,Ancient rock fortress and palace,"fortress,rock,ancient,historical",
143,Ridi Viharaya,Religious,Kurunegala,Kurunegala,3.4,300,800,7.6167,80.3333,Low,Silver temple with unique architecture,"temple,silver,buddhist,religious",
144,Kurunegala Rock,Nature,Kurunegala,Kurunegala,3.8,200,600,7.4833,80.3667,Low,Iconic rock formations overlooking city,"rock,viewpoint,scenic,nature",
145,Arankele Monastery,Historical,Kurunegala,Kurunegala,4,200,700,7.6167,80.3333,Low,Ancient forest monastery with meditation caves,"monastery,ancient,meditation,historical",
146,Dambadeniya Ancient Capital,Historical,Kurunegala,Kurunegala,4.6,300,800,7.55,80.1833,Low,Ancient capital of Sri Lanka,"ancient,capital,historical,ruins",
147,Yapahuwa Rock Fortress,Historical,Kurunegala,Kurunegala,3.5,300,1000,7.8167,80.3333,Low,Ancient rock fortress and palace,"fortress,rock,ancient,historical",
148,Yapahuwa Rock Fortress,Historical,Kurunegala,Kurunegala,4.5,300,1000,7.8167,80.3333,Low,Ancient rock fortress and palace,"fortress,rock,ancient,historical",
149,Panavitiya Ambalama,Historical,Kurunegala,Kurunegala,3.8,0,300,7.4833,80.3667,Low,Ancient rest house with colonial history,"colonial,historical,ancient,culture",
150,Kurunegala Rock,Nature,Kurunegala,Kurunegala,3.4,200,600,7.4833,80.3667,Low,Iconic rock formations overlooking city,"rock,viewpoint,scenic,nature",
151,Panavitiya Ambalama,Historical,Kurunegala,Kurunegala,3.2,0,300,7.4833,80.3667,Low,Ancient rest house with colonial history,"colonial,historical,ancient,culture",
152,Ridi Viharaya,Religious,Kurunegala,Kurunegala,4.2,300,800,7.6167,80.3333,Low,Silver temple with unique architecture,"temple,silver,buddhist,religious",
153,Panavitiya Ambalama,Historical,Kurunegala,Kurunegala,4.4,0,300,7.4833,80.3667,Low,Ancient rest house with colonial history,"colonial,historical,ancient,culture",
154,Ridi Viharaya,Religious,Kurunegala,Kurunegala,3.4,300,800,7.6167,80.3333,Low,Silver temple with unique architecture,"temple,silver,buddhist,religious",
155,Kurunegala Rock,Nature,Kurunegala,Kurunegala,3.3,200,600,7.4833,80.3667,Low,Iconic rock formations overlooking city,"rock,viewpoint,scenic,nature",
156,Dambadeniya Ancient Capital,Historical,Kurunegala,Kurunegala,3,300,800,7.55,80.1833,Low,Ancient capital of Sri Lanka,"ancient,capital,historical,ruins",
157,Kurunegala Rock,Nature,Kurunegala,Kurunegala,3.6,200,600,7.4833,80.3667,Low,Iconic rock formations overlooking city,"rock,viewpoint,scenic,nature",
158,Arankele Monastery,Historical,Kurunegala,Kurunegala,4.4,200,700,7.6167,80.3333,Low,Ancient forest monastery with meditation caves,"monastery,ancient,meditation,historical",
159,Yapahuwa Rock Fortress,Historical,Kurunegala,Kurunegala,3,300,1000,7.8167,80.3333,Low,Ancient rock fortress and palace,"fortress,rock,ancient,historical",
160,Kurunegala Rock,Nature,Kurunegala,Kurunegala,3.3,200,600,7.4833,80.3667,Low,Iconic rock formations overlooking city,"rock,viewpoint,scenic,nature",
161,Ridi Viharaya,Religious,Kurunegala,Kurunegala,3.4,300,800,7.6167,80.3333,Low,Silver temple with unique architecture,"temple,silver,buddhist,religious",
162,Ridi Viharaya,Religious,Kurunegala,Kurunegala,3.6,300,800,7.6167,80.3333,Low,Silver temple with unique architecture,"temple,silver,buddhist,religious",
163,Ridi Viharaya,Religious,Kurunegala,Kurunegala,5,300,800,7.6167,80.3333,Low,Silver temple with unique architecture,"temple,silver,buddhist,religious",
164,Ridi Viharaya,Religious,Kurunegala,Kurunegala,4.4,300,800,7.6167,80.3333,Low,Silver temple with unique architecture,"temple,silver,buddhist,religious",
165,Kurunegala Rock,Nature,Kurunegala,Kurunegala,3.7,200,600,7.4833,80.3667,Low,Iconic rock formations overlooking city,"rock,viewpoint,scenic,nature",
166,Arankele Monastery,Historical,Kurunegala,Kurunegala,3.1,200,700,7.6167,80.3333,Low,Ancient forest monastery with meditation caves,"monastery,ancient,meditation,historical",
167,Ridi Viharaya,Religious,Kurunegala,Kurunegala,3.1,300,800,7.6167,80.3333,Low,Silver temple with unique architecture,"temple,silver,buddhist,religious",
168,Ridi Viharaya,Religious,Kurunegala,Kurunegala,3.4,300,800,7.6167,80.3333,Low,Silver temple with unique architecture,"temple,silver,buddhist,religious",
169,Panavitiya Ambalama,Historical,Kurunegala,Kurunegala,4.6,0,300,7.4833,80.3667,Low,Ancient rest house with colonial history,"colonial,historical,ancient,culture",
170,Kurunegala Rock,Nature,Kurunegala,Kurunegala,3.2,200,600,7.4833,80.3667,Low,Iconic rock formations overlooking city,"rock,viewpoint,scenic,nature",
171,Yapahuwa Rock Fortress,Historical,Kurunegala,Kurunegala,3.5,300,1000,7.8167,80.3333,Low,Ancient rock fortress and palace,"fortress,rock,ancient,historical",
172,Ridi Viharaya,Religious,Kurunegala,Kurunegala,3.5,300,800,7.6167,80.3333,Low,Silver temple with unique architecture,"temple,silver,buddhist,religious",
173,Kurunegala Rock,Nature,Kurunegala,Kurunegala,3.4,200,600,7.4833,80.3667,Low,Iconic rock formations overlooking city,"rock,viewpoint,scenic,nature",
174,Yapahuwa Rock Fortress,Historical,Kurunegala,Kurunegala,4.5,300,1000,7.8167,80.3333,Low,Ancient rock fortress and palace,"fortress,rock,ancient,historical",
175,Dambadeniya Ancient Capital,Historical,Kurunegala,Kurunegala,4.3,300,800,7.55,80.1833,Low,Ancient capital of Sri Lanka,"ancient,capital,historical,ruins",
176,Arankele Monastery,Historical,Kurunegala,Kurunegala,3.9,200,700,7.6167,80.3333,Low,Ancient forest monastery with meditation caves,"monastery,ancient,meditation,historical",
177,Yapahuwa Rock Fortress,Historical,Kurunegala,Kurunegala,4.9,300,1000,7.8167,80.3333,Low,Ancient rock fortress and palace,"fortress,rock,ancient,historical",
178,Panavitiya Ambalama,Historical,Kurunegala,Kurunegala,3.3,0,300,7.4833,80.3667,Low,Ancient rest house with colonial history,"colonial,historical,ancient,culture",
179,Yapahuwa Rock Fortress,Historical,Kurunegala,Kurunegala,3.1,300,1000,7.8167,80.3333,Low,Ancient rock fortress and palace,"fortress,rock,ancient,historical",
180,Dambadeniya Ancient Capital,Historical,Kurunegala,Kurunegala,4,300,800,7.55,80.1833,Low,Ancient capital of Sri Lanka,"ancient,capital,historical,ruins",
181,Panavitiya Ambalama,Historical,Kurunegala,Kurunegala,4,0,300,7.4833,80.3667,Low,Ancient rest house with colonial history,"colonial,historical,ancient,culture",
182,Panavitiya Ambalama,Historical,Kurunegala,Kurunegala,3.4,0,300,7.4833,80.3667,Low,Ancient rest house with colonial history,"colonial,historical,ancient,culture",
183,Kurunegala Rock,Nature,Kurunegala,Kurunegala,4.7,200,600,7.4833,80.3667,Low,Iconic rock formations overlooking city,"rock,viewpoint,scenic,nature",
184,Arankele Monastery,Historical,Kurunegala,Kurunegala,4.9,200,700,7.6167,80.3333,Low,Ancient forest monastery with meditation caves,"monastery,ancient,meditation,historical",
185,Arankele Monastery,Historical,Kurunegala,Kurunegala,4.3,200,700,7.6167,80.3333,Low,Ancient forest monastery with meditation caves,"monastery,ancient,meditation,historical",
186,Panavitiya Ambalama,Historical,Kurunegala,Kurunegala,3,0,300,7.4833,80.3667,Low,Ancient rest house with colonial history,"colonial,historical,ancient,culture",
187,Panavitiya Ambalama,Historical,Kurunegala,Kurunegala,4.2,0,300,7.4833,80.3667,Low,Ancient rest house with colonial history,"colonial,historical,ancient,culture",
188,Ridi Viharaya,Religious,Kurunegala,Kurunegala,4.6,300,800,7.6167,80.3333,Low,Silver temple with unique architecture,"temple,silver,buddhist,religious",
189,Kurunegala Rock,Nature,Kurunegala,Kurunegala,4.9,200,600,7.4833,80.3667,Low,Iconic rock formations overlooking city,"rock,viewpoint,scenic,nature",
190,Dambadeniya Ancient Capital,Historical,Kurunegala,Kurunegala,4.6,300,800,7.55,80.1833,Low,Ancient capital of Sri Lanka,"ancient,capital,historical,ruins",
191,Ridi Viharaya,Religious,Kurunegala,Kurunegala,4.4,300,800,7.6167,80.3333,Low,Silver temple with unique architecture,"temple,silver,buddhist,religious",
192,Arankele Monastery,Historical,Kurunegala,Kurunegala,3.7,200,700,7.6167,80.3333,Low,Ancient forest monastery with meditation caves,"monastery,ancient,meditation,historical",
193,Kurunegala Rock,Nature,Kurunegala,Kurunegala,3.5,200,600,7.4833,80.3667,Low,Iconic rock formations overlooking city,"rock,viewpoint,scenic,nature",
194,Ridi Viharaya,Religious,Kurunegala,Kurunegala,3.2,300,800,7.6167,80.3333,Low,Silver temple with unique architecture,"temple,silver,buddhist,religious",
195,Dambadeniya Ancient Capital,Historical,Kurunegala,Kurunegala,3.7,300,800,7.55,80.1833,Low,Ancient capital of Sri Lanka,"ancient,capital,historical,ruins",
196,Yapahuwa Rock Fortress,Historical,Kurunegala,Kurunegala,3.1,300,1000,7.8167,80.3333,Low,Ancient rock fortress and palace,"fortress,rock,ancient,historical",
197,Panavitiya Ambalama,Historical,Kurunegala,Kurunegala,4.3,0,300,7.4833,80.3667,Low,Ancient rest house with colonial history,"colonial,historical,ancient,culture",
198,Yapahuwa Rock Fortress,Historical,Kurunegala,Kurunegala,4.1,300,1000,7.8167,80.3333,Low,Ancient rock fortress and palace,"fortress,rock,ancient,historical",
199,Kurunegala Rock,Nature,Kurunegala,Kurunegala,3.3,200,600,7.4833,80.3667,Low,Iconic rock formations overlooking city,"rock,viewpoint,scenic,nature",
200,Arankele Monastery,Historical,Kurunegala,Kurunegala,3.6,200,700,7.6167,80.3333,Low,Ancient forest monastery with meditation caves,"monastery,ancient,meditation,historical",
201,Dambadeniya Ancient Capital,Historical,Kurunegala,Kurunegala,4.6,300,800,7.55,80.1833,Low,Ancient capital of Sri Lanka,"ancient,capital,historical,ruins",
202,Panavitiya Ambalama,Historical,Kurunegala,Kurunegala,4.6,0,300,7.4833,80.3667,Low,Ancient rest house with colonial history,"colonial,historical,ancient,culture",
203,Ridi Viharaya,Religious,Kurunegala,Kurunegala,4.5,300,800,7.6167,80.3333,Low,Silver temple with unique architecture,"temple,silver,buddhist,religious",
204,Kurunegala Rock,Nature,Kurunegala,Kurunegala,4.4,200,600,7.4833,80.3667,Low,Iconic rock formations overlooking city,"rock,viewpoint,scenic,nature",
205,Panavitiya Ambalama,Historical,Kurunegala,Kurunegala,4.4,0,300,7.4833,80.3667,Low,Ancient rest house with colonial history,"colonial,historical,ancient,culture",
206,Panavitiya Ambalama,Historical,Kurunegala,Kurunegala,4.8,0,300,7.4833,80.3667,Low,Ancient rest house with colonial history,"colonial,historical,ancient,culture",
207,Ridi Viharaya,Religious,Kurunegala,Kurunegala,4.4,300,800,7.6167,80.3333,Low,Silver temple with unique architecture,"temple,silver,buddhist,religious",
208,Dambadeniya Ancient Capital,Historical,Kurunegala,Kurunegala,3.6,300,800,7.55,80.1833,Low,Ancient capital of Sri Lanka,"ancient,capital,historical,ruins",
209,Yapahuwa Rock Fortress,Historical,Kurunegala,Kurunegala,4,300,1000,7.8167,80.3333,Low,Ancient rock fortress and palace,"fortress,rock,ancient,historical",
210,Dambadeniya Ancient Capital,Historical,Kurunegala,Kurunegala,3.4,300,800,7.55,80.1833,Low,Ancient capital of Sri Lanka,"ancient,capital,historical,ruins",
211,Panavitiya Ambalama,Historical,Kurunegala,Kurunegala,3.6,0,300,7.4833,80.3667,Low,Ancient rest house with colonial history,"colonial,historical,ancient,culture",
212,Ridi Viharaya,Religious,Kurunegala,Kurunegala,3.6,300,800,7.6167,80.3333,Low,Silver temple with unique architecture,"temple,silver,buddhist,religious",
213,Dambadeniya Ancient Capital,Historical,Kurunegala,Kurunegala,4.8,300,800,7.55,80.1833,Low,Ancient capital of Sri Lanka,"ancient,capital,historical,ruins",
214,Dambadeniya Ancient Capital,Historical,Kurunegala,Kurunegala,3.3,300,800,7.55,80.1833,Low,Ancient capital of Sri Lanka,"ancient,capital,historical,ruins",
215,Dambadeniya Ancient Capital,Historical,Kurunegala,Kurunegala,3.3,300,800,7.55,80.1833,Low,Ancient capital of Sri Lanka,"ancient,capital,historical,ruins",
216,Panavitiya Ambalama,Historical,Kurunegala,Kurunegala,4.6,0,300,7.4833,80.3667,Low,Ancient rest house with colonial history,"colonial,historical,ancient,culture",
217,Dambadeniya Ancient Capital,Historical,Kurunegala,Kurunegala,3.7,300,800,7.55,80.1833,Low,Ancient capital of Sri Lanka,"ancient,capital,historical,ruins",
218,Kurunegala Rock,Nature,Kurunegala,Kurunegala,4.6,200,600,7.4833,80.3667,Low,Iconic rock formations overlooking city,"rock,viewpoint,scenic,nature",
219,Dambadeniya Ancient Capital,Historical,Kurunegala,Kurunegala,3.8,300,800,7.55,80.1833,Low,Ancient capital of Sri Lanka,"ancient,capital,historical,ruins",
220,Arankele Monastery,Historical,Kurunegala,Kurunegala,4.8,200,700,7.6167,80.3333,Low,Ancient forest monastery with meditation caves,"monastery,ancient,meditation,historical",
1,Mannar Fort,Historical,Mannar,Mannar,4.4,0,500,8.98,79.9044,Low,16th century Portuguese fort on Mannar Island,"fort,portuguese,historical,colonial",images/mannar_fort.jpg
2,Baobab Tree,Nature,Mannar,Mannar,3.5,0,300,8.9833,79.9167,Low,Oldest and largest baobab tree in Asia - 700 years old,"baobab,tree,ancient,unique,nature",
3,Adam's Bridge,Nature,Mannar,Mannar,3.8,500,1500,9.1,79.85,Low,Chain of limestone shoals connecting Sri Lanka to India,"bridge,geological,scenic,unique",
4,Mannar Bird Sanctuary,Wildlife,Mannar,Mannar,4.5,500,1500,8.9667,79.9,Medium,Important migratory bird sanctuary with flamingos,"birds,flamingo,migratory,wildlife",
5,Thiruketheeswaram Temple,Religious,Mannar,Mannar,4.8,0,500,8.9833,79.8833,Low,Ancient Hindu temple near Mannar town,"temple,hindu,ancient,religious",
6,Vankalai Sanctuary,Wildlife,Mannar,Mannar,4.4,500,1500,9.0833,79.8333,Medium,Ramsar wetland with diverse bird species,"wetland,birds,wildlife,ramsar",
7,Mannar Fort,Historical,Mannar,Mannar,5,0,500,8.98,79.9044,Low,16th century Portuguese fort on Mannar Island,"fort,portuguese,historical,colonial",images/mannar_fort.jpg
8,Vankalai Sanctuary,Wildlife,Mannar,Mannar,4.6,500,1500,9.0833,79.8333,Medium,Ramsar wetland with diverse bird species,"wetland,birds,wildlife,ramsar",
9,Thiruketheeswaram Temple,Religious,Mannar,Mannar,3.1,0,500,8.9833,79.8833,Low,Ancient Hindu temple near Mannar town,"temple,hindu,ancient,religious",
10,Baobab Tree,Nature,Mannar,Mannar,3.9,0,300,8.9833,79.9167,Low,Oldest and largest baobab tree in Asia - 700 years old,"baobab,tree,ancient,unique,nature",
11,Vankalai Sanctuary,Wildlife,Mannar,Mannar,3.9,500,1500,9.0833,79.8333,Medium,Ramsar wetland with diverse bird species,"wetland,birds,wildlife,ramsar",
12,Adam's Bridge,Nature,Mannar,Mannar,3.4,500,1500,9.1,79.85,Low,Chain of limestone shoals connecting Sri Lanka to India,"bridge,geological,scenic,unique",
13,Thiruketheeswaram Temple,Religious,Mannar,Mannar,3.9,0,500,8.9833,79.8833,Low,Ancient Hindu temple near Mannar town,"temple,hindu,ancient,religious",
14,Mannar Bird Sanctuary,Wildlife,Mannar,Mannar,4.9,500,1500,8.9667,79.9,Medium,Important migratory bird sanctuary with flamingos,"birds,flamingo,migratory,wildlife",
15,Mannar Bird Sanctuary,Wildlife,Mannar,Mannar,3.7,500,1500,8.9667,79.9,Medium,Important migratory bird sanctuary with flamingos,"birds,flamingo,migratory,wildlife",
16,Adam's Bridge,Nature,Mannar,Mannar,3.6,500,1500,9.1,79.85,Low,Chain of limestone shoals connecting Sri Lanka to India,"bridge,geological,scenic,unique",
17,Mannar Fort,Historical,Mannar,Mannar,4.7,0,500,8.98,79.9044,Low,16th century Portuguese fort on Mannar Island,"fort,portuguese,historical,colonial",images/mannar_fort.jpg
18,Adam's Bridge,Nature,Mannar,Mannar,3.8,500,1500,9.1,79.85,Low,Chain of limestone shoals connecting Sri Lanka to India,"bridge,geological,scenic,unique",
19,Mannar Bird Sanctuary,Wildlife,Mannar,Mannar,3.6,500,1500,8.9667,79.9,Medium,Important migratory bird sanctuary with flamingos,"birds,flamingo,migratory,wildlife",
20,Mannar Bird Sanctuary,Wildlife,Mannar,Mannar,4.6,500,1500,8.9667,79.9,Medium,Important migratory bird sanctuary with flamingos,"birds,flamingo,migratory,wildlife",
21,Thiruketheeswaram Temple,Religious,Mannar,Mannar,3.1,0,500,8.9833,79.8833,Low,Ancient Hindu temple near Mannar town,"temple,hindu,ancient,religious",
22,Mannar Fort,Historical,Mannar,Mannar,3.6,0,500,8.98,79.9044,Low,16th century Portuguese fort on Mannar Island,"fort,portuguese,historical,colonial",images/mannar_fort.jpg
23,Adam's Bridge,Nature,Mannar,Mannar,3.2,500,1500,9.1,79.85,Low,Chain of limestone shoals connecting Sri Lanka to India,"bridge,geological,scenic,unique",
24,Mannar Bird Sanctuary,Wildlife,Mannar,Mannar,4.7,500,1500,8.9667,79.9,Medium,Important migratory bird sanctuary with flamingos,"birds,flamingo,migratory,wildlife",
25,Mannar Fort,Historical,Mannar,Mannar,4.3,0,500,8.98,79.9044,Low,16th century Portuguese fort on Mannar Island,"fort,portuguese,historical,colonial",images/mannar_fort.jpg
26,Thiruketheeswaram Temple,Religious,Mannar,Mannar,3.9,0,500,8.9833,79.8833,Low,Ancient Hindu temple near Mannar town,"temple,hindu,ancient,religious",
27,Mannar Fort,Historical,Mannar,Mannar,3.4,0,500,8.98,79.9044,Low,16th century Portuguese fort on Mannar Island,"fort,portuguese,historical,colonial",images/mannar_fort.jpg
28,Adam's Bridge,Nature,Mannar,Mannar,4.2,500,1500,9.1,79.85,Low,Chain of limestone shoals connecting Sri Lanka to India,"bridge,geological,scenic,unique",
29,Mannar Bird Sanctuary,Wildlife,Mannar,Mannar,4.3,500,1500,8.9667,79.9,Medium,Important migratory bird sanctuary with flamingos,"birds,flamingo,migratory,wildlife",
30,Mannar Fort,Historical,Mannar,Mannar,3.4,0,500,8.98,79.9044,Low,16th century Portuguese fort on Mannar Island,"fort,portuguese,historical,colonial",images/mannar_fort.jpg
31,Thiruketheeswaram Temple,Religious,Mannar,Mannar,3.3,0,500,8.9833,79.8833,Low,Ancient Hindu temple near Mannar town,"temple,hindu,ancient,religious",
32,Adam's Bridge,Nature,Mannar,Mannar,3.9,500,1500,9.1,79.85,Low,Chain of limestone shoals connecting Sri Lanka to India,"bridge,geological,scenic,unique",
33,Vankalai Sanctuary,Wildlife,Mannar,Mannar,4,500,1500,9.0833,79.8333,Medium,Ramsar wetland with diverse bird species,"wetland,birds,wildlife,ramsar",
34,Mannar Fort,Historical,Mannar,Mannar,4.9,0,500,8.98,79.9044,Low,16th century Portuguese fort on Mannar Island,"fort,portuguese,historical,colonial",images/mannar_fort.jpg
35,Thiruketheeswaram Temple,Religious,Mannar,Mannar,4.6,0,500,8.9833,79.8833,Low,Ancient Hindu temple near Mannar town,"temple,hindu,ancient,religious",
36,Vankalai Sanctuary,Wildlife,Mannar,Mannar,3.3,500,1500,9.0833,79.8333,Medium,Ramsar wetland with diverse bird species,"wetland,birds,wildlife,ramsar",
37,Thiruketheeswaram Temple,Religious,Mannar,Mannar,3,0,500,8.9833,79.8833,Low,Ancient Hindu temple near Mannar town,"temple,hindu,ancient,religious",
38,Mannar Bird Sanctuary,Wildlife,Mannar,Mannar,3.2,500,1500,8.9667,79.9,Medium,Important migratory bird sanctuary with flamingos,"birds,flamingo,migratory,wildlife",
39,Mannar Fort,Historical,Mannar,Mannar,3.9,0,500,8.98,79.9044,Low,16th century Portuguese fort on Mannar Island,"fort,portuguese,historical,colonial",images/mannar_fort.jpg
40,Mannar Fort,Historical,Mannar,Mannar,4.3,0,500,8.98,79.9044,Low,16th century Portuguese fort on Mannar Island,"fort,portuguese,historical,colonial",images/mannar_fort.jpg
41,Baobab Tree,Nature,Mannar,Mannar,4,0,300,8.9833,79.9167,Low,Oldest and largest baobab tree in Asia - 700 years old,"baobab,tree,ancient,unique,nature",
42,Vankalai Sanctuary,Wildlife,Mannar,Mannar,3.6,500,1500,9.0833,79.8333,Medium,Ramsar wetland with diverse bird species,"wetland,birds,wildlife,ramsar",
43,Vankalai Sanctuary,Wildlife,Mannar,Mannar,3.5,500,1500,9.0833,79.8333,Medium,Ramsar wetland with diverse bird species,"wetland,birds,wildlife,ramsar",
44,Mannar Bird Sanctuary,Wildlife,Mannar,Mannar,5,500,1500,8.9667,79.9,Medium,Important migratory bird sanctuary with flamingos,"birds,flamingo,migratory,wildlife",
45,Baobab Tree,Nature,Mannar,Mannar,3.9,0,300,8.9833,79.9167,Low,Oldest and largest baobab tree in Asia - 700 years old,"baobab,tree,ancient,unique,nature",
46,Baobab Tree,Nature,Mannar,Mannar,3.8,0,300,8.9833,79.9167,Low,Oldest and largest baobab tree in Asia - 700 years old,"baobab,tree,ancient,unique,nature",
47,Thiruketheeswaram Temple,Religious,Mannar,Mannar,4,0,500,8.9833,79.8833,Low,Ancient Hindu temple near Mannar town,"temple,hindu,ancient,religious",
48,Baobab Tree,Nature,Mannar,Mannar,4.7,0,300,8.9833,79.9167,Low,Oldest and largest baobab tree in Asia - 700 years old,"baobab,tree,ancient,unique,nature",
49,Adam's Bridge,Nature,Mannar,Mannar,4.5,500,1500,9.1,79.85,Low,Chain of limestone shoals connecting Sri Lanka to India,"bridge,geological,scenic,unique",
50,Mannar Bird Sanctuary,Wildlife,Mannar,Mannar,3.7,500,1500,8.9667,79.9,Medium,Important migratory bird sanctuary with flamingos,"birds,flamingo,migratory,wildlife",
51,Thiruketheeswaram Temple,Religious,Mannar,Mannar,3.5,0,500,8.9833,79.8833,Low,Ancient Hindu temple near Mannar town,"temple,hindu,ancient,religious",
52,Mannar Fort,Historical,Mannar,Mannar,3.6,0,500,8.98,79.9044,Low,16th century Portuguese fort on Mannar Island,"fort,portuguese,historical,colonial",images/mannar_fort.jpg
53,Adam's Bridge,Nature,Mannar,Mannar,4.7,500,1500,9.1,79.85,Low,Chain of limestone shoals connecting Sri Lanka to India,"bridge,geological,scenic,unique",
54,Thiruketheeswaram Temple,Religious,Mannar,Mannar,5,0,500,8.9833,79.8833,Low,Ancient Hindu temple near Mannar town,"temple,hindu,ancient,religious",
55,Mannar Bird Sanctuary,Wildlife,Mannar,Mannar,4.7,500,1500,8.9667,79.9,Medium,Important migratory bird sanctuary with flamingos,"birds,flamingo,migratory,wildlife",
56,Mannar Bird Sanctuary,Wildlife,Mannar,Mannar,4.1,500,1500,8.9667,79.9,Medium,Important migratory bird sanctuary with flamingos,"birds,flamingo,migratory,wildlife",
57,Adam's Bridge,Nature,Mannar,Mannar,3.7,500,1500,9.1,79.85,Low,Chain of limestone shoals connecting Sri Lanka to India,"bridge,geological,scenic,unique",
58,Thiruketheeswaram Temple,Religious,Mannar,Mannar,3.8,0,500,8.9833,79.8833,Low,Ancient Hindu temple near Mannar town,"temple,hindu,ancient,religious",
59,Adam's Bridge,Nature,Mannar,Mannar,4.7,500,1500,9.1,79.85,Low,Chain of limestone shoals connecting Sri Lanka to India,"bridge,geological,scenic,unique",
60,Vankalai Sanctuary,Wildlife,Mannar,Mannar,3.5,500,1500,9.0833,79.8333,Medium,Ramsar wetland with diverse bird species,"wetland,birds,wildlife,ramsar",
61,Mannar Bird Sanctuary,Wildlife,Mannar,Mannar,3.5,500,1500,8.9667,79.9,Medium,Important migratory bird sanctuary with flamingos,"birds,flamingo,migratory,wildlife",
62,Mannar Bird Sanctuary,Wildlife,Mannar,Mannar,3.1,500,1500,8.9667,79.9,Medium,Important migratory bird sanctuary with flamingos,"birds,flamingo,migratory,wildlife",
63,Vankalai Sanctuary,Wildlife,Mannar,Mannar,3.9,500,1500,9.0833,79.8333,Medium,Ramsar wetland with diverse bird species,"wetland,birds,wildlife,ramsar",
64,Mannar Bird Sanctuary,Wildlife,Mannar,Mannar,3.8,500,1500,8.9667,79.9,Medium,Important migratory bird sanctuary with flamingos,"birds,flamingo,migratory,wildlife",
65,Vankalai Sanctuary,Wildlife,Mannar,Mannar,4.6,500,1500,9.0833,79.8333,Medium,Ramsar wetland with diverse bird species,"wetland,birds,wildlife,ramsar",
66,Vankalai Sanctuary,Wildlife,Mannar,Mannar,5,500,1500,9.0833,79.8333,Medium,Ramsar wetland with diverse bird species,"wetland,birds,wildlife,ramsar",
67,Mannar Bird Sanctuary,Wildlife,Mannar,Mannar,4.9,500,1500,8.9667,79.9,Medium,Important migratory bird sanctuary with flamingos,"birds,flamingo,migratory,wildlife",
68,Baobab Tree,Nature,Mannar,Mannar,4,0,300,8.9833,79.9167,Low,Oldest and largest baobab tree in Asia - 700 years old,"baobab,tree,ancient,unique,nature",
69,Thiruketheeswaram Temple,Religious,Mannar,Mannar,3.7,0,500,8.9833,79.8833,Low,Ancient Hindu temple near Mannar town,"temple,hindu,ancient,religious",
70,Mannar Fort,Historical,Mannar,Mannar,4.7,0,500,8.98,79.9044,Low,16th century Portuguese fort on Mannar Island,"fort,portuguese,historical,colonial",images/mannar_fort.jpg
71,Mannar Bird Sanctuary,Wildlife,Mannar,Mannar,3.2,500,1500,8.9667,79.9,Medium,Important migratory bird sanctuary with flamingos,"birds,flamingo,migratory,wildlife",
72,Mannar Bird Sanctuary,Wildlife,Mannar,Mannar,3,500,1500,8.9667,79.9,Medium,Important migratory bird sanctuary with flamingos,"birds,flamingo,migratory,wildlife",
73,Baobab Tree,Nature,Mannar,Mannar,3.8,0,300,8.9833,79.9167,Low,Oldest and largest baobab tree in Asia - 700 years old,"baobab,tree,ancient,unique,nature",
74,Vankalai Sanctuary,Wildlife,Mannar,Mannar,4.9,500,1500,9.0833,79.8333,Medium,Ramsar wetland with diverse bird species,"wetland,birds,wildlife,ramsar",
75,Mannar Fort,Historical,Mannar,Mannar,3.9,0,500,8.98,79.9044,Low,16th century Portuguese fort on Mannar Island,"fort,portuguese,historical,colonial",images/mannar_fort.jpg
76,Adam's Bridge,Nature,Mannar,Mannar,3.7,500,1500,9.1,79.85,Low,Chain of limestone shoals connecting Sri Lanka to India,"bridge,geological,scenic,unique",
77,Vankalai Sanctuary,Wildlife,Mannar,Mannar,3.8,500,1500,9.0833,79.8333,Medium,Ramsar wetland with diverse bird species,"wetland,birds,wildlife,ramsar",
78,Mannar Fort,Historical,Mannar,Mannar,4.7,0,500,8.98,79.9044,Low,16th century Portuguese fort on Mannar Island,"fort,portuguese,historical,colonial",images/mannar_fort.jpg
79,Vankalai Sanctuary,Wildlife,Mannar,Mannar,4.7,500,1500,9.0833,79.8333,Medium,Ramsar wetland with diverse bird species,"wetland,birds,wildlife,ramsar",
80,Mannar Bird Sanctuary,Wildlife,Mannar,Mannar,4.9,500,1500,8.9667,79.9,Medium,Important migratory bird sanctuary with flamingos,"birds,flamingo,migratory,wildlife",
81,Vankalai Sanctuary,Wildlife,Mannar,Mannar,4.4,500,1500,9.0833,79.8333,Medium,Ramsar wetland with diverse bird species,"wetland,birds,wildlife,ramsar",
82,Mannar Bird Sanctuary,Wildlife,Mannar,Mannar,4.7,500,1500,8.9667,79.9,Medium,Important migratory bird sanctuary with flamingos,"birds,flamingo,migratory,wildlife",
83,Mannar Fort,Historical,Mannar,Mannar,4.2,0,500,8.98,79.9044,Low,16th century Portuguese fort on Mannar Island,"fort,portuguese,historical,colonial",images/mannar_fort.jpg
84,Baobab Tree,Nature,Mannar,Mannar,4.3,0,300,8.9833,79.9167,Low,Oldest and largest baobab tree in Asia - 700 years old,"baobab,tree,ancient,unique,nature",
85,Adam's Bridge,Nature,Mannar,Mannar,5,500,1500,9.1,79.85,Low,Chain of limestone shoals connecting Sri Lanka to India,"bridge,geological,scenic,unique",
86,Vankalai Sanctuary,Wildlife,Mannar,Mannar,3.2,500,1500,9.0833,79.8333,Medium,Ramsar wetland with diverse bird species,"wetland,birds,wildlife,ramsar",
87,Mannar Fort,Historical,Mannar,Mannar,4.5,0,500,8.98,79.9044,Low,16th century Portuguese fort on Mannar Island,"fort,portuguese,historical,colonial",images/mannar_fort.jpg
88,Vankalai Sanctuary,Wildlife,Mannar,Mannar,4.7,500,1500,9.0833,79.8333,Medium,Ramsar wetland with diverse bird species,"wetland,birds,wildlife,ramsar",
89,Mannar Bird Sanctuary,Wildlife,Mannar,Mannar,3.3,500,1500,8.9667,79.9,Medium,Important migratory bird sanctuary with flamingos,"birds,flamingo,migratory,wildlife",
90,Adam's Bridge,Nature,Mannar,Mannar,4.8,500,1500,9.1,79.85,Low,Chain of limestone shoals connecting Sri Lanka to India,"bridge,geological,scenic,unique",
91,Mannar Fort,Historical,Mannar,Mannar,3.6,0,500,8.98,79.9044,Low,16th century Portuguese fort on Mannar Island,"fort,portuguese,historical,colonial",images/mannar_fort.jpg
92,Mannar Fort,Historical,Mannar,Mannar,3.6,0,500,8.98,79.9044,Low,16th century Portuguese fort on Mannar Island,"fort,portuguese,historical,colonial",images/mannar_fort.jpg
93,Adam's Bridge,Nature,Mannar,Mannar,3.9,500,1500,9.1,79.85,Low,Chain of limestone shoals connecting Sri Lanka to India,"bridge,geological,scenic,unique",
94,Baobab Tree,Nature,Mannar,Mannar,4.1,0,300,8.9833,79.9167,Low,Oldest and largest baobab tree in Asia - 700 years old,"baobab,tree,ancient,unique,nature",
95,Thiruketheeswaram Temple,Religious,Mannar,Mannar,4.4,0,500,8.9833,79.8833,Low,Ancient Hindu temple near Mannar town,"temple,hindu,ancient,religious",
96,Baobab Tree,Nature,Mannar,Mannar,3.3,0,300,8.9833,79.9167,Low,Oldest and largest baobab tree in Asia - 700 years old,"baobab,tree,ancient,unique,nature",
97,Mannar Fort,Historical,Mannar,Mannar,4.2,0,500,8.98,79.9044,Low,16th century Portuguese fort on Mannar Island,"fort,portuguese,historical,colonial",images/mannar_fort.jpg
98,Mannar Bird Sanctuary,Wildlife,Mannar,Mannar,4.2,500,1500,8.9667,79.9,Medium,Important migratory bird sanctuary with flamingos,"birds,flamingo,migratory,wildlife",
99,Baobab Tree,Nature,Mannar,Mannar,4,0,300,8.9833,79.9167,Low,Oldest and largest baobab tree in Asia - 700 years old,"baobab,tree,ancient,unique,nature",
100,Thiruketheeswaram Temple,Religious,Mannar,Mannar,3.3,0,500,8.9833,79.8833,Low,Ancient Hindu temple near Mannar town,"temple,hindu,ancient,religious",
101,Mannar Bird Sanctuary,Wildlife,Mannar,Mannar,4.3,500,1500,8.9667,79.9,Medium,Important migratory bird sanctuary with flamingos,"birds,flamingo,migratory,wildlife",
102,Mannar Bird Sanctuary,Wildlife,Mannar,Mannar,3.5,500,1500,8.9667,79.9,Medium,Important migratory bird sanctuary with flamingos,"birds,flamingo,migratory,wildlife",
103,Mannar Fort,Historical,Mannar,Mannar,4.8,0,500,8.98,79.9044,Low,16th century Portuguese fort on Mannar Island,"fort,portuguese,historical,colonial",images/mannar_fort.jpg
104,Mannar Bird Sanctuary,Wildlife,Mannar,Mannar,4.8,500,1500,8.9667,79.9,Medium,Important migratory bird sanctuary with flamingos,"birds,flamingo,migratory,wildlife",
105,Vankalai Sanctuary,Wildlife,Mannar,Mannar,4.1,500,1500,9.0833,79.8333,Medium,Ramsar wetland with diverse bird species,"wetland,birds,wildlife,ramsar",
106,Mannar Fort,Historical,Mannar,Mannar,3.9,0,500,8.98,79.9044,Low,16th century Portuguese fort on Mannar Island,"fort,portuguese,historical,colonial",images/mannar_fort.jpg
107,Adam's Bridge,Nature,Mannar,Mannar,5,500,1500,9.1,79.85,Low,Chain of limestone shoals connecting Sri Lanka to India,"bridge,geological,scenic,unique",
108,Adam's Bridge,Nature,Mannar,Mannar,4.3,500,1500,9.1,79.85,Low,Chain of limestone shoals connecting Sri Lanka to India,"bridge,geological,scenic,unique",
109,Mannar Bird Sanctuary,Wildlife,Mannar,Mannar,4.4,500,1500,8.9667,79.9,Medium,Important migratory bird sanctuary with flamingos,"birds,flamingo,migratory,wildlife",
110,Mannar Bird Sanctuary,Wildlife,Mannar,Mannar,4.7,500,1500,8.9667,79.9,Medium,Important migratory bird sanctuary with flamingos,"birds,flamingo,migratory,wildlife",
111,Baobab Tree,Nature,Mannar,Mannar,5,0,300,8.9833,79.9167,Low,Oldest and largest baobab tree in Asia - 700 years old,"baobab,tree,ancient,unique,nature",
112,Mannar Bird Sanctuary,Wildlife,Mannar,Mannar,3.2,500,1500,8.9667,79.9,Medium,Important migratory bird sanctuary with flamingos,"birds,flamingo,migratory,wildlife",
113,Mannar Bird Sanctuary,Wildlife,Mannar,Mannar,4.1,500,1500,8.9667,79.9,Medium,Important migratory bird sanctuary with flamingos,"birds,flamingo,migratory,wildlife",
114,Thiruketheeswaram Temple,Religious,Mannar,Mannar,3.6,0,500,8.9833,79.8833,Low,Ancient Hindu temple near Mannar town,"temple,hindu,ancient,religious",
115,Vankalai Sanctuary,Wildlife,Mannar,Mannar,3.6,500,1500,9.0833,79.8333,Medium,Ramsar wetland with diverse bird species,"wetland,birds,wildlife,ramsar",
116,Vankalai Sanctuary,Wildlife,Mannar,Mannar,3.8,500,1500,9.0833,79.8333,Medium,Ramsar wetland with diverse bird species,"wetland,birds,wildlife,ramsar",
117,Mannar Fort,Historical,Mannar,Mannar,4.1,0,500,8.98,79.9044,Low,16th century Portuguese fort on Mannar Island,"fort,portuguese,historical,colonial",images/mannar_fort.jpg
118,Vankalai Sanctuary,Wildlife,Mannar,Mannar,4.6,500,1500,9.0833,79.8333,Medium,Ramsar wetland with diverse bird species,"wetland,birds,wildlife,ramsar",
119,Mannar Fort,Historical,Mannar,Mannar,4.8,0,500,8.98,79.9044,Low,16th century Portuguese fort on Mannar Island,"fort,portuguese,historical,colonial",images/mannar_fort.jpg
120,Vankalai Sanctuary,Wildlife,Mannar,Mannar,4,500,1500,9.0833,79.8333,Medium,Ramsar wetland with diverse bird species,"wetland,birds,wildlife,ramsar",
121,Adam's Bridge,Nature,Mannar,Mannar,4.6,500,1500,9.1,79.85,Low,Chain of limestone shoals connecting Sri Lanka to India,"bridge,geological,scenic,unique",
122,Baobab Tree,Nature,Mannar,Mannar,4.2,0,300,8.9833,79.9167,Low,Oldest and largest baobab tree in Asia - 700 years old,"baobab,tree,ancient,unique,nature",
123,Adam's Bridge,Nature,Mannar,Mannar,3.4,500,1500,9.1,79.85,Low,Chain of limestone shoals connecting Sri Lanka to India,"bridge,geological,scenic,unique",
124,Baobab Tree,Nature,Mannar,Mannar,4.2,0,300,8.9833,79.9167,Low,Oldest and largest baobab tree in Asia - 700 years old,"baobab,tree,ancient,unique,nature",
125,Vankalai Sanctuary,Wildlife,Mannar,Mannar,4.5,500,1500,9.0833,79.8333,Medium,Ramsar wetland with diverse bird species,"wetland,birds,wildlife,ramsar",
126,Vankalai Sanctuary,Wildlife,Mannar,Mannar,4.4,500,1500,9.0833,79.8333,Medium,Ramsar wetland with diverse bird species,"wetland,birds,wildlife,ramsar",
127,Baobab Tree,Nature,Mannar,Mannar,4.3,0,300,8.9833,79.9167,Low,Oldest and largest baobab tree in Asia - 700 years old,"baobab,tree,ancient,unique,nature",
128,Vankalai Sanctuary,Wildlife,Mannar,Mannar,4.3,500,1500,9.0833,79.8333,Medium,Ramsar wetland with diverse bird species,"wetland,birds,wildlife,ramsar",
129,Adam's Bridge,Nature,Mannar,Mannar,4.6,500,1500,9.1,79.85,Low,Chain of limestone shoals connecting Sri Lanka to India,"bridge,geological,scenic,unique",
130,Mannar Fort,Historical,Mannar,Mannar,4.2,0,500,8.98,79.9044,Low,16th century Portuguese fort on Mannar Island,"fort,portuguese,historical,colonial",images/mannar_fort.jpg
131,Vankalai Sanctuary,Wildlife,Mannar,Mannar,3.3,500,1500,9.0833,79.8333,Medium,Ramsar wetland with diverse bird species,"wetland,birds,wildlife,ramsar",
132,Adam's Bridge,Nature,Mannar,Mannar,3.7,500,1500,9.1,79.85,Low,Chain of limestone shoals connecting Sri Lanka to India,"bridge,geological,scenic,unique",
133,Mannar Bird Sanctuary,Wildlife,Mannar,Mannar,3.4,500,1500,8.9667,79.9,Medium,Important migratory bird sanctuary with flamingos,"birds,flamingo,migratory,wildlife",
134,Baobab Tree,Nature,Mannar,Mannar,4.6,0,300,8.9833,79.9167,Low,Oldest and largest baobab tree in Asia - 700 years old,"baobab,tree,ancient,unique,nature",
135,Adam's Bridge,Nature,Mannar,Mannar,4.1,500,1500,9.1,79.85,Low,Chain of limestone shoals connecting Sri Lanka to India,"bridge,geological,scenic,unique",
136,Adam's Bridge,Nature,Mannar,Mannar,4.7,500,1500,9.1,79.85,Low,Chain of limestone shoals connecting Sri Lanka to India,"bridge,geological,scenic,unique",
137,Adam's Bridge,Nature,Mannar,Mannar,4.8,500,1500,9.1,79.85,Low,Chain of limestone shoals connecting Sri Lanka to India,"bridge,geological,scenic,unique",
138,Mannar Bird Sanctuary,Wildlife,Mannar,Mannar,4.9,500,1500,8.9667,79.9,Medium,Important migratory bird sanctuary with flamingos,"birds,flamingo,migratory,wildlife",
139,Adam's Bridge,Nature,Mannar,Mannar,4.5,500,1500,9.1,79.85,Low,Chain of limestone shoals connecting Sri Lanka to India,"bridge,geological,scenic,unique",
140,Adam's Bridge,Nature,Mannar,Mannar,4.6,500,1500,9.1,79.85,Low,Chain of limestone shoals connecting Sri Lanka to India,"bridge,geological,scenic,unique",
141,Mannar Bird Sanctuary,Wildlife,Mannar,Mannar,4.9,500,1500,8.9667,79.9,Medium,Important migratory bird sanctuary with flamingos,"birds,flamingo,migratory,wildlife",
142,Baobab Tree,Nature,Mannar,Mannar,4.5,0,300,8.9833,79.9167,Low,Oldest and largest baobab tree in Asia - 700 years old,"baobab,tree,ancient,unique,nature",
143,Baobab Tree,Nature,Mannar,Mannar,4.7,0,300,8.9833,79.9167,Low,Oldest and largest baobab tree in Asia - 700 years old,"baobab,tree,ancient,unique,nature",
144,Vankalai Sanctuary,Wildlife,Mannar,Mannar,4.3,500,1500,9.0833,79.8333,Medium,Ramsar wetland with diverse bird species,"wetland,birds,wildlife,ramsar",
145,Mannar Bird Sanctuary,Wildlife,Mannar,Mannar,4.9,500,1500,8.9667,79.9,Medium,Important migratory bird sanctuary with flamingos,"birds,flamingo,migratory,wildlife",
146,Thiruketheeswaram Temple,Religious,Mannar,Mannar,3.7,0,500,8.9833,79.8833,Low,Ancient Hindu temple near Mannar town,"temple,hindu,ancient,religious",
147,Mannar Bird Sanctuary,Wildlife,Mannar,Mannar,3,500,1500,8.9667,79.9,Medium,Important migratory bird sanctuary with flamingos,"birds,flamingo,migratory,wildlife",
148,Thiruketheeswaram Temple,Religious,Mannar,Mannar,3.2,0,500,8.9833,79.8833,Low,Ancient Hindu temple near Mannar town,"temple,hindu,ancient,religious",
149,Adam's Bridge,Nature,Mannar,Mannar,4.3,500,1500,9.1,79.85,Low,Chain of limestone shoals connecting Sri Lanka to India,"bridge,geological,scenic,unique",
150,Vankalai Sanctuary,Wildlife,Mannar,Mannar,3.5,500,1500,9.0833,79.8333,Medium,Ramsar wetland with diverse bird species,"wetland,birds,wildlife,ramsar",
151,Mannar Bird Sanctuary,Wildlife,Mannar,Mannar,4.6,500,1500,8.9667,79.9,Medium,Important migratory bird sanctuary with flamingos,"birds,flamingo,migratory,wildlife",
152,Adam's Bridge,Nature,Mannar,Mannar,3.2,500,1500,9.1,79.85,Low,Chain of limestone shoals connecting Sri Lanka to India,"bridge,geological,scenic,unique",
153,Baobab Tree,Nature,Mannar,Mannar,3.9,0,300,8.9833,79.9167,Low,Oldest and largest baobab tree in Asia - 700 years old,"baobab,tree,ancient,unique,nature",
154,Thiruketheeswaram Temple,Religious,Mannar,Mannar,4.8,0,500,8.9833,79.8833,Low,Ancient Hindu temple near Mannar town,"temple,hindu,ancient,religious",
155,Thiruketheeswaram Temple,Religious,Mannar,Mannar,3.7,0,500,8.9833,79.8833,Low,Ancient Hindu temple near Mannar town,"temple,hindu,ancient,religious",
156,Thiruketheeswaram Temple,Religious,Mannar,Mannar,3.4,0,500,8.9833,79.8833,Low,Ancient Hindu temple near Mannar town,"temple,hindu,ancient,religious",
157,Mannar Fort,Historical,Mannar,Mannar,4.3,0,500,8.98,79.9044,Low,16th century Portuguese fort on Mannar Island,"fort,portuguese,historical,colonial",images/mannar_fort.jpg
158,Mannar Bird Sanctuary,Wildlife,Mannar,Mannar,4.8,500,1500,8.9667,79.9,Medium,Important migratory bird sanctuary with flamingos,"birds,flamingo,migratory,wildlife",
159,Adam's Bridge,Nature,Mannar,Mannar,4.3,500,1500,9.1,79.85,Low,Chain of limestone shoals connecting Sri Lanka to India,"bridge,geological,scenic,unique",
160,Mannar Fort,Historical,Mannar,Mannar,3.3,0,500,8.98,79.9044,Low,16th century Portuguese fort on Mannar Island,"fort,portuguese,historical,colonial",images/mannar_fort.jpg
161,Mannar Fort,Historical,Mannar,Mannar,3.6,0,500,8.98,79.9044,Low,16th century Portuguese fort on Mannar Island,"fort,portuguese,historical,colonial",images/mannar_fort.jpg
162,Mannar Bird Sanctuary,Wildlife,Mannar,Mannar,3.2,500,1500,8.9667,79.9,Medium,Important migratory bird sanctuary with flamingos,"birds,flamingo,migratory,wildlife",
163,Baobab Tree,Nature,Mannar,Mannar,4.8,0,300,8.9833,79.9167,Low,Oldest and largest baobab tree in Asia - 700 years old,"baobab,tree,ancient,unique,nature",
164,Baobab Tree,Nature,Mannar,Mannar,3.8,0,300,8.9833,79.9167,Low,Oldest and largest baobab tree in Asia - 700 years old,"baobab,tree,ancient,unique,nature",
165,Adam's Bridge,Nature,Mannar,Mannar,4.3,500,1500,9.1,79.85,Low,Chain of limestone shoals connecting Sri Lanka to India,"bridge,geological,scenic,unique",
166,Vankalai Sanctuary,Wildlife,Mannar,Mannar,4.4,500,1500,9.0833,79.8333,Medium,Ramsar wetland with diverse bird species,"wetland,birds,wildlife,ramsar",
167,Thiruketheeswaram Temple,Religious,Mannar,Mannar,3.8,0,500,8.9833,79.8833,Low,Ancient Hindu temple near Mannar town,"temple,hindu,ancient,religious",
168,Vankalai Sanctuary,Wildlife,Mannar,Mannar,4.5,500,1500,9.0833,79.8333,Medium,Ramsar wetland with diverse bird species,"wetland,birds,wildlife,ramsar",
169,Mannar Bird Sanctuary,Wildlife,Mannar,Mannar,4.3,500,1500,8.9667,79.9,Medium,Important migratory bird sanctuary with flamingos,"birds,flamingo,migratory,wildlife",
170,Mannar Bird Sanctuary,Wildlife,Mannar,Mannar,4.2,500,1500,8.9667,79.9,Medium,Important migratory bird sanctuary with flamingos,"birds,flamingo,migratory,wildlife",
171,Adam's Bridge,Nature,Mannar,Mannar,3.1,500,1500,9.1,79.85,Low,Chain of limestone shoals connecting Sri Lanka to India,"bridge,geological,scenic,unique",
172,Adam's Bridge,Nature,Mannar,Mannar,3.4,500,1500,9.1,79.85,Low,Chain of limestone shoals connecting Sri Lanka to India,"bridge,geological,scenic,unique",
173,Mannar Bird Sanctuary,Wildlife,Mannar,Mannar,4.9,500,1500,8.9667,79.9,Medium,Important migratory bird sanctuary with flamingos,"birds,flamingo,migratory,wildlife",
174,Adam's Bridge,Nature,Mannar,Mannar,3.2,500,1500,9.1,79.85,Low,Chain of limestone shoals connecting Sri Lanka to India,"bridge,geological,scenic,unique",
175,Vankalai Sanctuary,Wildlife,Mannar,Mannar,3.7,500,1500,9.0833,79.8333,Medium,Ramsar wetland with diverse bird species,"wetland,birds,wildlife,ramsar",
176,Vankalai Sanctuary,Wildlife,Mannar,Mannar,3.7,500,1500,9.0833,79.8333,Medium,Ramsar wetland with diverse bird species,"wetland,birds,wildlife,ramsar",
177,Mannar Bird Sanctuary,Wildlife,Mannar,Mannar,3.6,500,1500,8.9667,79.9,Medium,Important migratory bird sanctuary with flamingos,"birds,flamingo,migratory,wildlife",
178,Mannar Fort,Historical,Mannar,Mannar,4.9,0,500,8.98,79.9044,Low,16th century Portuguese fort on Mannar Island,"fort,portuguese,historical,colonial",images/mannar_fort.jpg
179,Mannar Bird Sanctuary,Wildlife,Mannar,Mannar,3.2,500,1500,8.9667,79.9,Medium,Important migratory bird sanctuary with flamingos,"birds,flamingo,migratory,wildlife",
180,Baobab Tree,Nature,Mannar,Mannar,4.3,0,300,8.9833,79.9167,Low,Oldest and largest baobab tree in Asia - 700 years old,"baobab,tree,ancient,unique,nature",
181,Thiruketheeswaram Temple,Religious,Mannar,Mannar,4.9,0,500,8.9833,79.8833,Low,Ancient Hindu temple near Mannar town,"temple,hindu,ancient,religious",
182,Mannar Fort,Historical,Mannar,Mannar,4.6,0,500,8.98,79.9044,Low,16th century Portuguese fort on Mannar Island,"fort,portuguese,historical,colonial",images/mannar_fort.jpg
183,Baobab Tree,Nature,Mannar,Mannar,5,0,300,8.9833,79.9167,Low,Oldest and largest baobab tree in Asia - 700 years old,"baobab,tree,ancient,unique,nature",
184,Thiruketheeswaram Temple,Religious,Mannar,Mannar,3.4,0,500,8.9833,79.8833,Low,Ancient Hindu temple near Mannar town,"temple,hindu,ancient,religious",
185,Thiruketheeswaram Temple,Religious,Mannar,Mannar,3.4,0,500,8.9833,79.8833,Low,Ancient Hindu temple near Mannar town,"temple,hindu,ancient,religious",
186,Baobab Tree,Nature,Mannar,Mannar,4.6,0,300,8.9833,79.9167,Low,Oldest and largest baobab tree in Asia - 700 years old,"baobab,tree,ancient,unique,nature",
187,Baobab Tree,Nature,Mannar,Mannar,3.7,0,300,8.9833,79.9167,Low,Oldest and largest baobab tree in Asia - 700 years old,"baobab,tree,ancient,unique,nature",
188,Baobab Tree,Nature,Mannar,Mannar,4.6,0,300,8.9833,79.9167,Low,Oldest and largest baobab tree in Asia - 700 years old,"baobab,tree,ancient,unique,nature",
189,Thiruketheeswaram Temple,Religious,Mannar,Mannar,3,0,500,8.9833,79.8833,Low,Ancient Hindu temple near Mannar town,"temple,hindu,ancient,religious",
190,Baobab Tree,Nature,Mannar,Mannar,5,0,300,8.9833,79.9167,Low,Oldest and largest baobab tree in Asia - 700 years old,"baobab,tree,ancient,unique,nature",
191,Thiruketheeswaram Temple,Religious,Mannar,Mannar,3.5,0,500,8.9833,79.8833,Low,Ancient Hindu temple near Mannar town,"temple,hindu,ancient,religious",
192,Baobab Tree,Nature,Mannar,Mannar,3.2,0,300,8.9833,79.9167,Low,Oldest and largest baobab tree in Asia - 700 years old,"baobab,tree,ancient,unique,nature",
193,Mannar Fort,Historical,Mannar,Mannar,3.3,0,500,8.98,79.9044,Low,16th century Portuguese fort on Mannar Island,"fort,portuguese,historical,colonial",images/mannar_fort.jpg
194,Adam's Bridge,Nature,Mannar,Mannar,4.6,500,1500,9.1,79.85,Low,Chain of limestone shoals connecting Sri Lanka to India,"bridge,geological,scenic,unique",
195,Baobab Tree,Nature,Mannar,Mannar,4.2,0,300,8.9833,79.9167,Low,Oldest and largest baobab tree in Asia - 700 years old,"baobab,tree,ancient,unique,nature",
196,Mannar Fort,Historical,Mannar,Mannar,3.3,0,500,8.98,79.9044,Low,16th century Portuguese fort on Mannar Island,"fort,portuguese,historical,colonial",images/mannar_fort.jpg
197,Mannar Fort,Historical,Mannar,Mannar,3.3,0,500,8.98,79.9044,Low,16th century Portuguese fort on Mannar Island,"fort,portuguese,historical,colonial",images/mannar_fort.jpg
198,Mannar Bird Sanctuary,Wildlife,Mannar,Mannar,4.1,500,1500,8.9667,79.9,Medium,Important migratory bird sanctuary with flamingos,"birds,flamingo,migratory,wildlife",
199,Vankalai Sanctuary,Wildlife,Mannar,Mannar,3.1,500,1500,9.0833,79.8333,Medium,Ramsar wetland with diverse bird species,"wetland,birds,wildlife,ramsar",
200,Mannar Bird Sanctuary,Wildlife,Mannar,Mannar,4.6,500,1500,8.9667,79.9,Medium,Important migratory bird sanctuary with flamingos,"birds,flamingo,migratory,wildlife",
201,Thiruketheeswaram Temple,Religious,Mannar,Mannar,4.2,0,500,8.9833,79.8833,Low,Ancient Hindu temple near Mannar town,"temple,hindu,ancient,religious",
202,Mannar Bird Sanctuary,Wildlife,Mannar,Mannar,4,500,1500,8.9667,79.9,Medium,Important migratory bird sanctuary with flamingos,"birds,flamingo,migratory,wildlife",
203,Thiruketheeswaram Temple,Religious,Mannar,Mannar,3.1,0,500,8.9833,79.8833,Low,Ancient Hindu temple near Mannar town,"temple,hindu,ancient,religious",
204,Vankalai Sanctuary,Wildlife,Mannar,Mannar,4,500,1500,9.0833,79.8333,Medium,Ramsar wetland with diverse bird species,"wetland,birds,wildlife,ramsar",
205,Mannar Bird Sanctuary,Wildlife,Mannar,Mannar,4.3,500,1500,8.9667,79.9,Medium,Important migratory bird sanctuary with flamingos,"birds,flamingo,migratory,wildlife",
206,Mannar Fort,Historical,Mannar,Mannar,3.1,0,500,8.98,79.9044,Low,16th century Portuguese fort on Mannar Island,"fort,portuguese,historical,colonial",images/mannar_fort.jpg
207,Mannar Bird Sanctuary,Wildlife,Mannar,Mannar,4.7,500,1500,8.9667,79.9,Medium,Important migratory bird sanctuary with flamingos,"birds,flamingo,migratory,wildlife",
208,Mannar Bird Sanctuary,Wildlife,Mannar,Mannar,4.4,500,1500,8.9667,79.9,Medium,Important migratory bird sanctuary with flamingos,"birds,flamingo,migratory,wildlife",
209,Mannar Bird Sanctuary,Wildlife,Mannar,Mannar,4.4,500,1500,8.9667,79.9,Medium,Important migratory bird sanctuary with flamingos,"birds,flamingo,migratory,wildlife",
210,Mannar Bird Sanctuary,Wildlife,Mannar,Mannar,3.1,500,1500,8.9667,79.9,Medium,Important migratory bird sanctuary with flamingos,"birds,flamingo,migratory,wildlife",
211,Mannar Fort,Historical,Mannar,Mannar,3.6,0,500,8.98,79.9044,Low,16th century Portuguese fort on Mannar Island,"fort,portuguese,historical,colonial",images/mannar_fort.jpg
212,Baobab Tree,Nature,Mannar,Mannar,3.1,0,300,8.9833,79.9167,Low,Oldest and largest baobab tree in Asia - 700 years old,"baobab,tree,ancient,unique,nature",
213,Adam's Bridge,Nature,Mannar,Mannar,4.2,500,1500,9.1,79.85,Low,Chain of limestone shoals connecting Sri Lanka to India,"bridge,geological,scenic,unique",
214,Thiruketheeswaram Temple,Religious,Mannar,Mannar,4.1,0,500,8.9833,79.8833,Low,Ancient Hindu temple near Mannar town,"temple,hindu,ancient,religious",
215,Adam's Bridge,Nature,Mannar,Mannar,3.8,500,1500,9.1,79.85,Low,Chain of limestone shoals connecting Sri Lanka to India,"bridge,geological,scenic,unique",
216,Thiruketheeswaram Temple,Religious,Mannar,Mannar,4.1,0,500,8.9833,79.8833,Low,Ancient Hindu temple near Mannar town,"temple,hindu,ancient,religious",
217,Mannar Bird Sanctuary,Wildlife,Mannar,Mannar,4,500,1500,8.9667,79.9,Medium,Important migratory bird sanctuary with flamingos,"birds,flamingo,migratory,wildlife",
218,Mannar Bird Sanctuary,Wildlife,Mannar,Mannar,3.2,500,1500,8.9667,79.9,Medium,Important migratory bird sanctuary with flamingos,"birds,flamingo,migratory,wildlife",
219,Vankalai Sanctuary,Wildlife,Mannar,Mannar,3.2,500,1500,9.0833,79.8333,Medium,Ramsar wetland with diverse bird species,"wetland,birds,wildlife,ramsar",
220,Vankalai Sanctuary,Wildlife,Mannar,Mannar,4.3,500,1500,9.0833,79.8333,Medium,Ramsar wetland with diverse bird species,"wetland,birds,wildlife,ramsar",
1,Sigiriya Rock Fortress,Historical,Matale,Matale,4.6,2000,5000,7.957,80.7603,Medium,Ancient rock fortress - UNESCO,"rock,fortress,ancient,UNESCO,historical",images/Sigiriya _Rock _Fortress.jpg
2,Dambulla Cave Temple,Religious,Matale,Matale,4.6,500,1500,7.8568,80.6492,Low,UNESCO cave temple with 150 Buddhas,"cave,temple,UNESCO,religious",
3,Pidurangala Rock,Adventure,Matale,Matale,4.6,300,1000,7.9602,80.7596,Low,Best viewpoint of Sigiriya,"rock,climb,viewpoint,adventure",
4,Nalanda Gedige,Historical,Matale,Matale,4.6,200,700,7.55,80.8333,Low,Ancient Hindu-Buddhist fusion temple,"temple,fusion,ancient,historical",images/Nalanda_Gedige.jpg
5,Knuckles Mountain Range,Adventure,Matale,Matale,3.9,1500,5000,7.45,80.7833,Medium,Diverse ecosystem trekking destination,"trekking,wildlife,nature,adventure",
6,Aluvihara Rock Temple,Religious,Matale,Matale,4.6,200,700,7.4833,80.6167,Low,Ancient cave temple where Pali canon was written,"cave,temple,ancient,religious",
7,Rattota Viewpoint,Nature,Matale,Matale,4.9,100,500,7.5,80.75,Low,Scenic mountain viewpoint,"viewpoint,scenic,mountain,nature",
8,Rattota Viewpoint,Nature,Matale,Matale,5,100,500,7.5,80.75,Low,Scenic mountain viewpoint,"viewpoint,scenic,mountain,nature",
9,Knuckles Mountain Range,Adventure,Matale,Matale,4.4,1500,5000,7.45,80.7833,Medium,Diverse ecosystem trekking destination,"trekking,wildlife,nature,adventure",
10,Sigiriya Rock Fortress,Historical,Matale,Matale,4.2,2000,5000,7.957,80.7603,Medium,Ancient rock fortress - UNESCO,"rock,fortress,ancient,UNESCO,historical",images/Sigiriya _Rock _Fortress.jpg
11,Dambulla Cave Temple,Religious,Matale,Matale,4.3,500,1500,7.8568,80.6492,Low,UNESCO cave temple with 150 Buddhas,"cave,temple,UNESCO,religious",
12,Rattota Viewpoint,Nature,Matale,Matale,4,100,500,7.5,80.75,Low,Scenic mountain viewpoint,"viewpoint,scenic,mountain,nature",
13,Dambulla Cave Temple,Religious,Matale,Matale,3.3,500,1500,7.8568,80.6492,Low,UNESCO cave temple with 150 Buddhas,"cave,temple,UNESCO,religious",
14,Pidurangala Rock,Adventure,Matale,Matale,4.7,300,1000,7.9602,80.7596,Low,Best viewpoint of Sigiriya,"rock,climb,viewpoint,adventure",
15,Knuckles Mountain Range,Adventure,Matale,Matale,3.7,1500,5000,7.45,80.7833,Medium,Diverse ecosystem trekking destination,"trekking,wildlife,nature,adventure",
16,Sigiriya Rock Fortress,Historical,Matale,Matale,3.8,2000,5000,7.957,80.7603,Medium,Ancient rock fortress - UNESCO,"rock,fortress,ancient,UNESCO,historical",images/Sigiriya _Rock _Fortress.jpg
17,Nalanda Gedige,Historical,Matale,Matale,3.3,200,700,7.55,80.8333,Low,Ancient Hindu-Buddhist fusion temple,"temple,fusion,ancient,historical",images/Nalanda_Gedige.jpg
18,Sigiriya Rock Fortress,Historical,Matale,Matale,3.7,2000,5000,7.957,80.7603,Medium,Ancient rock fortress - UNESCO,"rock,fortress,ancient,UNESCO,historical",images/Sigiriya _Rock _Fortress.jpg
19,Aluvihara Rock Temple,Religious,Matale,Matale,3.5,200,700,7.4833,80.6167,Low,Ancient cave temple where Pali canon was written,"cave,temple,ancient,religious",
20,Knuckles Mountain Range,Adventure,Matale,Matale,4.7,1500,5000,7.45,80.7833,Medium,Diverse ecosystem trekking destination,"trekking,wildlife,nature,adventure",
21,Rattota Viewpoint,Nature,Matale,Matale,3.2,100,500,7.5,80.75,Low,Scenic mountain viewpoint,"viewpoint,scenic,mountain,nature",
22,Pidurangala Rock,Adventure,Matale,Matale,4,300,1000,7.9602,80.7596,Low,Best viewpoint of Sigiriya,"rock,climb,viewpoint,adventure",
23,Pidurangala Rock,Adventure,Matale,Matale,3.4,300,1000,7.9602,80.7596,Low,Best viewpoint of Sigiriya,"rock,climb,viewpoint,adventure",
24,Aluvihara Rock Temple,Religious,Matale,Matale,4.3,200,700,7.4833,80.6167,Low,Ancient cave temple where Pali canon was written,"cave,temple,ancient,religious",
25,Nalanda Gedige,Historical,Matale,Matale,3.4,200,700,7.55,80.8333,Low,Ancient Hindu-Buddhist fusion temple,"temple,fusion,ancient,historical",images/Nalanda_Gedige.jpg
26,Pidurangala Rock,Adventure,Matale,Matale,4.9,300,1000,7.9602,80.7596,Low,Best viewpoint of Sigiriya,"rock,climb,viewpoint,adventure",
27,Aluvihara Rock Temple,Religious,Matale,Matale,4,200,700,7.4833,80.6167,Low,Ancient cave temple where Pali canon was written,"cave,temple,ancient,religious",
28,Sigiriya Rock Fortress,Historical,Matale,Matale,4.9,2000,5000,7.957,80.7603,Medium,Ancient rock fortress - UNESCO,"rock,fortress,ancient,UNESCO,historical",images/Sigiriya _Rock _Fortress.jpg
29,Knuckles Mountain Range,Adventure,Matale,Matale,4.7,1500,5000,7.45,80.7833,Medium,Diverse ecosystem trekking destination,"trekking,wildlife,nature,adventure",
30,Sigiriya Rock Fortress,Historical,Matale,Matale,3.7,2000,5000,7.957,80.7603,Medium,Ancient rock fortress - UNESCO,"rock,fortress,ancient,UNESCO,historical",images/Sigiriya _Rock _Fortress.jpg
31,Knuckles Mountain Range,Adventure,Matale,Matale,3.9,1500,5000,7.45,80.7833,Medium,Diverse ecosystem trekking destination,"trekking,wildlife,nature,adventure",
32,Pidurangala Rock,Adventure,Matale,Matale,3.7,300,1000,7.9602,80.7596,Low,Best viewpoint of Sigiriya,"rock,climb,viewpoint,adventure",
33,Sigiriya Rock Fortress,Historical,Matale,Matale,3.7,2000,5000,7.957,80.7603,Medium,Ancient rock fortress - UNESCO,"rock,fortress,ancient,UNESCO,historical",images/Sigiriya _Rock _Fortress.jpg
34,Aluvihara Rock Temple,Religious,Matale,Matale,3.4,200,700,7.4833,80.6167,Low,Ancient cave temple where Pali canon was written,"cave,temple,ancient,religious",
35,Pidurangala Rock,Adventure,Matale,Matale,3,300,1000,7.9602,80.7596,Low,Best viewpoint of Sigiriya,"rock,climb,viewpoint,adventure",
36,Nalanda Gedige,Historical,Matale,Matale,4,200,700,7.55,80.8333,Low,Ancient Hindu-Buddhist fusion temple,"temple,fusion,ancient,historical",images/Nalanda_Gedige.jpg
37,Sigiriya Rock Fortress,Historical,Matale,Matale,4.1,2000,5000,7.957,80.7603,Medium,Ancient rock fortress - UNESCO,"rock,fortress,ancient,UNESCO,historical",images/Sigiriya _Rock _Fortress.jpg
38,Dambulla Cave Temple,Religious,Matale,Matale,3.8,500,1500,7.8568,80.6492,Low,UNESCO cave temple with 150 Buddhas,"cave,temple,UNESCO,religious",
39,Nalanda Gedige,Historical,Matale,Matale,3,200,700,7.55,80.8333,Low,Ancient Hindu-Buddhist fusion temple,"temple,fusion,ancient,historical",images/Nalanda_Gedige.jpg
40,Rattota Viewpoint,Nature,Matale,Matale,4.3,100,500,7.5,80.75,Low,Scenic mountain viewpoint,"viewpoint,scenic,mountain,nature",
41,Dambulla Cave Temple,Religious,Matale,Matale,3.9,500,1500,7.8568,80.6492,Low,UNESCO cave temple with 150 Buddhas,"cave,temple,UNESCO,religious",
42,Pidurangala Rock,Adventure,Matale,Matale,3.6,300,1000,7.9602,80.7596,Low,Best viewpoint of Sigiriya,"rock,climb,viewpoint,adventure",
43,Nalanda Gedige,Historical,Matale,Matale,4.8,200,700,7.55,80.8333,Low,Ancient Hindu-Buddhist fusion temple,"temple,fusion,ancient,historical",images/Nalanda_Gedige.jpg
44,Knuckles Mountain Range,Adventure,Matale,Matale,4.6,1500,5000,7.45,80.7833,Medium,Diverse ecosystem trekking destination,"trekking,wildlife,nature,adventure",
45,Sigiriya Rock Fortress,Historical,Matale,Matale,5,2000,5000,7.957,80.7603,Medium,Ancient rock fortress - UNESCO,"rock,fortress,ancient,UNESCO,historical",images/Sigiriya _Rock _Fortress.jpg
46,Aluvihara Rock Temple,Religious,Matale,Matale,4.7,200,700,7.4833,80.6167,Low,Ancient cave temple where Pali canon was written,"cave,temple,ancient,religious",
47,Dambulla Cave Temple,Religious,Matale,Matale,3.3,500,1500,7.8568,80.6492,Low,UNESCO cave temple with 150 Buddhas,"cave,temple,UNESCO,religious",
48,Aluvihara Rock Temple,Religious,Matale,Matale,3.9,200,700,7.4833,80.6167,Low,Ancient cave temple where Pali canon was written,"cave,temple,ancient,religious",
49,Pidurangala Rock,Adventure,Matale,Matale,4.8,300,1000,7.9602,80.7596,Low,Best viewpoint of Sigiriya,"rock,climb,viewpoint,adventure",
50,Aluvihara Rock Temple,Religious,Matale,Matale,3.4,200,700,7.4833,80.6167,Low,Ancient cave temple where Pali canon was written,"cave,temple,ancient,religious",
51,Dambulla Cave Temple,Religious,Matale,Matale,3.6,500,1500,7.8568,80.6492,Low,UNESCO cave temple with 150 Buddhas,"cave,temple,UNESCO,religious",
52,Dambulla Cave Temple,Religious,Matale,Matale,3.8,500,1500,7.8568,80.6492,Low,UNESCO cave temple with 150 Buddhas,"cave,temple,UNESCO,religious",
53,Aluvihara Rock Temple,Religious,Matale,Matale,3.7,200,700,7.4833,80.6167,Low,Ancient cave temple where Pali canon was written,"cave,temple,ancient,religious",
54,Sigiriya Rock Fortress,Historical,Matale,Matale,3.3,2000,5000,7.957,80.7603,Medium,Ancient rock fortress - UNESCO,"rock,fortress,ancient,UNESCO,historical",images/Sigiriya _Rock _Fortress.jpg
55,Dambulla Cave Temple,Religious,Matale,Matale,4.9,500,1500,7.8568,80.6492,Low,UNESCO cave temple with 150 Buddhas,"cave,temple,UNESCO,religious",
56,Aluvihara Rock Temple,Religious,Matale,Matale,5,200,700,7.4833,80.6167,Low,Ancient cave temple where Pali canon was written,"cave,temple,ancient,religious",
57,Sigiriya Rock Fortress,Historical,Matale,Matale,3.8,2000,5000,7.957,80.7603,Medium,Ancient rock fortress - UNESCO,"rock,fortress,ancient,UNESCO,historical",images/Sigiriya _Rock _Fortress.jpg
58,Knuckles Mountain Range,Adventure,Matale,Matale,4,1500,5000,7.45,80.7833,Medium,Diverse ecosystem trekking destination,"trekking,wildlife,nature,adventure",
59,Aluvihara Rock Temple,Religious,Matale,Matale,4.4,200,700,7.4833,80.6167,Low,Ancient cave temple where Pali canon was written,"cave,temple,ancient,religious",
60,Pidurangala Rock,Adventure,Matale,Matale,4.5,300,1000,7.9602,80.7596,Low,Best viewpoint of Sigiriya,"rock,climb,viewpoint,adventure",
61,Rattota Viewpoint,Nature,Matale,Matale,4.8,100,500,7.5,80.75,Low,Scenic mountain viewpoint,"viewpoint,scenic,mountain,nature",
62,Knuckles Mountain Range,Adventure,Matale,Matale,4.5,1500,5000,7.45,80.7833,Medium,Diverse ecosystem trekking destination,"trekking,wildlife,nature,adventure",
63,Aluvihara Rock Temple,Religious,Matale,Matale,4.7,200,700,7.4833,80.6167,Low,Ancient cave temple where Pali canon was written,"cave,temple,ancient,religious",
64,Nalanda Gedige,Historical,Matale,Matale,3.3,200,700,7.55,80.8333,Low,Ancient Hindu-Buddhist fusion temple,"temple,fusion,ancient,historical",images/Nalanda_Gedige.jpg
65,Sigiriya Rock Fortress,Historical,Matale,Matale,4.6,2000,5000,7.957,80.7603,Medium,Ancient rock fortress - UNESCO,"rock,fortress,ancient,UNESCO,historical",images/Sigiriya _Rock _Fortress.jpg
66,Dambulla Cave Temple,Religious,Matale,Matale,3.3,500,1500,7.8568,80.6492,Low,UNESCO cave temple with 150 Buddhas,"cave,temple,UNESCO,religious",
67,Knuckles Mountain Range,Adventure,Matale,Matale,3,1500,5000,7.45,80.7833,Medium,Diverse ecosystem trekking destination,"trekking,wildlife,nature,adventure",
68,Aluvihara Rock Temple,Religious,Matale,Matale,3.5,200,700,7.4833,80.6167,Low,Ancient cave temple where Pali canon was written,"cave,temple,ancient,religious",
69,Aluvihara Rock Temple,Religious,Matale,Matale,4.7,200,700,7.4833,80.6167,Low,Ancient cave temple where Pali canon was written,"cave,temple,ancient,religious",
70,Nalanda Gedige,Historical,Matale,Matale,5,200,700,7.55,80.8333,Low,Ancient Hindu-Buddhist fusion temple,"temple,fusion,ancient,historical",images/Nalanda_Gedige.jpg
71,Aluvihara Rock Temple,Religious,Matale,Matale,3,200,700,7.4833,80.6167,Low,Ancient cave temple where Pali canon was written,"cave,temple,ancient,religious",
72,Nalanda Gedige,Historical,Matale,Matale,3.6,200,700,7.55,80.8333,Low,Ancient Hindu-Buddhist fusion temple,"temple,fusion,ancient,historical",images/Nalanda_Gedige.jpg
73,Nalanda Gedige,Historical,Matale,Matale,3.2,200,700,7.55,80.8333,Low,Ancient Hindu-Buddhist fusion temple,"temple,fusion,ancient,historical",images/Nalanda_Gedige.jpg
74,Nalanda Gedige,Historical,Matale,Matale,3.5,200,700,7.55,80.8333,Low,Ancient Hindu-Buddhist fusion temple,"temple,fusion,ancient,historical",images/Nalanda_Gedige.jpg
75,Dambulla Cave Temple,Religious,Matale,Matale,4.5,500,1500,7.8568,80.6492,Low,UNESCO cave temple with 150 Buddhas,"cave,temple,UNESCO,religious",
76,Dambulla Cave Temple,Religious,Matale,Matale,3.5,500,1500,7.8568,80.6492,Low,UNESCO cave temple with 150 Buddhas,"cave,temple,UNESCO,religious",
77,Rattota Viewpoint,Nature,Matale,Matale,3.2,100,500,7.5,80.75,Low,Scenic mountain viewpoint,"viewpoint,scenic,mountain,nature",
78,Pidurangala Rock,Adventure,Matale,Matale,5,300,1000,7.9602,80.7596,Low,Best viewpoint of Sigiriya,"rock,climb,viewpoint,adventure",
79,Dambulla Cave Temple,Religious,Matale,Matale,4.3,500,1500,7.8568,80.6492,Low,UNESCO cave temple with 150 Buddhas,"cave,temple,UNESCO,religious",
80,Nalanda Gedige,Historical,Matale,Matale,3.4,200,700,7.55,80.8333,Low,Ancient Hindu-Buddhist fusion temple,"temple,fusion,ancient,historical",images/Nalanda_Gedige.jpg
81,Aluvihara Rock Temple,Religious,Matale,Matale,4.6,200,700,7.4833,80.6167,Low,Ancient cave temple where Pali canon was written,"cave,temple,ancient,religious",
82,Sigiriya Rock Fortress,Historical,Matale,Matale,4.4,2000,5000,7.957,80.7603,Medium,Ancient rock fortress - UNESCO,"rock,fortress,ancient,UNESCO,historical",images/Sigiriya _Rock _Fortress.jpg
83,Knuckles Mountain Range,Adventure,Matale,Matale,4.2,1500,5000,7.45,80.7833,Medium,Diverse ecosystem trekking destination,"trekking,wildlife,nature,adventure",
84,Dambulla Cave Temple,Religious,Matale,Matale,5,500,1500,7.8568,80.6492,Low,UNESCO cave temple with 150 Buddhas,"cave,temple,UNESCO,religious",
85,Knuckles Mountain Range,Adventure,Matale,Matale,4.3,1500,5000,7.45,80.7833,Medium,Diverse ecosystem trekking destination,"trekking,wildlife,nature,adventure",
86,Dambulla Cave Temple,Religious,Matale,Matale,3.5,500,1500,7.8568,80.6492,Low,UNESCO cave temple with 150 Buddhas,"cave,temple,UNESCO,religious",
87,Dambulla Cave Temple,Religious,Matale,Matale,3.8,500,1500,7.8568,80.6492,Low,UNESCO cave temple with 150 Buddhas,"cave,temple,UNESCO,religious",
88,Pidurangala Rock,Adventure,Matale,Matale,5,300,1000,7.9602,80.7596,Low,Best viewpoint of Sigiriya,"rock,climb,viewpoint,adventure",
89,Dambulla Cave Temple,Religious,Matale,Matale,3.9,500,1500,7.8568,80.6492,Low,UNESCO cave temple with 150 Buddhas,"cave,temple,UNESCO,religious",
90,Knuckles Mountain Range,Adventure,Matale,Matale,3.4,1500,5000,7.45,80.7833,Medium,Diverse ecosystem trekking destination,"trekking,wildlife,nature,adventure",
91,Rattota Viewpoint,Nature,Matale,Matale,3.1,100,500,7.5,80.75,Low,Scenic mountain viewpoint,"viewpoint,scenic,mountain,nature",
92,Nalanda Gedige,Historical,Matale,Matale,4,200,700,7.55,80.8333,Low,Ancient Hindu-Buddhist fusion temple,"temple,fusion,ancient,historical",images/Nalanda_Gedige.jpg
93,Aluvihara Rock Temple,Religious,Matale,Matale,4.3,200,700,7.4833,80.6167,Low,Ancient cave temple where Pali canon was written,"cave,temple,ancient,religious",
94,Dambulla Cave Temple,Religious,Matale,Matale,3.4,500,1500,7.8568,80.6492,Low,UNESCO cave temple with 150 Buddhas,"cave,temple,UNESCO,religious",
95,Nalanda Gedige,Historical,Matale,Matale,4,200,700,7.55,80.8333,Low,Ancient Hindu-Buddhist fusion temple,"temple,fusion,ancient,historical",images/Nalanda_Gedige.jpg
96,Knuckles Mountain Range,Adventure,Matale,Matale,3.9,1500,5000,7.45,80.7833,Medium,Diverse ecosystem trekking destination,"trekking,wildlife,nature,adventure",
97,Sigiriya Rock Fortress,Historical,Matale,Matale,3.6,2000,5000,7.957,80.7603,Medium,Ancient rock fortress - UNESCO,"rock,fortress,ancient,UNESCO,historical",images/Sigiriya _Rock _Fortress.jpg
98,Pidurangala Rock,Adventure,Matale,Matale,3.7,300,1000,7.9602,80.7596,Low,Best viewpoint of Sigiriya,"rock,climb,viewpoint,adventure",
99,Pidurangala Rock,Adventure,Matale,Matale,4.4,300,1000,7.9602,80.7596,Low,Best viewpoint of Sigiriya,"rock,climb,viewpoint,adventure",
100,Dambulla Cave Temple,Religious,Matale,Matale,3.6,500,1500,7.8568,80.6492,Low,UNESCO cave temple with 150 Buddhas,"cave,temple,UNESCO,religious",
101,Sigiriya Rock Fortress,Historical,Matale,Matale,3.4,2000,5000,7.957,80.7603,Medium,Ancient rock fortress - UNESCO,"rock,fortress,ancient,UNESCO,historical",images/Sigiriya _Rock _Fortress.jpg
102,Sigiriya Rock Fortress,Historical,Matale,Matale,3.1,2000,5000,7.957,80.7603,Medium,Ancient rock fortress - UNESCO,"rock,fortress,ancient,UNESCO,historical",images/Sigiriya _Rock _Fortress.jpg
103,Aluvihara Rock Temple,Religious,Matale,Matale,3.6,200,700,7.4833,80.6167,Low,Ancient cave temple where Pali canon was written,"cave,temple,ancient,religious",
104,Pidurangala Rock,Adventure,Matale,Matale,3.9,300,1000,7.9602,80.7596,Low,Best viewpoint of Sigiriya,"rock,climb,viewpoint,adventure",
105,Knuckles Mountain Range,Adventure,Matale,Matale,3.2,1500,5000,7.45,80.7833,Medium,Diverse ecosystem trekking destination,"trekking,wildlife,nature,adventure",
106,Dambulla Cave Temple,Religious,Matale,Matale,3.5,500,1500,7.8568,80.6492,Low,UNESCO cave temple with 150 Buddhas,"cave,temple,UNESCO,religious",
107,Nalanda Gedige,Historical,Matale,Matale,3.7,200,700,7.55,80.8333,Low,Ancient Hindu-Buddhist fusion temple,"temple,fusion,ancient,historical",images/Nalanda_Gedige.jpg
108,Pidurangala Rock,Adventure,Matale,Matale,3.2,300,1000,7.9602,80.7596,Low,Best viewpoint of Sigiriya,"rock,climb,viewpoint,adventure",
109,Aluvihara Rock Temple,Religious,Matale,Matale,3,200,700,7.4833,80.6167,Low,Ancient cave temple where Pali canon was written,"cave,temple,ancient,religious",
110,Knuckles Mountain Range,Adventure,Matale,Matale,4.5,1500,5000,7.45,80.7833,Medium,Diverse ecosystem trekking destination,"trekking,wildlife,nature,adventure",
111,Dambulla Cave Temple,Religious,Matale,Matale,3.7,500,1500,7.8568,80.6492,Low,UNESCO cave temple with 150 Buddhas,"cave,temple,UNESCO,religious",
112,Aluvihara Rock Temple,Religious,Matale,Matale,4.6,200,700,7.4833,80.6167,Low,Ancient cave temple where Pali canon was written,"cave,temple,ancient,religious",
113,Aluvihara Rock Temple,Religious,Matale,Matale,4.6,200,700,7.4833,80.6167,Low,Ancient cave temple where Pali canon was written,"cave,temple,ancient,religious",
114,Knuckles Mountain Range,Adventure,Matale,Matale,4.2,1500,5000,7.45,80.7833,Medium,Diverse ecosystem trekking destination,"trekking,wildlife,nature,adventure",
115,Dambulla Cave Temple,Religious,Matale,Matale,4.3,500,1500,7.8568,80.6492,Low,UNESCO cave temple with 150 Buddhas,"cave,temple,UNESCO,religious",
116,Dambulla Cave Temple,Religious,Matale,Matale,4.2,500,1500,7.8568,80.6492,Low,UNESCO cave temple with 150 Buddhas,"cave,temple,UNESCO,religious",
117,Sigiriya Rock Fortress,Historical,Matale,Matale,4.8,2000,5000,7.957,80.7603,Medium,Ancient rock fortress - UNESCO,"rock,fortress,ancient,UNESCO,historical",images/Sigiriya _Rock _Fortress.jpg
118,Dambulla Cave Temple,Religious,Matale,Matale,4.3,500,1500,7.8568,80.6492,Low,UNESCO cave temple with 150 Buddhas,"cave,temple,UNESCO,religious",
119,Knuckles Mountain Range,Adventure,Matale,Matale,3.2,1500,5000,7.45,80.7833,Medium,Diverse ecosystem trekking destination,"trekking,wildlife,nature,adventure",
120,Knuckles Mountain Range,Adventure,Matale,Matale,4.9,1500,5000,7.45,80.7833,Medium,Diverse ecosystem trekking destination,"trekking,wildlife,nature,adventure",
121,Aluvihara Rock Temple,Religious,Matale,Matale,4.6,200,700,7.4833,80.6167,Low,Ancient cave temple where Pali canon was written,"cave,temple,ancient,religious",
122,Dambulla Cave Temple,Religious,Matale,Matale,4.4,500,1500,7.8568,80.6492,Low,UNESCO cave temple with 150 Buddhas,"cave,temple,UNESCO,religious",
123,Sigiriya Rock Fortress,Historical,Matale,Matale,3.1,2000,5000,7.957,80.7603,Medium,Ancient rock fortress - UNESCO,"rock,fortress,ancient,UNESCO,historical",images/Sigiriya _Rock _Fortress.jpg
124,Knuckles Mountain Range,Adventure,Matale,Matale,4.2,1500,5000,7.45,80.7833,Medium,Diverse ecosystem trekking destination,"trekking,wildlife,nature,adventure",
125,Pidurangala Rock,Adventure,Matale,Matale,4.5,300,1000,7.9602,80.7596,Low,Best viewpoint of Sigiriya,"rock,climb,viewpoint,adventure",
126,Rattota Viewpoint,Nature,Matale,Matale,3.4,100,500,7.5,80.75,Low,Scenic mountain viewpoint,"viewpoint,scenic,mountain,nature",
127,Aluvihara Rock Temple,Religious,Matale,Matale,3.3,200,700,7.4833,80.6167,Low,Ancient cave temple where Pali canon was written,"cave,temple,ancient,religious",
128,Dambulla Cave Temple,Religious,Matale,Matale,3.4,500,1500,7.8568,80.6492,Low,UNESCO cave temple with 150 Buddhas,"cave,temple,UNESCO,religious",
129,Knuckles Mountain Range,Adventure,Matale,Matale,4.4,1500,5000,7.45,80.7833,Medium,Diverse ecosystem trekking destination,"trekking,wildlife,nature,adventure",
130,Rattota Viewpoint,Nature,Matale,Matale,4.7,100,500,7.5,80.75,Low,Scenic mountain viewpoint,"viewpoint,scenic,mountain,nature",
131,Knuckles Mountain Range,Adventure,Matale,Matale,5,1500,5000,7.45,80.7833,Medium,Diverse ecosystem trekking destination,"trekking,wildlife,nature,adventure",
132,Pidurangala Rock,Adventure,Matale,Matale,3.9,300,1000,7.9602,80.7596,Low,Best viewpoint of Sigiriya,"rock,climb,viewpoint,adventure",
133,Aluvihara Rock Temple,Religious,Matale,Matale,3.2,200,700,7.4833,80.6167,Low,Ancient cave temple where Pali canon was written,"cave,temple,ancient,religious",
134,Nalanda Gedige,Historical,Matale,Matale,3.1,200,700,7.55,80.8333,Low,Ancient Hindu-Buddhist fusion temple,"temple,fusion,ancient,historical",images/Nalanda_Gedige.jpg
135,Nalanda Gedige,Historical,Matale,Matale,4,200,700,7.55,80.8333,Low,Ancient Hindu-Buddhist fusion temple,"temple,fusion,ancient,historical",images/Nalanda_Gedige.jpg
136,Knuckles Mountain Range,Adventure,Matale,Matale,4.6,1500,5000,7.45,80.7833,Medium,Diverse ecosystem trekking destination,"trekking,wildlife,nature,adventure",
137,Dambulla Cave Temple,Religious,Matale,Matale,4.2,500,1500,7.8568,80.6492,Low,UNESCO cave temple with 150 Buddhas,"cave,temple,UNESCO,religious",
138,Aluvihara Rock Temple,Religious,Matale,Matale,4.9,200,700,7.4833,80.6167,Low,Ancient cave temple where Pali canon was written,"cave,temple,ancient,religious",
139,Pidurangala Rock,Adventure,Matale,Matale,3.1,300,1000,7.9602,80.7596,Low,Best viewpoint of Sigiriya,"rock,climb,viewpoint,adventure",
140,Knuckles Mountain Range,Adventure,Matale,Matale,3.1,1500,5000,7.45,80.7833,Medium,Diverse ecosystem trekking destination,"trekking,wildlife,nature,adventure",
141,Aluvihara Rock Temple,Religious,Matale,Matale,3.4,200,700,7.4833,80.6167,Low,Ancient cave temple where Pali canon was written,"cave,temple,ancient,religious",
142,Rattota Viewpoint,Nature,Matale,Matale,3.8,100,500,7.5,80.75,Low,Scenic mountain viewpoint,"viewpoint,scenic,mountain,nature",
143,Aluvihara Rock Temple,Religious,Matale,Matale,4.1,200,700,7.4833,80.6167,Low,Ancient cave temple where Pali canon was written,"cave,temple,ancient,religious",
144,Knuckles Mountain Range,Adventure,Matale,Matale,4.9,1500,5000,7.45,80.7833,Medium,Diverse ecosystem trekking destination,"trekking,wildlife,nature,adventure",
145,Dambulla Cave Temple,Religious,Matale,Matale,3.9,500,1500,7.8568,80.6492,Low,UNESCO cave temple with 150 Buddhas,"cave,temple,UNESCO,religious",
146,Knuckles Mountain Range,Adventure,Matale,Matale,3.8,1500,5000,7.45,80.7833,Medium,Diverse ecosystem trekking destination,"trekking,wildlife,nature,adventure",
147,Rattota Viewpoint,Nature,Matale,Matale,3.8,100,500,7.5,80.75,Low,Scenic mountain viewpoint,"viewpoint,scenic,mountain,nature",
148,Knuckles Mountain Range,Adventure,Matale,Matale,3.5,1500,5000,7.45,80.7833,Medium,Diverse ecosystem trekking destination,"trekking,wildlife,nature,adventure",
149,Dambulla Cave Temple,Religious,Matale,Matale,3,500,1500,7.8568,80.6492,Low,UNESCO cave temple with 150 Buddhas,"cave,temple,UNESCO,religious",
150,Knuckles Mountain Range,Adventure,Matale,Matale,3.4,1500,5000,7.45,80.7833,Medium,Diverse ecosystem trekking destination,"trekking,wildlife,nature,adventure",
151,Aluvihara Rock Temple,Religious,Matale,Matale,3,200,700,7.4833,80.6167,Low,Ancient cave temple where Pali canon was written,"cave,temple,ancient,religious",
152,Rattota Viewpoint,Nature,Matale,Matale,4,100,500,7.5,80.75,Low,Scenic mountain viewpoint,"viewpoint,scenic,mountain,nature",
153,Knuckles Mountain Range,Adventure,Matale,Matale,4.4,1500,5000,7.45,80.7833,Medium,Diverse ecosystem trekking destination,"trekking,wildlife,nature,adventure",
154,Knuckles Mountain Range,Adventure,Matale,Matale,3.5,1500,5000,7.45,80.7833,Medium,Diverse ecosystem trekking destination,"trekking,wildlife,nature,adventure",
155,Rattota Viewpoint,Nature,Matale,Matale,3.4,100,500,7.5,80.75,Low,Scenic mountain viewpoint,"viewpoint,scenic,mountain,nature",
156,Aluvihara Rock Temple,Religious,Matale,Matale,3.5,200,700,7.4833,80.6167,Low,Ancient cave temple where Pali canon was written,"cave,temple,ancient,religious",
157,Sigiriya Rock Fortress,Historical,Matale,Matale,3.3,2000,5000,7.957,80.7603,Medium,Ancient rock fortress - UNESCO,"rock,fortress,ancient,UNESCO,historical",images/Sigiriya _Rock _Fortress.jpg
158,Sigiriya Rock Fortress,Historical,Matale,Matale,4.1,2000,5000,7.957,80.7603,Medium,Ancient rock fortress - UNESCO,"rock,fortress,ancient,UNESCO,historical",images/Sigiriya _Rock _Fortress.jpg
159,Pidurangala Rock,Adventure,Matale,Matale,3.1,300,1000,7.9602,80.7596,Low,Best viewpoint of Sigiriya,"rock,climb,viewpoint,adventure",
160,Dambulla Cave Temple,Religious,Matale,Matale,4.9,500,1500,7.8568,80.6492,Low,UNESCO cave temple with 150 Buddhas,"cave,temple,UNESCO,religious",
161,Pidurangala Rock,Adventure,Matale,Matale,4.9,300,1000,7.9602,80.7596,Low,Best viewpoint of Sigiriya,"rock,climb,viewpoint,adventure",
162,Pidurangala Rock,Adventure,Matale,Matale,4.7,300,1000,7.9602,80.7596,Low,Best viewpoint of Sigiriya,"rock,climb,viewpoint,adventure",
163,Sigiriya Rock Fortress,Historical,Matale,Matale,4.3,2000,5000,7.957,80.7603,Medium,Ancient rock fortress - UNESCO,"rock,fortress,ancient,UNESCO,historical",images/Sigiriya _Rock _Fortress.jpg
164,Dambulla Cave Temple,Religious,Matale,Matale,5,500,1500,7.8568,80.6492,Low,UNESCO cave temple with 150 Buddhas,"cave,temple,UNESCO,religious",
165,Dambulla Cave Temple,Religious,Matale,Matale,4.1,500,1500,7.8568,80.6492,Low,UNESCO cave temple with 150 Buddhas,"cave,temple,UNESCO,religious",
166,Sigiriya Rock Fortress,Historical,Matale,Matale,4.3,2000,5000,7.957,80.7603,Medium,Ancient rock fortress - UNESCO,"rock,fortress,ancient,UNESCO,historical",images/Sigiriya _Rock _Fortress.jpg
167,Aluvihara Rock Temple,Religious,Matale,Matale,4.2,200,700,7.4833,80.6167,Low,Ancient cave temple where Pali canon was written,"cave,temple,ancient,religious",
168,Pidurangala Rock,Adventure,Matale,Matale,3.6,300,1000,7.9602,80.7596,Low,Best viewpoint of Sigiriya,"rock,climb,viewpoint,adventure",
169,Aluvihara Rock Temple,Religious,Matale,Matale,4.8,200,700,7.4833,80.6167,Low,Ancient cave temple where Pali canon was written,"cave,temple,ancient,religious",
170,Pidurangala Rock,Adventure,Matale,Matale,4.4,300,1000,7.9602,80.7596,Low,Best viewpoint of Sigiriya,"rock,climb,viewpoint,adventure",
171,Nalanda Gedige,Historical,Matale,Matale,4.8,200,700,7.55,80.8333,Low,Ancient Hindu-Buddhist fusion temple,"temple,fusion,ancient,historical",images/Nalanda_Gedige.jpg
172,Pidurangala Rock,Adventure,Matale,Matale,3.6,300,1000,7.9602,80.7596,Low,Best viewpoint of Sigiriya,"rock,climb,viewpoint,adventure",
173,Sigiriya Rock Fortress,Historical,Matale,Matale,4.3,2000,5000,7.957,80.7603,Medium,Ancient rock fortress - UNESCO,"rock,fortress,ancient,UNESCO,historical",images/Sigiriya _Rock _Fortress.jpg
174,Sigiriya Rock Fortress,Historical,Matale,Matale,4.6,2000,5000,7.957,80.7603,Medium,Ancient rock fortress - UNESCO,"rock,fortress,ancient,UNESCO,historical",images/Sigiriya _Rock _Fortress.jpg
175,Dambulla Cave Temple,Religious,Matale,Matale,4.5,500,1500,7.8568,80.6492,Low,UNESCO cave temple with 150 Buddhas,"cave,temple,UNESCO,religious",
176,Pidurangala Rock,Adventure,Matale,Matale,3.4,300,1000,7.9602,80.7596,Low,Best viewpoint of Sigiriya,"rock,climb,viewpoint,adventure",
177,Sigiriya Rock Fortress,Historical,Matale,Matale,4.1,2000,5000,7.957,80.7603,Medium,Ancient rock fortress - UNESCO,"rock,fortress,ancient,UNESCO,historical",images/Sigiriya _Rock _Fortress.jpg
178,Rattota Viewpoint,Nature,Matale,Matale,4.6,100,500,7.5,80.75,Low,Scenic mountain viewpoint,"viewpoint,scenic,mountain,nature",
179,Rattota Viewpoint,Nature,Matale,Matale,4.2,100,500,7.5,80.75,Low,Scenic mountain viewpoint,"viewpoint,scenic,mountain,nature",
180,Aluvihara Rock Temple,Religious,Matale,Matale,4.5,200,700,7.4833,80.6167,Low,Ancient cave temple where Pali canon was written,"cave,temple,ancient,religious",
181,Nalanda Gedige,Historical,Matale,Matale,4.9,200,700,7.55,80.8333,Low,Ancient Hindu-Buddhist fusion temple,"temple,fusion,ancient,historical",images/Nalanda_Gedige.jpg
182,Pidurangala Rock,Adventure,Matale,Matale,4.7,300,1000,7.9602,80.7596,Low,Best viewpoint of Sigiriya,"rock,climb,viewpoint,adventure",
183,Aluvihara Rock Temple,Religious,Matale,Matale,4.2,200,700,7.4833,80.6167,Low,Ancient cave temple where Pali canon was written,"cave,temple,ancient,religious",
184,Dambulla Cave Temple,Religious,Matale,Matale,4.6,500,1500,7.8568,80.6492,Low,UNESCO cave temple with 150 Buddhas,"cave,temple,UNESCO,religious",
185,Dambulla Cave Temple,Religious,Matale,Matale,3.6,500,1500,7.8568,80.6492,Low,UNESCO cave temple with 150 Buddhas,"cave,temple,UNESCO,religious",
186,Dambulla Cave Temple,Religious,Matale,Matale,4.2,500,1500,7.8568,80.6492,Low,UNESCO cave temple with 150 Buddhas,"cave,temple,UNESCO,religious",
187,Rattota Viewpoint,Nature,Matale,Matale,4.7,100,500,7.5,80.75,Low,Scenic mountain viewpoint,"viewpoint,scenic,mountain,nature",
188,Nalanda Gedige,Historical,Matale,Matale,3.3,200,700,7.55,80.8333,Low,Ancient Hindu-Buddhist fusion temple,"temple,fusion,ancient,historical",images/Nalanda_Gedige.jpg
189,Dambulla Cave Temple,Religious,Matale,Matale,4.5,500,1500,7.8568,80.6492,Low,UNESCO cave temple with 150 Buddhas,"cave,temple,UNESCO,religious",
190,Nalanda Gedige,Historical,Matale,Matale,3.7,200,700,7.55,80.8333,Low,Ancient Hindu-Buddhist fusion temple,"temple,fusion,ancient,historical",images/Nalanda_Gedige.jpg
191,Nalanda Gedige,Historical,Matale,Matale,3.2,200,700,7.55,80.8333,Low,Ancient Hindu-Buddhist fusion temple,"temple,fusion,ancient,historical",images/Nalanda_Gedige.jpg
192,Dambulla Cave Temple,Religious,Matale,Matale,3.9,500,1500,7.8568,80.6492,Low,UNESCO cave temple with 150 Buddhas,"cave,temple,UNESCO,religious",
193,Rattota Viewpoint,Nature,Matale,Matale,4.7,100,500,7.5,80.75,Low,Scenic mountain viewpoint,"viewpoint,scenic,mountain,nature",
194,Dambulla Cave Temple,Religious,Matale,Matale,4.1,500,1500,7.8568,80.6492,Low,UNESCO cave temple with 150 Buddhas,"cave,temple,UNESCO,religious",
195,Aluvihara Rock Temple,Religious,Matale,Matale,3.4,200,700,7.4833,80.6167,Low,Ancient cave temple where Pali canon was written,"cave,temple,ancient,religious",
196,Pidurangala Rock,Adventure,Matale,Matale,3,300,1000,7.9602,80.7596,Low,Best viewpoint of Sigiriya,"rock,climb,viewpoint,adventure",
197,Dambulla Cave Temple,Religious,Matale,Matale,4.8,500,1500,7.8568,80.6492,Low,UNESCO cave temple with 150 Buddhas,"cave,temple,UNESCO,religious",
198,Rattota Viewpoint,Nature,Matale,Matale,3.8,100,500,7.5,80.75,Low,Scenic mountain viewpoint,"viewpoint,scenic,mountain,nature",
199,Knuckles Mountain Range,Adventure,Matale,Matale,3.4,1500,5000,7.45,80.7833,Medium,Diverse ecosystem trekking destination,"trekking,wildlife,nature,adventure",
200,Dambulla Cave Temple,Religious,Matale,Matale,3.1,500,1500,7.8568,80.6492,Low,UNESCO cave temple with 150 Buddhas,"cave,temple,UNESCO,religious",
201,Dambulla Cave Temple,Religious,Matale,Matale,3.9,500,1500,7.8568,80.6492,Low,UNESCO cave temple with 150 Buddhas,"cave,temple,UNESCO,religious",
202,Aluvihara Rock Temple,Religious,Matale,Matale,4.9,200,700,7.4833,80.6167,Low,Ancient cave temple where Pali canon was written,"cave,temple,ancient,religious",
203,Sigiriya Rock Fortress,Historical,Matale,Matale,4.4,2000,5000,7.957,80.7603,Medium,Ancient rock fortress - UNESCO,"rock,fortress,ancient,UNESCO,historical",images/Sigiriya _Rock _Fortress.jpg
204,Dambulla Cave Temple,Religious,Matale,Matale,4.5,500,1500,7.8568,80.6492,Low,UNESCO cave temple with 150 Buddhas,"cave,temple,UNESCO,religious",
205,Rattota Viewpoint,Nature,Matale,Matale,3,100,500,7.5,80.75,Low,Scenic mountain viewpoint,"viewpoint,scenic,mountain,nature",
206,Sigiriya Rock Fortress,Historical,Matale,Matale,3.8,2000,5000,7.957,80.7603,Medium,Ancient rock fortress - UNESCO,"rock,fortress,ancient,UNESCO,historical",images/Sigiriya _Rock _Fortress.jpg
207,Sigiriya Rock Fortress,Historical,Matale,Matale,3.2,2000,5000,7.957,80.7603,Medium,Ancient rock fortress - UNESCO,"rock,fortress,ancient,UNESCO,historical",images/Sigiriya _Rock _Fortress.jpg
208,Sigiriya Rock Fortress,Historical,Matale,Matale,4.5,2000,5000,7.957,80.7603,Medium,Ancient rock fortress - UNESCO,"rock,fortress,ancient,UNESCO,historical",images/Sigiriya _Rock _Fortress.jpg
209,Aluvihara Rock Temple,Religious,Matale,Matale,4.9,200,700,7.4833,80.6167,Low,Ancient cave temple where Pali canon was written,"cave,temple,ancient,religious",
210,Dambulla Cave Temple,Religious,Matale,Matale,3.5,500,1500,7.8568,80.6492,Low,UNESCO cave temple with 150 Buddhas,"cave,temple,UNESCO,religious",
211,Sigiriya Rock Fortress,Historical,Matale,Matale,3.5,2000,5000,7.957,80.7603,Medium,Ancient rock fortress - UNESCO,"rock,fortress,ancient,UNESCO,historical",images/Sigiriya _Rock _Fortress.jpg
212,Aluvihara Rock Temple,Religious,Matale,Matale,4.2,200,700,7.4833,80.6167,Low,Ancient cave temple where Pali canon was written,"cave,temple,ancient,religious",
213,Rattota Viewpoint,Nature,Matale,Matale,4.9,100,500,7.5,80.75,Low,Scenic mountain viewpoint,"viewpoint,scenic,mountain,nature",
214,Rattota Viewpoint,Nature,Matale,Matale,3.2,100,500,7.5,80.75,Low,Scenic mountain viewpoint,"viewpoint,scenic,mountain,nature",
215,Aluvihara Rock Temple,Religious,Matale,Matale,4.6,200,700,7.4833,80.6167,Low,Ancient cave temple where Pali canon was written,"cave,temple,ancient,religious",
216,Rattota Viewpoint,Nature,Matale,Matale,4.4,100,500,7.5,80.75,Low,Scenic mountain viewpoint,"viewpoint,scenic,mountain,nature",
217,Dambulla Cave Temple,Religious,Matale,Matale,3.3,500,1500,7.8568,80.6492,Low,UNESCO cave temple with 150 Buddhas,"cave,temple,UNESCO,religious",
218,Rattota Viewpoint,Nature,Matale,Matale,4.1,100,500,7.5,80.75,Low,Scenic mountain viewpoint,"viewpoint,scenic,mountain,nature",
219,Nalanda Gedige,Historical,Matale,Matale,4.6,200,700,7.55,80.8333,Low,Ancient Hindu-Buddhist fusion temple,"temple,fusion,ancient,historical",images/Nalanda_Gedige.jpg
220,Pidurangala Rock,Adventure,Matale,Matale,3.7,300,1000,7.9602,80.7596,Low,Best viewpoint of Sigiriya,"rock,climb,viewpoint,adventure",
1,Mirissa Beach,Beach,Matara,Matara,4.8,500,2000,5.9483,80.456,Low,Famous whale watching and surfing beach,"beach,whale,surf,scenic",
2,Matara Fort,Historical,Matara,Matara,4.7,0,400,5.9486,80.5353,Low,Dutch star fort in Matara town,"fort,dutch,colonial,historical",
3,Dondra Lighthouse,Nature,Matara,Matara,4.4,200,600,5.9233,80.5917,Low,Southernmost point lighthouse of Sri Lanka,"lighthouse,southernmost,scenic,nature",
4,Polhena Beach,Beach,Matara,Matara,4.3,200,800,5.95,80.5333,Low,Sea turtle snorkeling beach,"beach,turtle,snorkel,nature",
5,Weligama Beach,Beach,Matara,Matara,3.6,300,1200,5.9731,80.4297,Low,Famous for stilt fishermen and surfing,"beach,stiltfishing,surf,scenic",
6,Weherahena Temple,Religious,Matara,Matara,4.7,0,500,5.9486,80.5353,Low,Temple with underground museum and giant Buddha,"temple,buddhist,giant,religious",
7,Mulgirigala Rock Temple,Religious,Matara,Matara,4.6,200,800,6.075,80.6175,Low,Ancient cave temple on rock summit,"cave,temple,ancient,religious",
8,Weligama Beach,Beach,Matara,Matara,3.4,300,1200,5.9731,80.4297,Low,Famous for stilt fishermen and surfing,"beach,stiltfishing,surf,scenic",
9,Matara Fort,Historical,Matara,Matara,4.9,0,400,5.9486,80.5353,Low,Dutch star fort in Matara town,"fort,dutch,colonial,historical",
10,Matara Fort,Historical,Matara,Matara,4.8,0,400,5.9486,80.5353,Low,Dutch star fort in Matara town,"fort,dutch,colonial,historical",
11,Weligama Beach,Beach,Matara,Matara,3,300,1200,5.9731,80.4297,Low,Famous for stilt fishermen and surfing,"beach,stiltfishing,surf,scenic",
12,Weherahena Temple,Religious,Matara,Matara,3.2,0,500,5.9486,80.5353,Low,Temple with underground museum and giant Buddha,"temple,buddhist,giant,religious",
13,Matara Fort,Historical,Matara,Matara,4.8,0,400,5.9486,80.5353,Low,Dutch star fort in Matara town,"fort,dutch,colonial,historical",
14,Mulgirigala Rock Temple,Religious,Matara,Matara,4.4,200,800,6.075,80.6175,Low,Ancient cave temple on rock summit,"cave,temple,ancient,religious",
15,Dondra Lighthouse,Nature,Matara,Matara,4.4,200,600,5.9233,80.5917,Low,Southernmost point lighthouse of Sri Lanka,"lighthouse,southernmost,scenic,nature",
16,Matara Fort,Historical,Matara,Matara,3.9,0,400,5.9486,80.5353,Low,Dutch star fort in Matara town,"fort,dutch,colonial,historical",
17,Mirissa Beach,Beach,Matara,Matara,3.4,500,2000,5.9483,80.456,Low,Famous whale watching and surfing beach,"beach,whale,surf,scenic",
18,Dondra Lighthouse,Nature,Matara,Matara,5,200,600,5.9233,80.5917,Low,Southernmost point lighthouse of Sri Lanka,"lighthouse,southernmost,scenic,nature",
19,Polhena Beach,Beach,Matara,Matara,3.4,200,800,5.95,80.5333,Low,Sea turtle snorkeling beach,"beach,turtle,snorkel,nature",
20,Matara Fort,Historical,Matara,Matara,3.8,0,400,5.9486,80.5353,Low,Dutch star fort in Matara town,"fort,dutch,colonial,historical",
21,Mulgirigala Rock Temple,Religious,Matara,Matara,5,200,800,6.075,80.6175,Low,Ancient cave temple on rock summit,"cave,temple,ancient,religious",
22,Mirissa Beach,Beach,Matara,Matara,3.9,500,2000,5.9483,80.456,Low,Famous whale watching and surfing beach,"beach,whale,surf,scenic",
23,Weligama Beach,Beach,Matara,Matara,3.3,300,1200,5.9731,80.4297,Low,Famous for stilt fishermen and surfing,"beach,stiltfishing,surf,scenic",
24,Mulgirigala Rock Temple,Religious,Matara,Matara,3.7,200,800,6.075,80.6175,Low,Ancient cave temple on rock summit,"cave,temple,ancient,religious",
25,Dondra Lighthouse,Nature,Matara,Matara,4.1,200,600,5.9233,80.5917,Low,Southernmost point lighthouse of Sri Lanka,"lighthouse,southernmost,scenic,nature",
26,Mirissa Beach,Beach,Matara,Matara,3.2,500,2000,5.9483,80.456,Low,Famous whale watching and surfing beach,"beach,whale,surf,scenic",
27,Polhena Beach,Beach,Matara,Matara,3.2,200,800,5.95,80.5333,Low,Sea turtle snorkeling beach,"beach,turtle,snorkel,nature",
28,Dondra Lighthouse,Nature,Matara,Matara,3.9,200,600,5.9233,80.5917,Low,Southernmost point lighthouse of Sri Lanka,"lighthouse,southernmost,scenic,nature",
29,Weherahena Temple,Religious,Matara,Matara,3.6,0,500,5.9486,80.5353,Low,Temple with underground museum and giant Buddha,"temple,buddhist,giant,religious",
30,Mulgirigala Rock Temple,Religious,Matara,Matara,3.9,200,800,6.075,80.6175,Low,Ancient cave temple on rock summit,"cave,temple,ancient,religious",
31,Weligama Beach,Beach,Matara,Matara,3.8,300,1200,5.9731,80.4297,Low,Famous for stilt fishermen and surfing,"beach,stiltfishing,surf,scenic",
32,Mulgirigala Rock Temple,Religious,Matara,Matara,3.9,200,800,6.075,80.6175,Low,Ancient cave temple on rock summit,"cave,temple,ancient,religious",
33,Mulgirigala Rock Temple,Religious,Matara,Matara,3.1,200,800,6.075,80.6175,Low,Ancient cave temple on rock summit,"cave,temple,ancient,religious",
34,Mulgirigala Rock Temple,Religious,Matara,Matara,4.6,200,800,6.075,80.6175,Low,Ancient cave temple on rock summit,"cave,temple,ancient,religious",
35,Weherahena Temple,Religious,Matara,Matara,3.7,0,500,5.9486,80.5353,Low,Temple with underground museum and giant Buddha,"temple,buddhist,giant,religious",
36,Mirissa Beach,Beach,Matara,Matara,5,500,2000,5.9483,80.456,Low,Famous whale watching and surfing beach,"beach,whale,surf,scenic",
37,Polhena Beach,Beach,Matara,Matara,4.3,200,800,5.95,80.5333,Low,Sea turtle snorkeling beach,"beach,turtle,snorkel,nature",
38,Polhena Beach,Beach,Matara,Matara,3.9,200,800,5.95,80.5333,Low,Sea turtle snorkeling beach,"beach,turtle,snorkel,nature",
39,Weherahena Temple,Religious,Matara,Matara,4.4,0,500,5.9486,80.5353,Low,Temple with underground museum and giant Buddha,"temple,buddhist,giant,religious",
40,Mirissa Beach,Beach,Matara,Matara,3.3,500,2000,5.9483,80.456,Low,Famous whale watching and surfing beach,"beach,whale,surf,scenic",
41,Polhena Beach,Beach,Matara,Matara,4.4,200,800,5.95,80.5333,Low,Sea turtle snorkeling beach,"beach,turtle,snorkel,nature",
42,Mirissa Beach,Beach,Matara,Matara,4.5,500,2000,5.9483,80.456,Low,Famous whale watching and surfing beach,"beach,whale,surf,scenic",
43,Matara Fort,Historical,Matara,Matara,3.1,0,400,5.9486,80.5353,Low,Dutch star fort in Matara town,"fort,dutch,colonial,historical",
44,Matara Fort,Historical,Matara,Matara,3.7,0,400,5.9486,80.5353,Low,Dutch star fort in Matara town,"fort,dutch,colonial,historical",
45,Weligama Beach,Beach,Matara,Matara,4.7,300,1200,5.9731,80.4297,Low,Famous for stilt fishermen and surfing,"beach,stiltfishing,surf,scenic",
46,Polhena Beach,Beach,Matara,Matara,3.2,200,800,5.95,80.5333,Low,Sea turtle snorkeling beach,"beach,turtle,snorkel,nature",
47,Mulgirigala Rock Temple,Religious,Matara,Matara,3.8,200,800,6.075,80.6175,Low,Ancient cave temple on rock summit,"cave,temple,ancient,religious",
48,Polhena Beach,Beach,Matara,Matara,3.6,200,800,5.95,80.5333,Low,Sea turtle snorkeling beach,"beach,turtle,snorkel,nature",
49,Weherahena Temple,Religious,Matara,Matara,4.5,0,500,5.9486,80.5353,Low,Temple with underground museum and giant Buddha,"temple,buddhist,giant,religious",
50,Weligama Beach,Beach,Matara,Matara,3.5,300,1200,5.9731,80.4297,Low,Famous for stilt fishermen and surfing,"beach,stiltfishing,surf,scenic",
51,Mulgirigala Rock Temple,Religious,Matara,Matara,4.6,200,800,6.075,80.6175,Low,Ancient cave temple on rock summit,"cave,temple,ancient,religious",
52,Polhena Beach,Beach,Matara,Matara,3.7,200,800,5.95,80.5333,Low,Sea turtle snorkeling beach,"beach,turtle,snorkel,nature",
53,Weherahena Temple,Religious,Matara,Matara,4.2,0,500,5.9486,80.5353,Low,Temple with underground museum and giant Buddha,"temple,buddhist,giant,religious",
54,Polhena Beach,Beach,Matara,Matara,5,200,800,5.95,80.5333,Low,Sea turtle snorkeling beach,"beach,turtle,snorkel,nature",
55,Weligama Beach,Beach,Matara,Matara,3.6,300,1200,5.9731,80.4297,Low,Famous for stilt fishermen and surfing,"beach,stiltfishing,surf,scenic",
56,Mulgirigala Rock Temple,Religious,Matara,Matara,3.9,200,800,6.075,80.6175,Low,Ancient cave temple on rock summit,"cave,temple,ancient,religious",
57,Mirissa Beach,Beach,Matara,Matara,3.5,500,2000,5.9483,80.456,Low,Famous whale watching and surfing beach,"beach,whale,surf,scenic",
58,Polhena Beach,Beach,Matara,Matara,3.5,200,800,5.95,80.5333,Low,Sea turtle snorkeling beach,"beach,turtle,snorkel,nature",
59,Matara Fort,Historical,Matara,Matara,3.1,0,400,5.9486,80.5353,Low,Dutch star fort in Matara town,"fort,dutch,colonial,historical",
60,Weherahena Temple,Religious,Matara,Matara,3.1,0,500,5.9486,80.5353,Low,Temple with underground museum and giant Buddha,"temple,buddhist,giant,religious",
61,Mirissa Beach,Beach,Matara,Matara,4,500,2000,5.9483,80.456,Low,Famous whale watching and surfing beach,"beach,whale,surf,scenic",
62,Mirissa Beach,Beach,Matara,Matara,4.9,500,2000,5.9483,80.456,Low,Famous whale watching and surfing beach,"beach,whale,surf,scenic",
63,Polhena Beach,Beach,Matara,Matara,4.2,200,800,5.95,80.5333,Low,Sea turtle snorkeling beach,"beach,turtle,snorkel,nature",
64,Dondra Lighthouse,Nature,Matara,Matara,3.3,200,600,5.9233,80.5917,Low,Southernmost point lighthouse of Sri Lanka,"lighthouse,southernmost,scenic,nature",
65,Weligama Beach,Beach,Matara,Matara,4.2,300,1200,5.9731,80.4297,Low,Famous for stilt fishermen and surfing,"beach,stiltfishing,surf,scenic",
66,Mulgirigala Rock Temple,Religious,Matara,Matara,3.2,200,800,6.075,80.6175,Low,Ancient cave temple on rock summit,"cave,temple,ancient,religious",
67,Mulgirigala Rock Temple,Religious,Matara,Matara,4,200,800,6.075,80.6175,Low,Ancient cave temple on rock summit,"cave,temple,ancient,religious",
68,Polhena Beach,Beach,Matara,Matara,4.6,200,800,5.95,80.5333,Low,Sea turtle snorkeling beach,"beach,turtle,snorkel,nature",
69,Matara Fort,Historical,Matara,Matara,3.6,0,400,5.9486,80.5353,Low,Dutch star fort in Matara town,"fort,dutch,colonial,historical",
70,Polhena Beach,Beach,Matara,Matara,4,200,800,5.95,80.5333,Low,Sea turtle snorkeling beach,"beach,turtle,snorkel,nature",
71,Dondra Lighthouse,Nature,Matara,Matara,4.1,200,600,5.9233,80.5917,Low,Southernmost point lighthouse of Sri Lanka,"lighthouse,southernmost,scenic,nature",
72,Mulgirigala Rock Temple,Religious,Matara,Matara,4.7,200,800,6.075,80.6175,Low,Ancient cave temple on rock summit,"cave,temple,ancient,religious",
73,Weligama Beach,Beach,Matara,Matara,3,300,1200,5.9731,80.4297,Low,Famous for stilt fishermen and surfing,"beach,stiltfishing,surf,scenic",
74,Mulgirigala Rock Temple,Religious,Matara,Matara,3.1,200,800,6.075,80.6175,Low,Ancient cave temple on rock summit,"cave,temple,ancient,religious",
75,Polhena Beach,Beach,Matara,Matara,4.8,200,800,5.95,80.5333,Low,Sea turtle snorkeling beach,"beach,turtle,snorkel,nature",
76,Mirissa Beach,Beach,Matara,Matara,3.8,500,2000,5.9483,80.456,Low,Famous whale watching and surfing beach,"beach,whale,surf,scenic",
77,Dondra Lighthouse,Nature,Matara,Matara,4.7,200,600,5.9233,80.5917,Low,Southernmost point lighthouse of Sri Lanka,"lighthouse,southernmost,scenic,nature",
78,Polhena Beach,Beach,Matara,Matara,3.9,200,800,5.95,80.5333,Low,Sea turtle snorkeling beach,"beach,turtle,snorkel,nature",
79,Mirissa Beach,Beach,Matara,Matara,3.4,500,2000,5.9483,80.456,Low,Famous whale watching and surfing beach,"beach,whale,surf,scenic",
80,Weherahena Temple,Religious,Matara,Matara,4.7,0,500,5.9486,80.5353,Low,Temple with underground museum and giant Buddha,"temple,buddhist,giant,religious",
81,Dondra Lighthouse,Nature,Matara,Matara,4.8,200,600,5.9233,80.5917,Low,Southernmost point lighthouse of Sri Lanka,"lighthouse,southernmost,scenic,nature",
82,Matara Fort,Historical,Matara,Matara,4,0,400,5.9486,80.5353,Low,Dutch star fort in Matara town,"fort,dutch,colonial,historical",
83,Matara Fort,Historical,Matara,Matara,3.6,0,400,5.9486,80.5353,Low,Dutch star fort in Matara town,"fort,dutch,colonial,historical",
84,Polhena Beach,Beach,Matara,Matara,4,200,800,5.95,80.5333,Low,Sea turtle snorkeling beach,"beach,turtle,snorkel,nature",
85,Mirissa Beach,Beach,Matara,Matara,4.1,500,2000,5.9483,80.456,Low,Famous whale watching and surfing beach,"beach,whale,surf,scenic",
86,Polhena Beach,Beach,Matara,Matara,4.3,200,800,5.95,80.5333,Low,Sea turtle snorkeling beach,"beach,turtle,snorkel,nature",
87,Weherahena Temple,Religious,Matara,Matara,4.1,0,500,5.9486,80.5353,Low,Temple with underground museum and giant Buddha,"temple,buddhist,giant,religious",
88,Polhena Beach,Beach,Matara,Matara,4,200,800,5.95,80.5333,Low,Sea turtle snorkeling beach,"beach,turtle,snorkel,nature",
89,Mulgirigala Rock Temple,Religious,Matara,Matara,3.3,200,800,6.075,80.6175,Low,Ancient cave temple on rock summit,"cave,temple,ancient,religious",
90,Mirissa Beach,Beach,Matara,Matara,3.8,500,2000,5.9483,80.456,Low,Famous whale watching and surfing beach,"beach,whale,surf,scenic",
91,Polhena Beach,Beach,Matara,Matara,4.2,200,800,5.95,80.5333,Low,Sea turtle snorkeling beach,"beach,turtle,snorkel,nature",
92,Polhena Beach,Beach,Matara,Matara,4.2,200,800,5.95,80.5333,Low,Sea turtle snorkeling beach,"beach,turtle,snorkel,nature",
93,Dondra Lighthouse,Nature,Matara,Matara,4.5,200,600,5.9233,80.5917,Low,Southernmost point lighthouse of Sri Lanka,"lighthouse,southernmost,scenic,nature",
94,Dondra Lighthouse,Nature,Matara,Matara,3.6,200,600,5.9233,80.5917,Low,Southernmost point lighthouse of Sri Lanka,"lighthouse,southernmost,scenic,nature",
95,Mirissa Beach,Beach,Matara,Matara,4.2,500,2000,5.9483,80.456,Low,Famous whale watching and surfing beach,"beach,whale,surf,scenic",
96,Matara Fort,Historical,Matara,Matara,4.7,0,400,5.9486,80.5353,Low,Dutch star fort in Matara town,"fort,dutch,colonial,historical",
97,Dondra Lighthouse,Nature,Matara,Matara,4.6,200,600,5.9233,80.5917,Low,Southernmost point lighthouse of Sri Lanka,"lighthouse,southernmost,scenic,nature",
98,Weligama Beach,Beach,Matara,Matara,3.1,300,1200,5.9731,80.4297,Low,Famous for stilt fishermen and surfing,"beach,stiltfishing,surf,scenic",
99,Weherahena Temple,Religious,Matara,Matara,3.7,0,500,5.9486,80.5353,Low,Temple with underground museum and giant Buddha,"temple,buddhist,giant,religious",
100,Mirissa Beach,Beach,Matara,Matara,3.9,500,2000,5.9483,80.456,Low,Famous whale watching and surfing beach,"beach,whale,surf,scenic",
101,Dondra Lighthouse,Nature,Matara,Matara,3.8,200,600,5.9233,80.5917,Low,Southernmost point lighthouse of Sri Lanka,"lighthouse,southernmost,scenic,nature",
102,Mirissa Beach,Beach,Matara,Matara,4.3,500,2000,5.9483,80.456,Low,Famous whale watching and surfing beach,"beach,whale,surf,scenic",
103,Matara Fort,Historical,Matara,Matara,3.5,0,400,5.9486,80.5353,Low,Dutch star fort in Matara town,"fort,dutch,colonial,historical",
104,Dondra Lighthouse,Nature,Matara,Matara,4.2,200,600,5.9233,80.5917,Low,Southernmost point lighthouse of Sri Lanka,"lighthouse,southernmost,scenic,nature",
105,Weherahena Temple,Religious,Matara,Matara,3.1,0,500,5.9486,80.5353,Low,Temple with underground museum and giant Buddha,"temple,buddhist,giant,religious",
106,Dondra Lighthouse,Nature,Matara,Matara,3.2,200,600,5.9233,80.5917,Low,Southernmost point lighthouse of Sri Lanka,"lighthouse,southernmost,scenic,nature",
107,Matara Fort,Historical,Matara,Matara,3,0,400,5.9486,80.5353,Low,Dutch star fort in Matara town,"fort,dutch,colonial,historical",
108,Dondra Lighthouse,Nature,Matara,Matara,3.1,200,600,5.9233,80.5917,Low,Southernmost point lighthouse of Sri Lanka,"lighthouse,southernmost,scenic,nature",
109,Weherahena Temple,Religious,Matara,Matara,4.7,0,500,5.9486,80.5353,Low,Temple with underground museum and giant Buddha,"temple,buddhist,giant,religious",
110,Weligama Beach,Beach,Matara,Matara,4,300,1200,5.9731,80.4297,Low,Famous for stilt fishermen and surfing,"beach,stiltfishing,surf,scenic",
111,Polhena Beach,Beach,Matara,Matara,3.5,200,800,5.95,80.5333,Low,Sea turtle snorkeling beach,"beach,turtle,snorkel,nature",
112,Weherahena Temple,Religious,Matara,Matara,3.9,0,500,5.9486,80.5353,Low,Temple with underground museum and giant Buddha,"temple,buddhist,giant,religious",
113,Mirissa Beach,Beach,Matara,Matara,5,500,2000,5.9483,80.456,Low,Famous whale watching and surfing beach,"beach,whale,surf,scenic",
114,Polhena Beach,Beach,Matara,Matara,4.1,200,800,5.95,80.5333,Low,Sea turtle snorkeling beach,"beach,turtle,snorkel,nature",
115,Dondra Lighthouse,Nature,Matara,Matara,4.1,200,600,5.9233,80.5917,Low,Southernmost point lighthouse of Sri Lanka,"lighthouse,southernmost,scenic,nature",
116,Mulgirigala Rock Temple,Religious,Matara,Matara,4,200,800,6.075,80.6175,Low,Ancient cave temple on rock summit,"cave,temple,ancient,religious",
117,Weherahena Temple,Religious,Matara,Matara,4.4,0,500,5.9486,80.5353,Low,Temple with underground museum and giant Buddha,"temple,buddhist,giant,religious",
118,Dondra Lighthouse,Nature,Matara,Matara,4,200,600,5.9233,80.5917,Low,Southernmost point lighthouse of Sri Lanka,"lighthouse,southernmost,scenic,nature",
119,Mulgirigala Rock Temple,Religious,Matara,Matara,4.5,200,800,6.075,80.6175,Low,Ancient cave temple on rock summit,"cave,temple,ancient,religious",
120,Dondra Lighthouse,Nature,Matara,Matara,3.3,200,600,5.9233,80.5917,Low,Southernmost point lighthouse of Sri Lanka,"lighthouse,southernmost,scenic,nature",
121,Dondra Lighthouse,Nature,Matara,Matara,3.7,200,600,5.9233,80.5917,Low,Southernmost point lighthouse of Sri Lanka,"lighthouse,southernmost,scenic,nature",
122,Polhena Beach,Beach,Matara,Matara,3.4,200,800,5.95,80.5333,Low,Sea turtle snorkeling beach,"beach,turtle,snorkel,nature",
123,Weherahena Temple,Religious,Matara,Matara,4.7,0,500,5.9486,80.5353,Low,Temple with underground museum and giant Buddha,"temple,buddhist,giant,religious",
124,Mulgirigala Rock Temple,Religious,Matara,Matara,3.2,200,800,6.075,80.6175,Low,Ancient cave temple on rock summit,"cave,temple,ancient,religious",
125,Mulgirigala Rock Temple,Religious,Matara,Matara,4.1,200,800,6.075,80.6175,Low,Ancient cave temple on rock summit,"cave,temple,ancient,religious",
126,Dondra Lighthouse,Nature,Matara,Matara,3.5,200,600,5.9233,80.5917,Low,Southernmost point lighthouse of Sri Lanka,"lighthouse,southernmost,scenic,nature",
127,Dondra Lighthouse,Nature,Matara,Matara,5,200,600,5.9233,80.5917,Low,Southernmost point lighthouse of Sri Lanka,"lighthouse,southernmost,scenic,nature",
128,Polhena Beach,Beach,Matara,Matara,4.6,200,800,5.95,80.5333,Low,Sea turtle snorkeling beach,"beach,turtle,snorkel,nature",
129,Weligama Beach,Beach,Matara,Matara,4.5,300,1200,5.9731,80.4297,Low,Famous for stilt fishermen and surfing,"beach,stiltfishing,surf,scenic",
130,Mirissa Beach,Beach,Matara,Matara,4.4,500,2000,5.9483,80.456,Low,Famous whale watching and surfing beach,"beach,whale,surf,scenic",
131,Weligama Beach,Beach,Matara,Matara,3.2,300,1200,5.9731,80.4297,Low,Famous for stilt fishermen and surfing,"beach,stiltfishing,surf,scenic",
132,Dondra Lighthouse,Nature,Matara,Matara,3.5,200,600,5.9233,80.5917,Low,Southernmost point lighthouse of Sri Lanka,"lighthouse,southernmost,scenic,nature",
133,Weligama Beach,Beach,Matara,Matara,4.6,300,1200,5.9731,80.4297,Low,Famous for stilt fishermen and surfing,"beach,stiltfishing,surf,scenic",
134,Polhena Beach,Beach,Matara,Matara,3.9,200,800,5.95,80.5333,Low,Sea turtle snorkeling beach,"beach,turtle,snorkel,nature",
135,Dondra Lighthouse,Nature,Matara,Matara,4.6,200,600,5.9233,80.5917,Low,Southernmost point lighthouse of Sri Lanka,"lighthouse,southernmost,scenic,nature",
136,Weherahena Temple,Religious,Matara,Matara,4.6,0,500,5.9486,80.5353,Low,Temple with underground museum and giant Buddha,"temple,buddhist,giant,religious",
137,Weligama Beach,Beach,Matara,Matara,4.6,300,1200,5.9731,80.4297,Low,Famous for stilt fishermen and surfing,"beach,stiltfishing,surf,scenic",
138,Polhena Beach,Beach,Matara,Matara,4.3,200,800,5.95,80.5333,Low,Sea turtle snorkeling beach,"beach,turtle,snorkel,nature",
139,Dondra Lighthouse,Nature,Matara,Matara,3.4,200,600,5.9233,80.5917,Low,Southernmost point lighthouse of Sri Lanka,"lighthouse,southernmost,scenic,nature",
140,Polhena Beach,Beach,Matara,Matara,3.5,200,800,5.95,80.5333,Low,Sea turtle snorkeling beach,"beach,turtle,snorkel,nature",
141,Weligama Beach,Beach,Matara,Matara,3.9,300,1200,5.9731,80.4297,Low,Famous for stilt fishermen and surfing,"beach,stiltfishing,surf,scenic",
142,Mulgirigala Rock Temple,Religious,Matara,Matara,4.1,200,800,6.075,80.6175,Low,Ancient cave temple on rock summit,"cave,temple,ancient,religious",
143,Mirissa Beach,Beach,Matara,Matara,4.3,500,2000,5.9483,80.456,Low,Famous whale watching and surfing beach,"beach,whale,surf,scenic",
144,Weligama Beach,Beach,Matara,Matara,4.7,300,1200,5.9731,80.4297,Low,Famous for stilt fishermen and surfing,"beach,stiltfishing,surf,scenic",
145,Weligama Beach,Beach,Matara,Matara,4,300,1200,5.9731,80.4297,Low,Famous for stilt fishermen and surfing,"beach,stiltfishing,surf,scenic",
146,Weherahena Temple,Religious,Matara,Matara,4.9,0,500,5.9486,80.5353,Low,Temple with underground museum and giant Buddha,"temple,buddhist,giant,religious",
147,Weherahena Temple,Religious,Matara,Matara,4.9,0,500,5.9486,80.5353,Low,Temple with underground museum and giant Buddha,"temple,buddhist,giant,religious",
148,Dondra Lighthouse,Nature,Matara,Matara,4.9,200,600,5.9233,80.5917,Low,Southernmost point lighthouse of Sri Lanka,"lighthouse,southernmost,scenic,nature",
149,Weligama Beach,Beach,Matara,Matara,4.6,300,1200,5.9731,80.4297,Low,Famous for stilt fishermen and surfing,"beach,stiltfishing,surf,scenic",
150,Mulgirigala Rock Temple,Religious,Matara,Matara,4.5,200,800,6.075,80.6175,Low,Ancient cave temple on rock summit,"cave,temple,ancient,religious",
151,Polhena Beach,Beach,Matara,Matara,4.9,200,800,5.95,80.5333,Low,Sea turtle snorkeling beach,"beach,turtle,snorkel,nature",
152,Weherahena Temple,Religious,Matara,Matara,4.3,0,500,5.9486,80.5353,Low,Temple with underground museum and giant Buddha,"temple,buddhist,giant,religious",
153,Weligama Beach,Beach,Matara,Matara,3.4,300,1200,5.9731,80.4297,Low,Famous for stilt fishermen and surfing,"beach,stiltfishing,surf,scenic",
154,Polhena Beach,Beach,Matara,Matara,3.3,200,800,5.95,80.5333,Low,Sea turtle snorkeling beach,"beach,turtle,snorkel,nature",
155,Matara Fort,Historical,Matara,Matara,4.5,0,400,5.9486,80.5353,Low,Dutch star fort in Matara town,"fort,dutch,colonial,historical",
156,Mulgirigala Rock Temple,Religious,Matara,Matara,3.6,200,800,6.075,80.6175,Low,Ancient cave temple on rock summit,"cave,temple,ancient,religious",
157,Polhena Beach,Beach,Matara,Matara,3.8,200,800,5.95,80.5333,Low,Sea turtle snorkeling beach,"beach,turtle,snorkel,nature",
158,Mulgirigala Rock Temple,Religious,Matara,Matara,4.7,200,800,6.075,80.6175,Low,Ancient cave temple on rock summit,"cave,temple,ancient,religious",
159,Mirissa Beach,Beach,Matara,Matara,4.3,500,2000,5.9483,80.456,Low,Famous whale watching and surfing beach,"beach,whale,surf,scenic",
160,Mulgirigala Rock Temple,Religious,Matara,Matara,3.8,200,800,6.075,80.6175,Low,Ancient cave temple on rock summit,"cave,temple,ancient,religious",
161,Mulgirigala Rock Temple,Religious,Matara,Matara,3.6,200,800,6.075,80.6175,Low,Ancient cave temple on rock summit,"cave,temple,ancient,religious",
162,Matara Fort,Historical,Matara,Matara,3.5,0,400,5.9486,80.5353,Low,Dutch star fort in Matara town,"fort,dutch,colonial,historical",
163,Weligama Beach,Beach,Matara,Matara,3.5,300,1200,5.9731,80.4297,Low,Famous for stilt fishermen and surfing,"beach,stiltfishing,surf,scenic",
164,Matara Fort,Historical,Matara,Matara,3.2,0,400,5.9486,80.5353,Low,Dutch star fort in Matara town,"fort,dutch,colonial,historical",
165,Matara Fort,Historical,Matara,Matara,3.1,0,400,5.9486,80.5353,Low,Dutch star fort in Matara town,"fort,dutch,colonial,historical",
166,Mulgirigala Rock Temple,Religious,Matara,Matara,4.7,200,800,6.075,80.6175,Low,Ancient cave temple on rock summit,"cave,temple,ancient,religious",
167,Polhena Beach,Beach,Matara,Matara,4,200,800,5.95,80.5333,Low,Sea turtle snorkeling beach,"beach,turtle,snorkel,nature",
168,Polhena Beach,Beach,Matara,Matara,3.8,200,800,5.95,80.5333,Low,Sea turtle snorkeling beach,"beach,turtle,snorkel,nature",
169,Mirissa Beach,Beach,Matara,Matara,3.4,500,2000,5.9483,80.456,Low,Famous whale watching and surfing beach,"beach,whale,surf,scenic",
170,Dondra Lighthouse,Nature,Matara,Matara,3.3,200,600,5.9233,80.5917,Low,Southernmost point lighthouse of Sri Lanka,"lighthouse,southernmost,scenic,nature",
171,Dondra Lighthouse,Nature,Matara,Matara,4.6,200,600,5.9233,80.5917,Low,Southernmost point lighthouse of Sri Lanka,"lighthouse,southernmost,scenic,nature",
172,Dondra Lighthouse,Nature,Matara,Matara,4.3,200,600,5.9233,80.5917,Low,Southernmost point lighthouse of Sri Lanka,"lighthouse,southernmost,scenic,nature",
173,Matara Fort,Historical,Matara,Matara,4.3,0,400,5.9486,80.5353,Low,Dutch star fort in Matara town,"fort,dutch,colonial,historical",
174,Mirissa Beach,Beach,Matara,Matara,4.9,500,2000,5.9483,80.456,Low,Famous whale watching and surfing beach,"beach,whale,surf,scenic",
175,Polhena Beach,Beach,Matara,Matara,4.6,200,800,5.95,80.5333,Low,Sea turtle snorkeling beach,"beach,turtle,snorkel,nature",
176,Mirissa Beach,Beach,Matara,Matara,4.7,500,2000,5.9483,80.456,Low,Famous whale watching and surfing beach,"beach,whale,surf,scenic",
177,Mirissa Beach,Beach,Matara,Matara,3.6,500,2000,5.9483,80.456,Low,Famous whale watching and surfing beach,"beach,whale,surf,scenic",
178,Dondra Lighthouse,Nature,Matara,Matara,4.7,200,600,5.9233,80.5917,Low,Southernmost point lighthouse of Sri Lanka,"lighthouse,southernmost,scenic,nature",
179,Polhena Beach,Beach,Matara,Matara,4.8,200,800,5.95,80.5333,Low,Sea turtle snorkeling beach,"beach,turtle,snorkel,nature",
180,Weherahena Temple,Religious,Matara,Matara,4.3,0,500,5.9486,80.5353,Low,Temple with underground museum and giant Buddha,"temple,buddhist,giant,religious",
181,Mirissa Beach,Beach,Matara,Matara,3.8,500,2000,5.9483,80.456,Low,Famous whale watching and surfing beach,"beach,whale,surf,scenic",
182,Mulgirigala Rock Temple,Religious,Matara,Matara,4.4,200,800,6.075,80.6175,Low,Ancient cave temple on rock summit,"cave,temple,ancient,religious",
183,Matara Fort,Historical,Matara,Matara,3.5,0,400,5.9486,80.5353,Low,Dutch star fort in Matara town,"fort,dutch,colonial,historical",
184,Weligama Beach,Beach,Matara,Matara,4.5,300,1200,5.9731,80.4297,Low,Famous for stilt fishermen and surfing,"beach,stiltfishing,surf,scenic",
185,Mirissa Beach,Beach,Matara,Matara,4,500,2000,5.9483,80.456,Low,Famous whale watching and surfing beach,"beach,whale,surf,scenic",
186,Mulgirigala Rock Temple,Religious,Matara,Matara,4.2,200,800,6.075,80.6175,Low,Ancient cave temple on rock summit,"cave,temple,ancient,religious",
187,Mulgirigala Rock Temple,Religious,Matara,Matara,4.9,200,800,6.075,80.6175,Low,Ancient cave temple on rock summit,"cave,temple,ancient,religious",
188,Dondra Lighthouse,Nature,Matara,Matara,4,200,600,5.9233,80.5917,Low,Southernmost point lighthouse of Sri Lanka,"lighthouse,southernmost,scenic,nature",
189,Mirissa Beach,Beach,Matara,Matara,3.5,500,2000,5.9483,80.456,Low,Famous whale watching and surfing beach,"beach,whale,surf,scenic",
190,Mirissa Beach,Beach,Matara,Matara,4.5,500,2000,5.9483,80.456,Low,Famous whale watching and surfing beach,"beach,whale,surf,scenic",
191,Dondra Lighthouse,Nature,Matara,Matara,3.7,200,600,5.9233,80.5917,Low,Southernmost point lighthouse of Sri Lanka,"lighthouse,southernmost,scenic,nature",
192,Weligama Beach,Beach,Matara,Matara,4.5,300,1200,5.9731,80.4297,Low,Famous for stilt fishermen and surfing,"beach,stiltfishing,surf,scenic",
193,Mulgirigala Rock Temple,Religious,Matara,Matara,4.5,200,800,6.075,80.6175,Low,Ancient cave temple on rock summit,"cave,temple,ancient,religious",
194,Matara Fort,Historical,Matara,Matara,4.9,0,400,5.9486,80.5353,Low,Dutch star fort in Matara town,"fort,dutch,colonial,historical",
195,Matara Fort,Historical,Matara,Matara,3.3,0,400,5.9486,80.5353,Low,Dutch star fort in Matara town,"fort,dutch,colonial,historical",
196,Matara Fort,Historical,Matara,Matara,3.4,0,400,5.9486,80.5353,Low,Dutch star fort in Matara town,"fort,dutch,colonial,historical",
197,Dondra Lighthouse,Nature,Matara,Matara,3.9,200,600,5.9233,80.5917,Low,Southernmost point lighthouse of Sri Lanka,"lighthouse,southernmost,scenic,nature",
198,Dondra Lighthouse,Nature,Matara,Matara,4.7,200,600,5.9233,80.5917,Low,Southernmost point lighthouse of Sri Lanka,"lighthouse,southernmost,scenic,nature",
199,Mirissa Beach,Beach,Matara,Matara,4,500,2000,5.9483,80.456,Low,Famous whale watching and surfing beach,"beach,whale,surf,scenic",
200,Dondra Lighthouse,Nature,Matara,Matara,4.4,200,600,5.9233,80.5917,Low,Southernmost point lighthouse of Sri Lanka,"lighthouse,southernmost,scenic,nature",
201,Mirissa Beach,Beach,Matara,Matara,3.6,500,2000,5.9483,80.456,Low,Famous whale watching and surfing beach,"beach,whale,surf,scenic",
202,Polhena Beach,Beach,Matara,Matara,3.9,200,800,5.95,80.5333,Low,Sea turtle snorkeling beach,"beach,turtle,snorkel,nature",
203,Matara Fort,Historical,Matara,Matara,4.9,0,400,5.9486,80.5353,Low,Dutch star fort in Matara town,"fort,dutch,colonial,historical",
204,Mulgirigala Rock Temple,Religious,Matara,Matara,4.9,200,800,6.075,80.6175,Low,Ancient cave temple on rock summit,"cave,temple,ancient,religious",
205,Dondra Lighthouse,Nature,Matara,Matara,4,200,600,5.9233,80.5917,Low,Southernmost point lighthouse of Sri Lanka,"lighthouse,southernmost,scenic,nature",
206,Dondra Lighthouse,Nature,Matara,Matara,4.6,200,600,5.9233,80.5917,Low,Southernmost point lighthouse of Sri Lanka,"lighthouse,southernmost,scenic,nature",
207,Mirissa Beach,Beach,Matara,Matara,4.3,500,2000,5.9483,80.456,Low,Famous whale watching and surfing beach,"beach,whale,surf,scenic",
208,Weligama Beach,Beach,Matara,Matara,3.1,300,1200,5.9731,80.4297,Low,Famous for stilt fishermen and surfing,"beach,stiltfishing,surf,scenic",
209,Weherahena Temple,Religious,Matara,Matara,4.3,0,500,5.9486,80.5353,Low,Temple with underground museum and giant Buddha,"temple,buddhist,giant,religious",
210,Mirissa Beach,Beach,Matara,Matara,4.4,500,2000,5.9483,80.456,Low,Famous whale watching and surfing beach,"beach,whale,surf,scenic",
211,Mulgirigala Rock Temple,Religious,Matara,Matara,4.3,200,800,6.075,80.6175,Low,Ancient cave temple on rock summit,"cave,temple,ancient,religious",
212,Dondra Lighthouse,Nature,Matara,Matara,4.1,200,600,5.9233,80.5917,Low,Southernmost point lighthouse of Sri Lanka,"lighthouse,southernmost,scenic,nature",
213,Dondra Lighthouse,Nature,Matara,Matara,4.3,200,600,5.9233,80.5917,Low,Southernmost point lighthouse of Sri Lanka,"lighthouse,southernmost,scenic,nature",
214,Weherahena Temple,Religious,Matara,Matara,3.7,0,500,5.9486,80.5353,Low,Temple with underground museum and giant Buddha,"temple,buddhist,giant,religious",
215,Mulgirigala Rock Temple,Religious,Matara,Matara,4.4,200,800,6.075,80.6175,Low,Ancient cave temple on rock summit,"cave,temple,ancient,religious",
216,Weligama Beach,Beach,Matara,Matara,4.7,300,1200,5.9731,80.4297,Low,Famous for stilt fishermen and surfing,"beach,stiltfishing,surf,scenic",
217,Mulgirigala Rock Temple,Religious,Matara,Matara,3.9,200,800,6.075,80.6175,Low,Ancient cave temple on rock summit,"cave,temple,ancient,religious",
218,Mirissa Beach,Beach,Matara,Matara,4.8,500,2000,5.9483,80.456,Low,Famous whale watching and surfing beach,"beach,whale,surf,scenic",
219,Polhena Beach,Beach,Matara,Matara,4.9,200,800,5.95,80.5333,Low,Sea turtle snorkeling beach,"beach,turtle,snorkel,nature",
220,Dondra Lighthouse,Nature,Matara,Matara,3.6,200,600,5.9233,80.5917,Low,Southernmost point lighthouse of Sri Lanka,"lighthouse,southernmost,scenic,nature",
1,Mullaitivu Beach,Beach,Mullaitivu,Mullaitivu,4.2,200,800,9.2667,80.8167,Low,Scenic beach on northeastern coast,"beach,scenic,north,peaceful",
2,Nanthikadal Lagoon,Nature,Mullaitivu,Mullaitivu,4.9,0,400,9.1833,80.8,Low,Large lagoon with diverse wildlife,"lagoon,wildlife,nature,scenic",
3,Kokkilai Lagoon,Wildlife,Mullaitivu,Mullaitivu,4.3,500,1500,9.0333,80.8167,Medium,Important bird sanctuary with flamingos,"flamingo,birds,lagoon,wildlife",
4,Chundikulam,Wildlife,Mullaitivu,Mullaitivu,4.7,800,2000,9.6333,80.3167,Medium,Protected wildlife area in north,"wildlife,protected,nature,birds",images/chundikulam.jpg
5,Mullaitivu War Memorial,Historical,Mullaitivu,Mullaitivu,4.6,0,300,9.2667,80.8167,Low,Memorial site of historical significance,"memorial,historical,war,landmark",
6,Mullaitivu Beach,Beach,Mullaitivu,Mullaitivu,3.9,200,800,9.2667,80.8167,Low,Scenic beach on northeastern coast,"beach,scenic,north,peaceful",
7,Nanthikadal Lagoon,Nature,Mullaitivu,Mullaitivu,4.1,0,400,9.1833,80.8,Low,Large lagoon with diverse wildlife,"lagoon,wildlife,nature,scenic",
8,Kokkilai Lagoon,Wildlife,Mullaitivu,Mullaitivu,3.2,500,1500,9.0333,80.8167,Medium,Important bird sanctuary with flamingos,"flamingo,birds,lagoon,wildlife",
9,Kokkilai Lagoon,Wildlife,Mullaitivu,Mullaitivu,4.3,500,1500,9.0333,80.8167,Medium,Important bird sanctuary with flamingos,"flamingo,birds,lagoon,wildlife",
10,Kokkilai Lagoon,Wildlife,Mullaitivu,Mullaitivu,3.9,500,1500,9.0333,80.8167,Medium,Important bird sanctuary with flamingos,"flamingo,birds,lagoon,wildlife",
11,Chundikulam,Wildlife,Mullaitivu,Mullaitivu,3.3,800,2000,9.6333,80.3167,Medium,Protected wildlife area in north,"wildlife,protected,nature,birds",images/chundikulam.jpg
12,Chundikulam,Wildlife,Mullaitivu,Mullaitivu,3.7,800,2000,9.6333,80.3167,Medium,Protected wildlife area in north,"wildlife,protected,nature,birds",images/chundikulam.jpg
13,Mullaitivu Beach,Beach,Mullaitivu,Mullaitivu,4.5,200,800,9.2667,80.8167,Low,Scenic beach on northeastern coast,"beach,scenic,north,peaceful",
14,Kokkilai Lagoon,Wildlife,Mullaitivu,Mullaitivu,4.2,500,1500,9.0333,80.8167,Medium,Important bird sanctuary with flamingos,"flamingo,birds,lagoon,wildlife",
15,Chundikulam,Wildlife,Mullaitivu,Mullaitivu,3.5,800,2000,9.6333,80.3167,Medium,Protected wildlife area in north,"wildlife,protected,nature,birds",images/chundikulam.jpg
16,Mullaitivu Beach,Beach,Mullaitivu,Mullaitivu,3.2,200,800,9.2667,80.8167,Low,Scenic beach on northeastern coast,"beach,scenic,north,peaceful",
17,Chundikulam,Wildlife,Mullaitivu,Mullaitivu,3.7,800,2000,9.6333,80.3167,Medium,Protected wildlife area in north,"wildlife,protected,nature,birds",images/chundikulam.jpg
18,Nanthikadal Lagoon,Nature,Mullaitivu,Mullaitivu,4.9,0,400,9.1833,80.8,Low,Large lagoon with diverse wildlife,"lagoon,wildlife,nature,scenic",
19,Nanthikadal Lagoon,Nature,Mullaitivu,Mullaitivu,4.7,0,400,9.1833,80.8,Low,Large lagoon with diverse wildlife,"lagoon,wildlife,nature,scenic",
20,Chundikulam,Wildlife,Mullaitivu,Mullaitivu,3.1,800,2000,9.6333,80.3167,Medium,Protected wildlife area in north,"wildlife,protected,nature,birds",images/chundikulam.jpg
21,Mullaitivu Beach,Beach,Mullaitivu,Mullaitivu,3.5,200,800,9.2667,80.8167,Low,Scenic beach on northeastern coast,"beach,scenic,north,peaceful",
22,Kokkilai Lagoon,Wildlife,Mullaitivu,Mullaitivu,3.7,500,1500,9.0333,80.8167,Medium,Important bird sanctuary with flamingos,"flamingo,birds,lagoon,wildlife",
23,Mullaitivu War Memorial,Historical,Mullaitivu,Mullaitivu,3.1,0,300,9.2667,80.8167,Low,Memorial site of historical significance,"memorial,historical,war,landmark",
24,Nanthikadal Lagoon,Nature,Mullaitivu,Mullaitivu,4.4,0,400,9.1833,80.8,Low,Large lagoon with diverse wildlife,"lagoon,wildlife,nature,scenic",
25,Kokkilai Lagoon,Wildlife,Mullaitivu,Mullaitivu,3.7,500,1500,9.0333,80.8167,Medium,Important bird sanctuary with flamingos,"flamingo,birds,lagoon,wildlife",
26,Mullaitivu Beach,Beach,Mullaitivu,Mullaitivu,4.1,200,800,9.2667,80.8167,Low,Scenic beach on northeastern coast,"beach,scenic,north,peaceful",
27,Mullaitivu War Memorial,Historical,Mullaitivu,Mullaitivu,3.7,0,300,9.2667,80.8167,Low,Memorial site of historical significance,"memorial,historical,war,landmark",
28,Kokkilai Lagoon,Wildlife,Mullaitivu,Mullaitivu,4.3,500,1500,9.0333,80.8167,Medium,Important bird sanctuary with flamingos,"flamingo,birds,lagoon,wildlife",
29,Nanthikadal Lagoon,Nature,Mullaitivu,Mullaitivu,4.9,0,400,9.1833,80.8,Low,Large lagoon with diverse wildlife,"lagoon,wildlife,nature,scenic",
30,Mullaitivu Beach,Beach,Mullaitivu,Mullaitivu,4.5,200,800,9.2667,80.8167,Low,Scenic beach on northeastern coast,"beach,scenic,north,peaceful",
31,Chundikulam,Wildlife,Mullaitivu,Mullaitivu,4,800,2000,9.6333,80.3167,Medium,Protected wildlife area in north,"wildlife,protected,nature,birds",images/chundikulam.jpg
32,Mullaitivu War Memorial,Historical,Mullaitivu,Mullaitivu,3.2,0,300,9.2667,80.8167,Low,Memorial site of historical significance,"memorial,historical,war,landmark",
33,Kokkilai Lagoon,Wildlife,Mullaitivu,Mullaitivu,4.4,500,1500,9.0333,80.8167,Medium,Important bird sanctuary with flamingos,"flamingo,birds,lagoon,wildlife",
34,Nanthikadal Lagoon,Nature,Mullaitivu,Mullaitivu,5,0,400,9.1833,80.8,Low,Large lagoon with diverse wildlife,"lagoon,wildlife,nature,scenic",
35,Kokkilai Lagoon,Wildlife,Mullaitivu,Mullaitivu,4.4,500,1500,9.0333,80.8167,Medium,Important bird sanctuary with flamingos,"flamingo,birds,lagoon,wildlife",
36,Chundikulam,Wildlife,Mullaitivu,Mullaitivu,3.4,800,2000,9.6333,80.3167,Medium,Protected wildlife area in north,"wildlife,protected,nature,birds",images/chundikulam.jpg
37,Nanthikadal Lagoon,Nature,Mullaitivu,Mullaitivu,4.7,0,400,9.1833,80.8,Low,Large lagoon with diverse wildlife,"lagoon,wildlife,nature,scenic",
38,Chundikulam,Wildlife,Mullaitivu,Mullaitivu,3.3,800,2000,9.6333,80.3167,Medium,Protected wildlife area in north,"wildlife,protected,nature,birds",images/chundikulam.jpg
39,Chundikulam,Wildlife,Mullaitivu,Mullaitivu,5,800,2000,9.6333,80.3167,Medium,Protected wildlife area in north,"wildlife,protected,nature,birds",images/chundikulam.jpg
40,Kokkilai Lagoon,Wildlife,Mullaitivu,Mullaitivu,4.3,500,1500,9.0333,80.8167,Medium,Important bird sanctuary with flamingos,"flamingo,birds,lagoon,wildlife",
41,Mullaitivu Beach,Beach,Mullaitivu,Mullaitivu,4.1,200,800,9.2667,80.8167,Low,Scenic beach on northeastern coast,"beach,scenic,north,peaceful",
42,Kokkilai Lagoon,Wildlife,Mullaitivu,Mullaitivu,4.8,500,1500,9.0333,80.8167,Medium,Important bird sanctuary with flamingos,"flamingo,birds,lagoon,wildlife",
43,Nanthikadal Lagoon,Nature,Mullaitivu,Mullaitivu,4.4,0,400,9.1833,80.8,Low,Large lagoon with diverse wildlife,"lagoon,wildlife,nature,scenic",
44,Nanthikadal Lagoon,Nature,Mullaitivu,Mullaitivu,4.6,0,400,9.1833,80.8,Low,Large lagoon with diverse wildlife,"lagoon,wildlife,nature,scenic",
45,Mullaitivu War Memorial,Historical,Mullaitivu,Mullaitivu,3.4,0,300,9.2667,80.8167,Low,Memorial site of historical significance,"memorial,historical,war,landmark",
46,Nanthikadal Lagoon,Nature,Mullaitivu,Mullaitivu,4.6,0,400,9.1833,80.8,Low,Large lagoon with diverse wildlife,"lagoon,wildlife,nature,scenic",
47,Nanthikadal Lagoon,Nature,Mullaitivu,Mullaitivu,4.6,0,400,9.1833,80.8,Low,Large lagoon with diverse wildlife,"lagoon,wildlife,nature,scenic",
48,Mullaitivu Beach,Beach,Mullaitivu,Mullaitivu,3.7,200,800,9.2667,80.8167,Low,Scenic beach on northeastern coast,"beach,scenic,north,peaceful",
49,Mullaitivu War Memorial,Historical,Mullaitivu,Mullaitivu,3.7,0,300,9.2667,80.8167,Low,Memorial site of historical significance,"memorial,historical,war,landmark",
50,Mullaitivu War Memorial,Historical,Mullaitivu,Mullaitivu,3.3,0,300,9.2667,80.8167,Low,Memorial site of historical significance,"memorial,historical,war,landmark",
51,Mullaitivu Beach,Beach,Mullaitivu,Mullaitivu,3.1,200,800,9.2667,80.8167,Low,Scenic beach on northeastern coast,"beach,scenic,north,peaceful",
52,Chundikulam,Wildlife,Mullaitivu,Mullaitivu,5,800,2000,9.6333,80.3167,Medium,Protected wildlife area in north,"wildlife,protected,nature,birds",images/chundikulam.jpg
53,Chundikulam,Wildlife,Mullaitivu,Mullaitivu,4.1,800,2000,9.6333,80.3167,Medium,Protected wildlife area in north,"wildlife,protected,nature,birds",images/chundikulam.jpg
54,Chundikulam,Wildlife,Mullaitivu,Mullaitivu,4.6,800,2000,9.6333,80.3167,Medium,Protected wildlife area in north,"wildlife,protected,nature,birds",images/chundikulam.jpg
55,Mullaitivu Beach,Beach,Mullaitivu,Mullaitivu,3.3,200,800,9.2667,80.8167,Low,Scenic beach on northeastern coast,"beach,scenic,north,peaceful",
56,Kokkilai Lagoon,Wildlife,Mullaitivu,Mullaitivu,4.3,500,1500,9.0333,80.8167,Medium,Important bird sanctuary with flamingos,"flamingo,birds,lagoon,wildlife",
57,Chundikulam,Wildlife,Mullaitivu,Mullaitivu,3.9,800,2000,9.6333,80.3167,Medium,Protected wildlife area in north,"wildlife,protected,nature,birds",images/chundikulam.jpg
58,Mullaitivu War Memorial,Historical,Mullaitivu,Mullaitivu,3.7,0,300,9.2667,80.8167,Low,Memorial site of historical significance,"memorial,historical,war,landmark",
59,Mullaitivu War Memorial,Historical,Mullaitivu,Mullaitivu,4.3,0,300,9.2667,80.8167,Low,Memorial site of historical significance,"memorial,historical,war,landmark",
60,Nanthikadal Lagoon,Nature,Mullaitivu,Mullaitivu,4.5,0,400,9.1833,80.8,Low,Large lagoon with diverse wildlife,"lagoon,wildlife,nature,scenic",
61,Nanthikadal Lagoon,Nature,Mullaitivu,Mullaitivu,3.9,0,400,9.1833,80.8,Low,Large lagoon with diverse wildlife,"lagoon,wildlife,nature,scenic",
62,Mullaitivu Beach,Beach,Mullaitivu,Mullaitivu,4.7,200,800,9.2667,80.8167,Low,Scenic beach on northeastern coast,"beach,scenic,north,peaceful",
63,Mullaitivu War Memorial,Historical,Mullaitivu,Mullaitivu,3.3,0,300,9.2667,80.8167,Low,Memorial site of historical significance,"memorial,historical,war,landmark",
64,Nanthikadal Lagoon,Nature,Mullaitivu,Mullaitivu,3.3,0,400,9.1833,80.8,Low,Large lagoon with diverse wildlife,"lagoon,wildlife,nature,scenic",
65,Nanthikadal Lagoon,Nature,Mullaitivu,Mullaitivu,3.7,0,400,9.1833,80.8,Low,Large lagoon with diverse wildlife,"lagoon,wildlife,nature,scenic",
66,Mullaitivu War Memorial,Historical,Mullaitivu,Mullaitivu,4.8,0,300,9.2667,80.8167,Low,Memorial site of historical significance,"memorial,historical,war,landmark",
67,Mullaitivu Beach,Beach,Mullaitivu,Mullaitivu,3.5,200,800,9.2667,80.8167,Low,Scenic beach on northeastern coast,"beach,scenic,north,peaceful",
68,Mullaitivu War Memorial,Historical,Mullaitivu,Mullaitivu,3.5,0,300,9.2667,80.8167,Low,Memorial site of historical significance,"memorial,historical,war,landmark",
69,Kokkilai Lagoon,Wildlife,Mullaitivu,Mullaitivu,4.2,500,1500,9.0333,80.8167,Medium,Important bird sanctuary with flamingos,"flamingo,birds,lagoon,wildlife",
70,Mullaitivu Beach,Beach,Mullaitivu,Mullaitivu,4,200,800,9.2667,80.8167,Low,Scenic beach on northeastern coast,"beach,scenic,north,peaceful",
71,Nanthikadal Lagoon,Nature,Mullaitivu,Mullaitivu,4.2,0,400,9.1833,80.8,Low,Large lagoon with diverse wildlife,"lagoon,wildlife,nature,scenic",
72,Mullaitivu War Memorial,Historical,Mullaitivu,Mullaitivu,3.3,0,300,9.2667,80.8167,Low,Memorial site of historical significance,"memorial,historical,war,landmark",
73,Mullaitivu War Memorial,Historical,Mullaitivu,Mullaitivu,4.4,0,300,9.2667,80.8167,Low,Memorial site of historical significance,"memorial,historical,war,landmark",
74,Mullaitivu War Memorial,Historical,Mullaitivu,Mullaitivu,3.7,0,300,9.2667,80.8167,Low,Memorial site of historical significance,"memorial,historical,war,landmark",
75,Mullaitivu War Memorial,Historical,Mullaitivu,Mullaitivu,3.1,0,300,9.2667,80.8167,Low,Memorial site of historical significance,"memorial,historical,war,landmark",
76,Mullaitivu Beach,Beach,Mullaitivu,Mullaitivu,3.2,200,800,9.2667,80.8167,Low,Scenic beach on northeastern coast,"beach,scenic,north,peaceful",
77,Mullaitivu War Memorial,Historical,Mullaitivu,Mullaitivu,3.5,0,300,9.2667,80.8167,Low,Memorial site of historical significance,"memorial,historical,war,landmark",
78,Nanthikadal Lagoon,Nature,Mullaitivu,Mullaitivu,4.5,0,400,9.1833,80.8,Low,Large lagoon with diverse wildlife,"lagoon,wildlife,nature,scenic",
79,Chundikulam,Wildlife,Mullaitivu,Mullaitivu,4.2,800,2000,9.6333,80.3167,Medium,Protected wildlife area in north,"wildlife,protected,nature,birds",images/chundikulam.jpg
80,Mullaitivu Beach,Beach,Mullaitivu,Mullaitivu,4,200,800,9.2667,80.8167,Low,Scenic beach on northeastern coast,"beach,scenic,north,peaceful",
81,Mullaitivu War Memorial,Historical,Mullaitivu,Mullaitivu,3.6,0,300,9.2667,80.8167,Low,Memorial site of historical significance,"memorial,historical,war,landmark",
82,Kokkilai Lagoon,Wildlife,Mullaitivu,Mullaitivu,4,500,1500,9.0333,80.8167,Medium,Important bird sanctuary with flamingos,"flamingo,birds,lagoon,wildlife",
83,Chundikulam,Wildlife,Mullaitivu,Mullaitivu,3.6,800,2000,9.6333,80.3167,Medium,Protected wildlife area in north,"wildlife,protected,nature,birds",images/chundikulam.jpg
84,Mullaitivu Beach,Beach,Mullaitivu,Mullaitivu,4.4,200,800,9.2667,80.8167,Low,Scenic beach on northeastern coast,"beach,scenic,north,peaceful",
85,Nanthikadal Lagoon,Nature,Mullaitivu,Mullaitivu,3.9,0,400,9.1833,80.8,Low,Large lagoon with diverse wildlife,"lagoon,wildlife,nature,scenic",
86,Chundikulam,Wildlife,Mullaitivu,Mullaitivu,3.9,800,2000,9.6333,80.3167,Medium,Protected wildlife area in north,"wildlife,protected,nature,birds",images/chundikulam.jpg
87,Kokkilai Lagoon,Wildlife,Mullaitivu,Mullaitivu,4.2,500,1500,9.0333,80.8167,Medium,Important bird sanctuary with flamingos,"flamingo,birds,lagoon,wildlife",
88,Kokkilai Lagoon,Wildlife,Mullaitivu,Mullaitivu,4.7,500,1500,9.0333,80.8167,Medium,Important bird sanctuary with flamingos,"flamingo,birds,lagoon,wildlife",
89,Kokkilai Lagoon,Wildlife,Mullaitivu,Mullaitivu,4.5,500,1500,9.0333,80.8167,Medium,Important bird sanctuary with flamingos,"flamingo,birds,lagoon,wildlife",
90,Kokkilai Lagoon,Wildlife,Mullaitivu,Mullaitivu,5,500,1500,9.0333,80.8167,Medium,Important bird sanctuary with flamingos,"flamingo,birds,lagoon,wildlife",
91,Nanthikadal Lagoon,Nature,Mullaitivu,Mullaitivu,4.5,0,400,9.1833,80.8,Low,Large lagoon with diverse wildlife,"lagoon,wildlife,nature,scenic",
92,Mullaitivu War Memorial,Historical,Mullaitivu,Mullaitivu,4.1,0,300,9.2667,80.8167,Low,Memorial site of historical significance,"memorial,historical,war,landmark",
93,Kokkilai Lagoon,Wildlife,Mullaitivu,Mullaitivu,3.5,500,1500,9.0333,80.8167,Medium,Important bird sanctuary with flamingos,"flamingo,birds,lagoon,wildlife",
94,Mullaitivu Beach,Beach,Mullaitivu,Mullaitivu,3.5,200,800,9.2667,80.8167,Low,Scenic beach on northeastern coast,"beach,scenic,north,peaceful",
95,Nanthikadal Lagoon,Nature,Mullaitivu,Mullaitivu,3.3,0,400,9.1833,80.8,Low,Large lagoon with diverse wildlife,"lagoon,wildlife,nature,scenic",
96,Mullaitivu Beach,Beach,Mullaitivu,Mullaitivu,3.6,200,800,9.2667,80.8167,Low,Scenic beach on northeastern coast,"beach,scenic,north,peaceful",
97,Chundikulam,Wildlife,Mullaitivu,Mullaitivu,4.7,800,2000,9.6333,80.3167,Medium,Protected wildlife area in north,"wildlife,protected,nature,birds",images/chundikulam.jpg
98,Chundikulam,Wildlife,Mullaitivu,Mullaitivu,3.5,800,2000,9.6333,80.3167,Medium,Protected wildlife area in north,"wildlife,protected,nature,birds",images/chundikulam.jpg
99,Nanthikadal Lagoon,Nature,Mullaitivu,Mullaitivu,4.6,0,400,9.1833,80.8,Low,Large lagoon with diverse wildlife,"lagoon,wildlife,nature,scenic",
100,Mullaitivu War Memorial,Historical,Mullaitivu,Mullaitivu,4.4,0,300,9.2667,80.8167,Low,Memorial site of historical significance,"memorial,historical,war,landmark",
101,Nanthikadal Lagoon,Nature,Mullaitivu,Mullaitivu,4.5,0,400,9.1833,80.8,Low,Large lagoon with diverse wildlife,"lagoon,wildlife,nature,scenic",
102,Chundikulam,Wildlife,Mullaitivu,Mullaitivu,5,800,2000,9.6333,80.3167,Medium,Protected wildlife area in north,"wildlife,protected,nature,birds",images/chundikulam.jpg
103,Chundikulam,Wildlife,Mullaitivu,Mullaitivu,4,800,2000,9.6333,80.3167,Medium,Protected wildlife area in north,"wildlife,protected,nature,birds",images/chundikulam.jpg
104,Kokkilai Lagoon,Wildlife,Mullaitivu,Mullaitivu,4,500,1500,9.0333,80.8167,Medium,Important bird sanctuary with flamingos,"flamingo,birds,lagoon,wildlife",
105,Mullaitivu Beach,Beach,Mullaitivu,Mullaitivu,4.9,200,800,9.2667,80.8167,Low,Scenic beach on northeastern coast,"beach,scenic,north,peaceful",
106,Mullaitivu War Memorial,Historical,Mullaitivu,Mullaitivu,3.9,0,300,9.2667,80.8167,Low,Memorial site of historical significance,"memorial,historical,war,landmark",
107,Nanthikadal Lagoon,Nature,Mullaitivu,Mullaitivu,3.4,0,400,9.1833,80.8,Low,Large lagoon with diverse wildlife,"lagoon,wildlife,nature,scenic",
108,Kokkilai Lagoon,Wildlife,Mullaitivu,Mullaitivu,3.1,500,1500,9.0333,80.8167,Medium,Important bird sanctuary with flamingos,"flamingo,birds,lagoon,wildlife",
109,Kokkilai Lagoon,Wildlife,Mullaitivu,Mullaitivu,4,500,1500,9.0333,80.8167,Medium,Important bird sanctuary with flamingos,"flamingo,birds,lagoon,wildlife",
110,Chundikulam,Wildlife,Mullaitivu,Mullaitivu,3.6,800,2000,9.6333,80.3167,Medium,Protected wildlife area in north,"wildlife,protected,nature,birds",images/chundikulam.jpg
111,Mullaitivu Beach,Beach,Mullaitivu,Mullaitivu,4.7,200,800,9.2667,80.8167,Low,Scenic beach on northeastern coast,"beach,scenic,north,peaceful",
112,Chundikulam,Wildlife,Mullaitivu,Mullaitivu,3.3,800,2000,9.6333,80.3167,Medium,Protected wildlife area in north,"wildlife,protected,nature,birds",images/chundikulam.jpg
113,Kokkilai Lagoon,Wildlife,Mullaitivu,Mullaitivu,4.5,500,1500,9.0333,80.8167,Medium,Important bird sanctuary with flamingos,"flamingo,birds,lagoon,wildlife",
114,Chundikulam,Wildlife,Mullaitivu,Mullaitivu,3.7,800,2000,9.6333,80.3167,Medium,Protected wildlife area in north,"wildlife,protected,nature,birds",images/chundikulam.jpg
115,Chundikulam,Wildlife,Mullaitivu,Mullaitivu,3.1,800,2000,9.6333,80.3167,Medium,Protected wildlife area in north,"wildlife,protected,nature,birds",images/chundikulam.jpg
116,Mullaitivu War Memorial,Historical,Mullaitivu,Mullaitivu,3.4,0,300,9.2667,80.8167,Low,Memorial site of historical significance,"memorial,historical,war,landmark",
117,Mullaitivu War Memorial,Historical,Mullaitivu,Mullaitivu,3.6,0,300,9.2667,80.8167,Low,Memorial site of historical significance,"memorial,historical,war,landmark",
118,Chundikulam,Wildlife,Mullaitivu,Mullaitivu,4,800,2000,9.6333,80.3167,Medium,Protected wildlife area in north,"wildlife,protected,nature,birds",images/chundikulam.jpg
119,Mullaitivu War Memorial,Historical,Mullaitivu,Mullaitivu,3.6,0,300,9.2667,80.8167,Low,Memorial site of historical significance,"memorial,historical,war,landmark",
120,Mullaitivu War Memorial,Historical,Mullaitivu,Mullaitivu,4.4,0,300,9.2667,80.8167,Low,Memorial site of historical significance,"memorial,historical,war,landmark",
121,Mullaitivu Beach,Beach,Mullaitivu,Mullaitivu,3.3,200,800,9.2667,80.8167,Low,Scenic beach on northeastern coast,"beach,scenic,north,peaceful",
122,Mullaitivu Beach,Beach,Mullaitivu,Mullaitivu,3.8,200,800,9.2667,80.8167,Low,Scenic beach on northeastern coast,"beach,scenic,north,peaceful",
123,Kokkilai Lagoon,Wildlife,Mullaitivu,Mullaitivu,4.1,500,1500,9.0333,80.8167,Medium,Important bird sanctuary with flamingos,"flamingo,birds,lagoon,wildlife",
124,Kokkilai Lagoon,Wildlife,Mullaitivu,Mullaitivu,4.5,500,1500,9.0333,80.8167,Medium,Important bird sanctuary with flamingos,"flamingo,birds,lagoon,wildlife",
125,Nanthikadal Lagoon,Nature,Mullaitivu,Mullaitivu,4.2,0,400,9.1833,80.8,Low,Large lagoon with diverse wildlife,"lagoon,wildlife,nature,scenic",
126,Chundikulam,Wildlife,Mullaitivu,Mullaitivu,4,800,2000,9.6333,80.3167,Medium,Protected wildlife area in north,"wildlife,protected,nature,birds",images/chundikulam.jpg
127,Mullaitivu Beach,Beach,Mullaitivu,Mullaitivu,3.1,200,800,9.2667,80.8167,Low,Scenic beach on northeastern coast,"beach,scenic,north,peaceful",
128,Kokkilai Lagoon,Wildlife,Mullaitivu,Mullaitivu,4.6,500,1500,9.0333,80.8167,Medium,Important bird sanctuary with flamingos,"flamingo,birds,lagoon,wildlife",
129,Mullaitivu War Memorial,Historical,Mullaitivu,Mullaitivu,3.9,0,300,9.2667,80.8167,Low,Memorial site of historical significance,"memorial,historical,war,landmark",
130,Mullaitivu War Memorial,Historical,Mullaitivu,Mullaitivu,4.8,0,300,9.2667,80.8167,Low,Memorial site of historical significance,"memorial,historical,war,landmark",
131,Nanthikadal Lagoon,Nature,Mullaitivu,Mullaitivu,3.7,0,400,9.1833,80.8,Low,Large lagoon with diverse wildlife,"lagoon,wildlife,nature,scenic",
132,Mullaitivu War Memorial,Historical,Mullaitivu,Mullaitivu,3.6,0,300,9.2667,80.8167,Low,Memorial site of historical significance,"memorial,historical,war,landmark",
133,Chundikulam,Wildlife,Mullaitivu,Mullaitivu,5,800,2000,9.6333,80.3167,Medium,Protected wildlife area in north,"wildlife,protected,nature,birds",images/chundikulam.jpg
134,Kokkilai Lagoon,Wildlife,Mullaitivu,Mullaitivu,4.2,500,1500,9.0333,80.8167,Medium,Important bird sanctuary with flamingos,"flamingo,birds,lagoon,wildlife",
135,Mullaitivu War Memorial,Historical,Mullaitivu,Mullaitivu,4.7,0,300,9.2667,80.8167,Low,Memorial site of historical significance,"memorial,historical,war,landmark",
136,Mullaitivu War Memorial,Historical,Mullaitivu,Mullaitivu,4,0,300,9.2667,80.8167,Low,Memorial site of historical significance,"memorial,historical,war,landmark",
137,Mullaitivu War Memorial,Historical,Mullaitivu,Mullaitivu,3.6,0,300,9.2667,80.8167,Low,Memorial site of historical significance,"memorial,historical,war,landmark",
138,Mullaitivu Beach,Beach,Mullaitivu,Mullaitivu,3.7,200,800,9.2667,80.8167,Low,Scenic beach on northeastern coast,"beach,scenic,north,peaceful",
139,Mullaitivu Beach,Beach,Mullaitivu,Mullaitivu,5,200,800,9.2667,80.8167,Low,Scenic beach on northeastern coast,"beach,scenic,north,peaceful",
140,Mullaitivu War Memorial,Historical,Mullaitivu,Mullaitivu,3.6,0,300,9.2667,80.8167,Low,Memorial site of historical significance,"memorial,historical,war,landmark",
141,Mullaitivu Beach,Beach,Mullaitivu,Mullaitivu,4.2,200,800,9.2667,80.8167,Low,Scenic beach on northeastern coast,"beach,scenic,north,peaceful",
142,Kokkilai Lagoon,Wildlife,Mullaitivu,Mullaitivu,4.9,500,1500,9.0333,80.8167,Medium,Important bird sanctuary with flamingos,"flamingo,birds,lagoon,wildlife",
143,Mullaitivu War Memorial,Historical,Mullaitivu,Mullaitivu,4.2,0,300,9.2667,80.8167,Low,Memorial site of historical significance,"memorial,historical,war,landmark",
144,Mullaitivu Beach,Beach,Mullaitivu,Mullaitivu,4.2,200,800,9.2667,80.8167,Low,Scenic beach on northeastern coast,"beach,scenic,north,peaceful",
145,Nanthikadal Lagoon,Nature,Mullaitivu,Mullaitivu,4,0,400,9.1833,80.8,Low,Large lagoon with diverse wildlife,"lagoon,wildlife,nature,scenic",
146,Mullaitivu War Memorial,Historical,Mullaitivu,Mullaitivu,4.5,0,300,9.2667,80.8167,Low,Memorial site of historical significance,"memorial,historical,war,landmark",
147,Chundikulam,Wildlife,Mullaitivu,Mullaitivu,3.3,800,2000,9.6333,80.3167,Medium,Protected wildlife area in north,"wildlife,protected,nature,birds",images/chundikulam.jpg
148,Nanthikadal Lagoon,Nature,Mullaitivu,Mullaitivu,3.1,0,400,9.1833,80.8,Low,Large lagoon with diverse wildlife,"lagoon,wildlife,nature,scenic",
149,Mullaitivu Beach,Beach,Mullaitivu,Mullaitivu,3.4,200,800,9.2667,80.8167,Low,Scenic beach on northeastern coast,"beach,scenic,north,peaceful",
150,Chundikulam,Wildlife,Mullaitivu,Mullaitivu,3.6,800,2000,9.6333,80.3167,Medium,Protected wildlife area in north,"wildlife,protected,nature,birds",images/chundikulam.jpg
151,Nanthikadal Lagoon,Nature,Mullaitivu,Mullaitivu,3.8,0,400,9.1833,80.8,Low,Large lagoon with diverse wildlife,"lagoon,wildlife,nature,scenic",
152,Nanthikadal Lagoon,Nature,Mullaitivu,Mullaitivu,3.8,0,400,9.1833,80.8,Low,Large lagoon with diverse wildlife,"lagoon,wildlife,nature,scenic",
153,Mullaitivu War Memorial,Historical,Mullaitivu,Mullaitivu,4.8,0,300,9.2667,80.8167,Low,Memorial site of historical significance,"memorial,historical,war,landmark",
154,Mullaitivu Beach,Beach,Mullaitivu,Mullaitivu,4.4,200,800,9.2667,80.8167,Low,Scenic beach on northeastern coast,"beach,scenic,north,peaceful",
155,Mullaitivu War Memorial,Historical,Mullaitivu,Mullaitivu,3.4,0,300,9.2667,80.8167,Low,Memorial site of historical significance,"memorial,historical,war,landmark",
156,Kokkilai Lagoon,Wildlife,Mullaitivu,Mullaitivu,5,500,1500,9.0333,80.8167,Medium,Important bird sanctuary with flamingos,"flamingo,birds,lagoon,wildlife",
157,Chundikulam,Wildlife,Mullaitivu,Mullaitivu,4.1,800,2000,9.6333,80.3167,Medium,Protected wildlife area in north,"wildlife,protected,nature,birds",images/chundikulam.jpg
158,Kokkilai Lagoon,Wildlife,Mullaitivu,Mullaitivu,4.9,500,1500,9.0333,80.8167,Medium,Important bird sanctuary with flamingos,"flamingo,birds,lagoon,wildlife",
159,Chundikulam,Wildlife,Mullaitivu,Mullaitivu,4.8,800,2000,9.6333,80.3167,Medium,Protected wildlife area in north,"wildlife,protected,nature,birds",images/chundikulam.jpg
160,Kokkilai Lagoon,Wildlife,Mullaitivu,Mullaitivu,4.1,500,1500,9.0333,80.8167,Medium,Important bird sanctuary with flamingos,"flamingo,birds,lagoon,wildlife",
161,Kokkilai Lagoon,Wildlife,Mullaitivu,Mullaitivu,4.2,500,1500,9.0333,80.8167,Medium,Important bird sanctuary with flamingos,"flamingo,birds,lagoon,wildlife",
162,Nanthikadal Lagoon,Nature,Mullaitivu,Mullaitivu,4.9,0,400,9.1833,80.8,Low,Large lagoon with diverse wildlife,"lagoon,wildlife,nature,scenic",
163,Kokkilai Lagoon,Wildlife,Mullaitivu,Mullaitivu,4.1,500,1500,9.0333,80.8167,Medium,Important bird sanctuary with flamingos,"flamingo,birds,lagoon,wildlife",
164,Nanthikadal Lagoon,Nature,Mullaitivu,Mullaitivu,4.9,0,400,9.1833,80.8,Low,Large lagoon with diverse wildlife,"lagoon,wildlife,nature,scenic",
165,Kokkilai Lagoon,Wildlife,Mullaitivu,Mullaitivu,4.5,500,1500,9.0333,80.8167,Medium,Important bird sanctuary with flamingos,"flamingo,birds,lagoon,wildlife",
166,Nanthikadal Lagoon,Nature,Mullaitivu,Mullaitivu,4.4,0,400,9.1833,80.8,Low,Large lagoon with diverse wildlife,"lagoon,wildlife,nature,scenic",
167,Chundikulam,Wildlife,Mullaitivu,Mullaitivu,3.6,800,2000,9.6333,80.3167,Medium,Protected wildlife area in north,"wildlife,protected,nature,birds",images/chundikulam.jpg
168,Kokkilai Lagoon,Wildlife,Mullaitivu,Mullaitivu,4.1,500,1500,9.0333,80.8167,Medium,Important bird sanctuary with flamingos,"flamingo,birds,lagoon,wildlife",
169,Kokkilai Lagoon,Wildlife,Mullaitivu,Mullaitivu,3.6,500,1500,9.0333,80.8167,Medium,Important bird sanctuary with flamingos,"flamingo,birds,lagoon,wildlife",
170,Mullaitivu War Memorial,Historical,Mullaitivu,Mullaitivu,4.4,0,300,9.2667,80.8167,Low,Memorial site of historical significance,"memorial,historical,war,landmark",
171,Chundikulam,Wildlife,Mullaitivu,Mullaitivu,4.8,800,2000,9.6333,80.3167,Medium,Protected wildlife area in north,"wildlife,protected,nature,birds",images/chundikulam.jpg
172,Chundikulam,Wildlife,Mullaitivu,Mullaitivu,4.6,800,2000,9.6333,80.3167,Medium,Protected wildlife area in north,"wildlife,protected,nature,birds",images/chundikulam.jpg
173,Nanthikadal Lagoon,Nature,Mullaitivu,Mullaitivu,3.6,0,400,9.1833,80.8,Low,Large lagoon with diverse wildlife,"lagoon,wildlife,nature,scenic",
174,Kokkilai Lagoon,Wildlife,Mullaitivu,Mullaitivu,4.9,500,1500,9.0333,80.8167,Medium,Important bird sanctuary with flamingos,"flamingo,birds,lagoon,wildlife",
175,Mullaitivu Beach,Beach,Mullaitivu,Mullaitivu,3.7,200,800,9.2667,80.8167,Low,Scenic beach on northeastern coast,"beach,scenic,north,peaceful",
176,Chundikulam,Wildlife,Mullaitivu,Mullaitivu,4.3,800,2000,9.6333,80.3167,Medium,Protected wildlife area in north,"wildlife,protected,nature,birds",images/chundikulam.jpg
177,Chundikulam,Wildlife,Mullaitivu,Mullaitivu,3.4,800,2000,9.6333,80.3167,Medium,Protected wildlife area in north,"wildlife,protected,nature,birds",images/chundikulam.jpg
178,Mullaitivu War Memorial,Historical,Mullaitivu,Mullaitivu,3.5,0,300,9.2667,80.8167,Low,Memorial site of historical significance,"memorial,historical,war,landmark",
179,Mullaitivu War Memorial,Historical,Mullaitivu,Mullaitivu,4.4,0,300,9.2667,80.8167,Low,Memorial site of historical significance,"memorial,historical,war,landmark",
180,Nanthikadal Lagoon,Nature,Mullaitivu,Mullaitivu,3.2,0,400,9.1833,80.8,Low,Large lagoon with diverse wildlife,"lagoon,wildlife,nature,scenic",
181,Mullaitivu War Memorial,Historical,Mullaitivu,Mullaitivu,3.5,0,300,9.2667,80.8167,Low,Memorial site of historical significance,"memorial,historical,war,landmark",
182,Mullaitivu Beach,Beach,Mullaitivu,Mullaitivu,4.3,200,800,9.2667,80.8167,Low,Scenic beach on northeastern coast,"beach,scenic,north,peaceful",
183,Mullaitivu War Memorial,Historical,Mullaitivu,Mullaitivu,3.5,0,300,9.2667,80.8167,Low,Memorial site of historical significance,"memorial,historical,war,landmark",
184,Nanthikadal Lagoon,Nature,Mullaitivu,Mullaitivu,3.1,0,400,9.1833,80.8,Low,Large lagoon with diverse wildlife,"lagoon,wildlife,nature,scenic",
185,Chundikulam,Wildlife,Mullaitivu,Mullaitivu,3.7,800,2000,9.6333,80.3167,Medium,Protected wildlife area in north,"wildlife,protected,nature,birds",images/chundikulam.jpg
186,Chundikulam,Wildlife,Mullaitivu,Mullaitivu,3.2,800,2000,9.6333,80.3167,Medium,Protected wildlife area in north,"wildlife,protected,nature,birds",images/chundikulam.jpg
187,Nanthikadal Lagoon,Nature,Mullaitivu,Mullaitivu,3,0,400,9.1833,80.8,Low,Large lagoon with diverse wildlife,"lagoon,wildlife,nature,scenic",
188,Mullaitivu War Memorial,Historical,Mullaitivu,Mullaitivu,5,0,300,9.2667,80.8167,Low,Memorial site of historical significance,"memorial,historical,war,landmark",
189,Nanthikadal Lagoon,Nature,Mullaitivu,Mullaitivu,3.8,0,400,9.1833,80.8,Low,Large lagoon with diverse wildlife,"lagoon,wildlife,nature,scenic",
190,Chundikulam,Wildlife,Mullaitivu,Mullaitivu,4,800,2000,9.6333,80.3167,Medium,Protected wildlife area in north,"wildlife,protected,nature,birds",images/chundikulam.jpg
191,Nanthikadal Lagoon,Nature,Mullaitivu,Mullaitivu,4.5,0,400,9.1833,80.8,Low,Large lagoon with diverse wildlife,"lagoon,wildlife,nature,scenic",
192,Kokkilai Lagoon,Wildlife,Mullaitivu,Mullaitivu,3.6,500,1500,9.0333,80.8167,Medium,Important bird sanctuary with flamingos,"flamingo,birds,lagoon,wildlife",
193,Mullaitivu Beach,Beach,Mullaitivu,Mullaitivu,4.8,200,800,9.2667,80.8167,Low,Scenic beach on northeastern coast,"beach,scenic,north,peaceful",
194,Mullaitivu Beach,Beach,Mullaitivu,Mullaitivu,4.3,200,800,9.2667,80.8167,Low,Scenic beach on northeastern coast,"beach,scenic,north,peaceful",
195,Nanthikadal Lagoon,Nature,Mullaitivu,Mullaitivu,4.1,0,400,9.1833,80.8,Low,Large lagoon with diverse wildlife,"lagoon,wildlife,nature,scenic",
196,Mullaitivu Beach,Beach,Mullaitivu,Mullaitivu,4.8,200,800,9.2667,80.8167,Low,Scenic beach on northeastern coast,"beach,scenic,north,peaceful",
197,Nanthikadal Lagoon,Nature,Mullaitivu,Mullaitivu,3.8,0,400,9.1833,80.8,Low,Large lagoon with diverse wildlife,"lagoon,wildlife,nature,scenic",
198,Nanthikadal Lagoon,Nature,Mullaitivu,Mullaitivu,4.9,0,400,9.1833,80.8,Low,Large lagoon with diverse wildlife,"lagoon,wildlife,nature,scenic",
199,Mullaitivu Beach,Beach,Mullaitivu,Mullaitivu,5,200,800,9.2667,80.8167,Low,Scenic beach on northeastern coast,"beach,scenic,north,peaceful",
200,Chundikulam,Wildlife,Mullaitivu,Mullaitivu,4.6,800,2000,9.6333,80.3167,Medium,Protected wildlife area in north,"wildlife,protected,nature,birds",images/chundikulam.jpg
201,Nanthikadal Lagoon,Nature,Mullaitivu,Mullaitivu,4.9,0,400,9.1833,80.8,Low,Large lagoon with diverse wildlife,"lagoon,wildlife,nature,scenic",
202,Kokkilai Lagoon,Wildlife,Mullaitivu,Mullaitivu,4.8,500,1500,9.0333,80.8167,Medium,Important bird sanctuary with flamingos,"flamingo,birds,lagoon,wildlife",
203,Mullaitivu Beach,Beach,Mullaitivu,Mullaitivu,3.6,200,800,9.2667,80.8167,Low,Scenic beach on northeastern coast,"beach,scenic,north,peaceful",
204,Mullaitivu War Memorial,Historical,Mullaitivu,Mullaitivu,3.2,0,300,9.2667,80.8167,Low,Memorial site of historical significance,"memorial,historical,war,landmark",
205,Kokkilai Lagoon,Wildlife,Mullaitivu,Mullaitivu,3.6,500,1500,9.0333,80.8167,Medium,Important bird sanctuary with flamingos,"flamingo,birds,lagoon,wildlife",
206,Mullaitivu War Memorial,Historical,Mullaitivu,Mullaitivu,4,0,300,9.2667,80.8167,Low,Memorial site of historical significance,"memorial,historical,war,landmark",
207,Nanthikadal Lagoon,Nature,Mullaitivu,Mullaitivu,4.7,0,400,9.1833,80.8,Low,Large lagoon with diverse wildlife,"lagoon,wildlife,nature,scenic",
208,Chundikulam,Wildlife,Mullaitivu,Mullaitivu,3.5,800,2000,9.6333,80.3167,Medium,Protected wildlife area in north,"wildlife,protected,nature,birds",images/chundikulam.jpg
209,Mullaitivu Beach,Beach,Mullaitivu,Mullaitivu,3.7,200,800,9.2667,80.8167,Low,Scenic beach on northeastern coast,"beach,scenic,north,peaceful",
210,Chundikulam,Wildlife,Mullaitivu,Mullaitivu,4.3,800,2000,9.6333,80.3167,Medium,Protected wildlife area in north,"wildlife,protected,nature,birds",images/chundikulam.jpg
211,Nanthikadal Lagoon,Nature,Mullaitivu,Mullaitivu,3,0,400,9.1833,80.8,Low,Large lagoon with diverse wildlife,"lagoon,wildlife,nature,scenic",
212,Kokkilai Lagoon,Wildlife,Mullaitivu,Mullaitivu,4.6,500,1500,9.0333,80.8167,Medium,Important bird sanctuary with flamingos,"flamingo,birds,lagoon,wildlife",
213,Mullaitivu War Memorial,Historical,Mullaitivu,Mullaitivu,4.3,0,300,9.2667,80.8167,Low,Memorial site of historical significance,"memorial,historical,war,landmark",
214,Nanthikadal Lagoon,Nature,Mullaitivu,Mullaitivu,3.4,0,400,9.1833,80.8,Low,Large lagoon with diverse wildlife,"lagoon,wildlife,nature,scenic",
215,Chundikulam,Wildlife,Mullaitivu,Mullaitivu,4.7,800,2000,9.6333,80.3167,Medium,Protected wildlife area in north,"wildlife,protected,nature,birds",images/chundikulam.jpg
216,Mullaitivu War Memorial,Historical,Mullaitivu,Mullaitivu,3.7,0,300,9.2667,80.8167,Low,Memorial site of historical significance,"memorial,historical,war,landmark",
217,Chundikulam,Wildlife,Mullaitivu,Mullaitivu,4.3,800,2000,9.6333,80.3167,Medium,Protected wildlife area in north,"wildlife,protected,nature,birds",images/chundikulam.jpg
218,Nanthikadal Lagoon,Nature,Mullaitivu,Mullaitivu,5,0,400,9.1833,80.8,Low,Large lagoon with diverse wildlife,"lagoon,wildlife,nature,scenic",
219,Chundikulam,Wildlife,Mullaitivu,Mullaitivu,3.6,800,2000,9.6333,80.3167,Medium,Protected wildlife area in north,"wildlife,protected,nature,birds",images/chundikulam.jpg
220,Nanthikadal Lagoon,Nature,Mullaitivu,Mullaitivu,3,0,400,9.1833,80.8,Low,Large lagoon with diverse wildlife,"lagoon,wildlife,nature,scenic",
1,Nuwara Eliya Tea Plantations,Nature,NuwaraEliya,NuwaraEliya,3.6,1500,4000,6.9497,80.7891,Medium,Beautiful tea country - Little England,"tea,plantation,colonial,nature",
2,Horton Plains,Nature,NuwaraEliya,NuwaraEliya,4.3,2000,5000,6.802,80.803,Medium,Misty plateau with World's End cliff,"plateau,worldsend,nature,hiking",
3,World's End Viewpoint,Nature,NuwaraEliya,NuwaraEliya,3.8,2000,5000,6.7967,80.8028,Medium,Dramatic 880m cliff drop,"cliff,viewpoint,dramatic,nature",
4,Gregory Lake,Nature,NuwaraEliya,NuwaraEliya,4.8,300,1000,6.9497,80.7861,Low,Scenic lake in Nuwara Eliya town,"lake,scenic,boating,nature",
5,Victoria Park,Nature,NuwaraEliya,NuwaraEliya,4.1,200,600,6.9497,80.7891,Low,Beautiful park with diverse bird species,"park,birds,flowers,nature",
6,Seetha Amman Temple,Religious,NuwaraEliya,NuwaraEliya,3.7,0,400,6.9769,80.7714,Low,Hindu temple linked to Ramayana story,"temple,hindu,ramayana,religious",
7,Moon Plains,Nature,NuwaraEliya,NuwaraEliya,3.7,200,800,6.8667,80.7833,Low,Scenic highland plains with mountain views,"plains,highland,scenic,nature",
8,Ambewela Farm,Nature,NuwaraEliya,NuwaraEliya,4.3,300,900,6.8333,80.8333,Low,New Zealand of Sri Lanka - cattle farm,"farm,cattle,scenic,nature",
9,Ambewela Farm,Nature,NuwaraEliya,NuwaraEliya,4.5,300,900,6.8333,80.8333,Low,New Zealand of Sri Lanka - cattle farm,"farm,cattle,scenic,nature",
10,Moon Plains,Nature,NuwaraEliya,NuwaraEliya,4.9,200,800,6.8667,80.7833,Low,Scenic highland plains with mountain views,"plains,highland,scenic,nature",
11,Gregory Lake,Nature,NuwaraEliya,NuwaraEliya,3.3,300,1000,6.9497,80.7861,Low,Scenic lake in Nuwara Eliya town,"lake,scenic,boating,nature",
12,Gregory Lake,Nature,NuwaraEliya,NuwaraEliya,3.6,300,1000,6.9497,80.7861,Low,Scenic lake in Nuwara Eliya town,"lake,scenic,boating,nature",
13,Ambewela Farm,Nature,NuwaraEliya,NuwaraEliya,3.3,300,900,6.8333,80.8333,Low,New Zealand of Sri Lanka - cattle farm,"farm,cattle,scenic,nature",
14,Victoria Park,Nature,NuwaraEliya,NuwaraEliya,4.2,200,600,6.9497,80.7891,Low,Beautiful park with diverse bird species,"park,birds,flowers,nature",
15,Ambewela Farm,Nature,NuwaraEliya,NuwaraEliya,3.6,300,900,6.8333,80.8333,Low,New Zealand of Sri Lanka - cattle farm,"farm,cattle,scenic,nature",
16,Nuwara Eliya Tea Plantations,Nature,NuwaraEliya,NuwaraEliya,5,1500,4000,6.9497,80.7891,Medium,Beautiful tea country - Little England,"tea,plantation,colonial,nature",
17,Ambewela Farm,Nature,NuwaraEliya,NuwaraEliya,3.1,300,900,6.8333,80.8333,Low,New Zealand of Sri Lanka - cattle farm,"farm,cattle,scenic,nature",
18,Moon Plains,Nature,NuwaraEliya,NuwaraEliya,4.2,200,800,6.8667,80.7833,Low,Scenic highland plains with mountain views,"plains,highland,scenic,nature",
19,Gregory Lake,Nature,NuwaraEliya,NuwaraEliya,4.1,300,1000,6.9497,80.7861,Low,Scenic lake in Nuwara Eliya town,"lake,scenic,boating,nature",
20,Ambewela Farm,Nature,NuwaraEliya,NuwaraEliya,3.9,300,900,6.8333,80.8333,Low,New Zealand of Sri Lanka - cattle farm,"farm,cattle,scenic,nature",
21,Nuwara Eliya Tea Plantations,Nature,NuwaraEliya,NuwaraEliya,4.5,1500,4000,6.9497,80.7891,Medium,Beautiful tea country - Little England,"tea,plantation,colonial,nature",
22,Victoria Park,Nature,NuwaraEliya,NuwaraEliya,4.3,200,600,6.9497,80.7891,Low,Beautiful park with diverse bird species,"park,birds,flowers,nature",
23,Ambewela Farm,Nature,NuwaraEliya,NuwaraEliya,3.7,300,900,6.8333,80.8333,Low,New Zealand of Sri Lanka - cattle farm,"farm,cattle,scenic,nature",
24,Victoria Park,Nature,NuwaraEliya,NuwaraEliya,3.8,200,600,6.9497,80.7891,Low,Beautiful park with diverse bird species,"park,birds,flowers,nature",
25,World's End Viewpoint,Nature,NuwaraEliya,NuwaraEliya,3.8,2000,5000,6.7967,80.8028,Medium,Dramatic 880m cliff drop,"cliff,viewpoint,dramatic,nature",
26,World's End Viewpoint,Nature,NuwaraEliya,NuwaraEliya,4.8,2000,5000,6.7967,80.8028,Medium,Dramatic 880m cliff drop,"cliff,viewpoint,dramatic,nature",
27,Moon Plains,Nature,NuwaraEliya,NuwaraEliya,3.9,200,800,6.8667,80.7833,Low,Scenic highland plains with mountain views,"plains,highland,scenic,nature",
28,World's End Viewpoint,Nature,NuwaraEliya,NuwaraEliya,4.4,2000,5000,6.7967,80.8028,Medium,Dramatic 880m cliff drop,"cliff,viewpoint,dramatic,nature",
29,Horton Plains,Nature,NuwaraEliya,NuwaraEliya,3.8,2000,5000,6.802,80.803,Medium,Misty plateau with World's End cliff,"plateau,worldsend,nature,hiking",
30,Nuwara Eliya Tea Plantations,Nature,NuwaraEliya,NuwaraEliya,3.5,1500,4000,6.9497,80.7891,Medium,Beautiful tea country - Little England,"tea,plantation,colonial,nature",
31,World's End Viewpoint,Nature,NuwaraEliya,NuwaraEliya,3.5,2000,5000,6.7967,80.8028,Medium,Dramatic 880m cliff drop,"cliff,viewpoint,dramatic,nature",
32,Victoria Park,Nature,NuwaraEliya,NuwaraEliya,4.3,200,600,6.9497,80.7891,Low,Beautiful park with diverse bird species,"park,birds,flowers,nature",
33,Horton Plains,Nature,NuwaraEliya,NuwaraEliya,4.4,2000,5000,6.802,80.803,Medium,Misty plateau with World's End cliff,"plateau,worldsend,nature,hiking",
34,Gregory Lake,Nature,NuwaraEliya,NuwaraEliya,4.8,300,1000,6.9497,80.7861,Low,Scenic lake in Nuwara Eliya town,"lake,scenic,boating,nature",
35,Moon Plains,Nature,NuwaraEliya,NuwaraEliya,5,200,800,6.8667,80.7833,Low,Scenic highland plains with mountain views,"plains,highland,scenic,nature",
36,Horton Plains,Nature,NuwaraEliya,NuwaraEliya,5,2000,5000,6.802,80.803,Medium,Misty plateau with World's End cliff,"plateau,worldsend,nature,hiking",
37,Horton Plains,Nature,NuwaraEliya,NuwaraEliya,4.5,2000,5000,6.802,80.803,Medium,Misty plateau with World's End cliff,"plateau,worldsend,nature,hiking",
38,Seetha Amman Temple,Religious,NuwaraEliya,NuwaraEliya,3.8,0,400,6.9769,80.7714,Low,Hindu temple linked to Ramayana story,"temple,hindu,ramayana,religious",
39,World's End Viewpoint,Nature,NuwaraEliya,NuwaraEliya,3.5,2000,5000,6.7967,80.8028,Medium,Dramatic 880m cliff drop,"cliff,viewpoint,dramatic,nature",
40,Nuwara Eliya Tea Plantations,Nature,NuwaraEliya,NuwaraEliya,3.9,1500,4000,6.9497,80.7891,Medium,Beautiful tea country - Little England,"tea,plantation,colonial,nature",
41,Horton Plains,Nature,NuwaraEliya,NuwaraEliya,4.3,2000,5000,6.802,80.803,Medium,Misty plateau with World's End cliff,"plateau,worldsend,nature,hiking",
42,Ambewela Farm,Nature,NuwaraEliya,NuwaraEliya,3.8,300,900,6.8333,80.8333,Low,New Zealand of Sri Lanka - cattle farm,"farm,cattle,scenic,nature",
43,Moon Plains,Nature,NuwaraEliya,NuwaraEliya,4.7,200,800,6.8667,80.7833,Low,Scenic highland plains with mountain views,"plains,highland,scenic,nature",
44,Moon Plains,Nature,NuwaraEliya,NuwaraEliya,3.1,200,800,6.8667,80.7833,Low,Scenic highland plains with mountain views,"plains,highland,scenic,nature",
45,Victoria Park,Nature,NuwaraEliya,NuwaraEliya,3.2,200,600,6.9497,80.7891,Low,Beautiful park with diverse bird species,"park,birds,flowers,nature",
46,World's End Viewpoint,Nature,NuwaraEliya,NuwaraEliya,3.7,2000,5000,6.7967,80.8028,Medium,Dramatic 880m cliff drop,"cliff,viewpoint,dramatic,nature",
47,Ambewela Farm,Nature,NuwaraEliya,NuwaraEliya,4,300,900,6.8333,80.8333,Low,New Zealand of Sri Lanka - cattle farm,"farm,cattle,scenic,nature",
48,Horton Plains,Nature,NuwaraEliya,NuwaraEliya,3.2,2000,5000,6.802,80.803,Medium,Misty plateau with World's End cliff,"plateau,worldsend,nature,hiking",
49,Gregory Lake,Nature,NuwaraEliya,NuwaraEliya,4.4,300,1000,6.9497,80.7861,Low,Scenic lake in Nuwara Eliya town,"lake,scenic,boating,nature",
50,Ambewela Farm,Nature,NuwaraEliya,NuwaraEliya,3.3,300,900,6.8333,80.8333,Low,New Zealand of Sri Lanka - cattle farm,"farm,cattle,scenic,nature",
51,Victoria Park,Nature,NuwaraEliya,NuwaraEliya,4.7,200,600,6.9497,80.7891,Low,Beautiful park with diverse bird species,"park,birds,flowers,nature",
52,World's End Viewpoint,Nature,NuwaraEliya,NuwaraEliya,4.7,2000,5000,6.7967,80.8028,Medium,Dramatic 880m cliff drop,"cliff,viewpoint,dramatic,nature",
53,Horton Plains,Nature,NuwaraEliya,NuwaraEliya,3.4,2000,5000,6.802,80.803,Medium,Misty plateau with World's End cliff,"plateau,worldsend,nature,hiking",
54,Horton Plains,Nature,NuwaraEliya,NuwaraEliya,4.1,2000,5000,6.802,80.803,Medium,Misty plateau with World's End cliff,"plateau,worldsend,nature,hiking",
55,Moon Plains,Nature,NuwaraEliya,NuwaraEliya,3.3,200,800,6.8667,80.7833,Low,Scenic highland plains with mountain views,"plains,highland,scenic,nature",
56,Nuwara Eliya Tea Plantations,Nature,NuwaraEliya,NuwaraEliya,4.4,1500,4000,6.9497,80.7891,Medium,Beautiful tea country - Little England,"tea,plantation,colonial,nature",
57,World's End Viewpoint,Nature,NuwaraEliya,NuwaraEliya,3.9,2000,5000,6.7967,80.8028,Medium,Dramatic 880m cliff drop,"cliff,viewpoint,dramatic,nature",
58,World's End Viewpoint,Nature,NuwaraEliya,NuwaraEliya,3.4,2000,5000,6.7967,80.8028,Medium,Dramatic 880m cliff drop,"cliff,viewpoint,dramatic,nature",
59,Nuwara Eliya Tea Plantations,Nature,NuwaraEliya,NuwaraEliya,4.8,1500,4000,6.9497,80.7891,Medium,Beautiful tea country - Little England,"tea,plantation,colonial,nature",
60,Gregory Lake,Nature,NuwaraEliya,NuwaraEliya,3.9,300,1000,6.9497,80.7861,Low,Scenic lake in Nuwara Eliya town,"lake,scenic,boating,nature",
61,Nuwara Eliya Tea Plantations,Nature,NuwaraEliya,NuwaraEliya,4.7,1500,4000,6.9497,80.7891,Medium,Beautiful tea country - Little England,"tea,plantation,colonial,nature",
62,Horton Plains,Nature,NuwaraEliya,NuwaraEliya,3.8,2000,5000,6.802,80.803,Medium,Misty plateau with World's End cliff,"plateau,worldsend,nature,hiking",
63,Victoria Park,Nature,NuwaraEliya,NuwaraEliya,3.9,200,600,6.9497,80.7891,Low,Beautiful park with diverse bird species,"park,birds,flowers,nature",
64,Nuwara Eliya Tea Plantations,Nature,NuwaraEliya,NuwaraEliya,3.1,1500,4000,6.9497,80.7891,Medium,Beautiful tea country - Little England,"tea,plantation,colonial,nature",
65,Moon Plains,Nature,NuwaraEliya,NuwaraEliya,4.5,200,800,6.8667,80.7833,Low,Scenic highland plains with mountain views,"plains,highland,scenic,nature",
66,Gregory Lake,Nature,NuwaraEliya,NuwaraEliya,3.7,300,1000,6.9497,80.7861,Low,Scenic lake in Nuwara Eliya town,"lake,scenic,boating,nature",
67,Gregory Lake,Nature,NuwaraEliya,NuwaraEliya,3.4,300,1000,6.9497,80.7861,Low,Scenic lake in Nuwara Eliya town,"lake,scenic,boating,nature",
68,Nuwara Eliya Tea Plantations,Nature,NuwaraEliya,NuwaraEliya,3.8,1500,4000,6.9497,80.7891,Medium,Beautiful tea country - Little England,"tea,plantation,colonial,nature",
69,Nuwara Eliya Tea Plantations,Nature,NuwaraEliya,NuwaraEliya,3.7,1500,4000,6.9497,80.7891,Medium,Beautiful tea country - Little England,"tea,plantation,colonial,nature",
70,Gregory Lake,Nature,NuwaraEliya,NuwaraEliya,4.4,300,1000,6.9497,80.7861,Low,Scenic lake in Nuwara Eliya town,"lake,scenic,boating,nature",
71,Horton Plains,Nature,NuwaraEliya,NuwaraEliya,3.4,2000,5000,6.802,80.803,Medium,Misty plateau with World's End cliff,"plateau,worldsend,nature,hiking",
72,Horton Plains,Nature,NuwaraEliya,NuwaraEliya,4.6,2000,5000,6.802,80.803,Medium,Misty plateau with World's End cliff,"plateau,worldsend,nature,hiking",
73,World's End Viewpoint,Nature,NuwaraEliya,NuwaraEliya,4.4,2000,5000,6.7967,80.8028,Medium,Dramatic 880m cliff drop,"cliff,viewpoint,dramatic,nature",
74,Nuwara Eliya Tea Plantations,Nature,NuwaraEliya,NuwaraEliya,3.8,1500,4000,6.9497,80.7891,Medium,Beautiful tea country - Little England,"tea,plantation,colonial,nature",
75,Horton Plains,Nature,NuwaraEliya,NuwaraEliya,4.6,2000,5000,6.802,80.803,Medium,Misty plateau with World's End cliff,"plateau,worldsend,nature,hiking",
76,Seetha Amman Temple,Religious,NuwaraEliya,NuwaraEliya,4.1,0,400,6.9769,80.7714,Low,Hindu temple linked to Ramayana story,"temple,hindu,ramayana,religious",
77,Gregory Lake,Nature,NuwaraEliya,NuwaraEliya,4.2,300,1000,6.9497,80.7861,Low,Scenic lake in Nuwara Eliya town,"lake,scenic,boating,nature",
78,Moon Plains,Nature,NuwaraEliya,NuwaraEliya,4.9,200,800,6.8667,80.7833,Low,Scenic highland plains with mountain views,"plains,highland,scenic,nature",
79,Horton Plains,Nature,NuwaraEliya,NuwaraEliya,3.5,2000,5000,6.802,80.803,Medium,Misty plateau with World's End cliff,"plateau,worldsend,nature,hiking",
80,Horton Plains,Nature,NuwaraEliya,NuwaraEliya,3.7,2000,5000,6.802,80.803,Medium,Misty plateau with World's End cliff,"plateau,worldsend,nature,hiking",
81,World's End Viewpoint,Nature,NuwaraEliya,NuwaraEliya,3,2000,5000,6.7967,80.8028,Medium,Dramatic 880m cliff drop,"cliff,viewpoint,dramatic,nature",
82,Seetha Amman Temple,Religious,NuwaraEliya,NuwaraEliya,3,0,400,6.9769,80.7714,Low,Hindu temple linked to Ramayana story,"temple,hindu,ramayana,religious",
83,Gregory Lake,Nature,NuwaraEliya,NuwaraEliya,3.9,300,1000,6.9497,80.7861,Low,Scenic lake in Nuwara Eliya town,"lake,scenic,boating,nature",
84,Horton Plains,Nature,NuwaraEliya,NuwaraEliya,4.3,2000,5000,6.802,80.803,Medium,Misty plateau with World's End cliff,"plateau,worldsend,nature,hiking",
85,Victoria Park,Nature,NuwaraEliya,NuwaraEliya,4.3,200,600,6.9497,80.7891,Low,Beautiful park with diverse bird species,"park,birds,flowers,nature",
86,Seetha Amman Temple,Religious,NuwaraEliya,NuwaraEliya,3.1,0,400,6.9769,80.7714,Low,Hindu temple linked to Ramayana story,"temple,hindu,ramayana,religious",
87,Gregory Lake,Nature,NuwaraEliya,NuwaraEliya,3.8,300,1000,6.9497,80.7861,Low,Scenic lake in Nuwara Eliya town,"lake,scenic,boating,nature",
88,Ambewela Farm,Nature,NuwaraEliya,NuwaraEliya,5,300,900,6.8333,80.8333,Low,New Zealand of Sri Lanka - cattle farm,"farm,cattle,scenic,nature",
89,Horton Plains,Nature,NuwaraEliya,NuwaraEliya,4.4,2000,5000,6.802,80.803,Medium,Misty plateau with World's End cliff,"plateau,worldsend,nature,hiking",
90,World's End Viewpoint,Nature,NuwaraEliya,NuwaraEliya,3.5,2000,5000,6.7967,80.8028,Medium,Dramatic 880m cliff drop,"cliff,viewpoint,dramatic,nature",
91,Horton Plains,Nature,NuwaraEliya,NuwaraEliya,4.2,2000,5000,6.802,80.803,Medium,Misty plateau with World's End cliff,"plateau,worldsend,nature,hiking",
92,Moon Plains,Nature,NuwaraEliya,NuwaraEliya,4.4,200,800,6.8667,80.7833,Low,Scenic highland plains with mountain views,"plains,highland,scenic,nature",
93,World's End Viewpoint,Nature,NuwaraEliya,NuwaraEliya,3.7,2000,5000,6.7967,80.8028,Medium,Dramatic 880m cliff drop,"cliff,viewpoint,dramatic,nature",
94,Seetha Amman Temple,Religious,NuwaraEliya,NuwaraEliya,5,0,400,6.9769,80.7714,Low,Hindu temple linked to Ramayana story,"temple,hindu,ramayana,religious",
95,Ambewela Farm,Nature,NuwaraEliya,NuwaraEliya,3.1,300,900,6.8333,80.8333,Low,New Zealand of Sri Lanka - cattle farm,"farm,cattle,scenic,nature",
96,Nuwara Eliya Tea Plantations,Nature,NuwaraEliya,NuwaraEliya,4.2,1500,4000,6.9497,80.7891,Medium,Beautiful tea country - Little England,"tea,plantation,colonial,nature",
97,Ambewela Farm,Nature,NuwaraEliya,NuwaraEliya,3.8,300,900,6.8333,80.8333,Low,New Zealand of Sri Lanka - cattle farm,"farm,cattle,scenic,nature",
98,Gregory Lake,Nature,NuwaraEliya,NuwaraEliya,4,300,1000,6.9497,80.7861,Low,Scenic lake in Nuwara Eliya town,"lake,scenic,boating,nature",
99,Nuwara Eliya Tea Plantations,Nature,NuwaraEliya,NuwaraEliya,3.5,1500,4000,6.9497,80.7891,Medium,Beautiful tea country - Little England,"tea,plantation,colonial,nature",
100,Horton Plains,Nature,NuwaraEliya,NuwaraEliya,3.6,2000,5000,6.802,80.803,Medium,Misty plateau with World's End cliff,"plateau,worldsend,nature,hiking",
101,Moon Plains,Nature,NuwaraEliya,NuwaraEliya,4.5,200,800,6.8667,80.7833,Low,Scenic highland plains with mountain views,"plains,highland,scenic,nature",
102,Horton Plains,Nature,NuwaraEliya,NuwaraEliya,3.1,2000,5000,6.802,80.803,Medium,Misty plateau with World's End cliff,"plateau,worldsend,nature,hiking",
103,Seetha Amman Temple,Religious,NuwaraEliya,NuwaraEliya,4,0,400,6.9769,80.7714,Low,Hindu temple linked to Ramayana story,"temple,hindu,ramayana,religious",
104,Gregory Lake,Nature,NuwaraEliya,NuwaraEliya,3.3,300,1000,6.9497,80.7861,Low,Scenic lake in Nuwara Eliya town,"lake,scenic,boating,nature",
105,Gregory Lake,Nature,NuwaraEliya,NuwaraEliya,4.3,300,1000,6.9497,80.7861,Low,Scenic lake in Nuwara Eliya town,"lake,scenic,boating,nature",
106,Gregory Lake,Nature,NuwaraEliya,NuwaraEliya,4.8,300,1000,6.9497,80.7861,Low,Scenic lake in Nuwara Eliya town,"lake,scenic,boating,nature",
107,Ambewela Farm,Nature,NuwaraEliya,NuwaraEliya,4.5,300,900,6.8333,80.8333,Low,New Zealand of Sri Lanka - cattle farm,"farm,cattle,scenic,nature",
108,Seetha Amman Temple,Religious,NuwaraEliya,NuwaraEliya,3.3,0,400,6.9769,80.7714,Low,Hindu temple linked to Ramayana story,"temple,hindu,ramayana,religious",
109,Seetha Amman Temple,Religious,NuwaraEliya,NuwaraEliya,4.3,0,400,6.9769,80.7714,Low,Hindu temple linked to Ramayana story,"temple,hindu,ramayana,religious",
110,Nuwara Eliya Tea Plantations,Nature,NuwaraEliya,NuwaraEliya,4,1500,4000,6.9497,80.7891,Medium,Beautiful tea country - Little England,"tea,plantation,colonial,nature",
111,Moon Plains,Nature,NuwaraEliya,NuwaraEliya,4.3,200,800,6.8667,80.7833,Low,Scenic highland plains with mountain views,"plains,highland,scenic,nature",
112,Victoria Park,Nature,NuwaraEliya,NuwaraEliya,4.5,200,600,6.9497,80.7891,Low,Beautiful park with diverse bird species,"park,birds,flowers,nature",
113,Gregory Lake,Nature,NuwaraEliya,NuwaraEliya,4.7,300,1000,6.9497,80.7861,Low,Scenic lake in Nuwara Eliya town,"lake,scenic,boating,nature",
114,Seetha Amman Temple,Religious,NuwaraEliya,NuwaraEliya,3.7,0,400,6.9769,80.7714,Low,Hindu temple linked to Ramayana story,"temple,hindu,ramayana,religious",
115,Gregory Lake,Nature,NuwaraEliya,NuwaraEliya,4.1,300,1000,6.9497,80.7861,Low,Scenic lake in Nuwara Eliya town,"lake,scenic,boating,nature",
116,Gregory Lake,Nature,NuwaraEliya,NuwaraEliya,4.6,300,1000,6.9497,80.7861,Low,Scenic lake in Nuwara Eliya town,"lake,scenic,boating,nature",
117,Gregory Lake,Nature,NuwaraEliya,NuwaraEliya,4.2,300,1000,6.9497,80.7861,Low,Scenic lake in Nuwara Eliya town,"lake,scenic,boating,nature",
118,Moon Plains,Nature,NuwaraEliya,NuwaraEliya,4,200,800,6.8667,80.7833,Low,Scenic highland plains with mountain views,"plains,highland,scenic,nature",
119,World's End Viewpoint,Nature,NuwaraEliya,NuwaraEliya,3.9,2000,5000,6.7967,80.8028,Medium,Dramatic 880m cliff drop,"cliff,viewpoint,dramatic,nature",
120,Nuwara Eliya Tea Plantations,Nature,NuwaraEliya,NuwaraEliya,3.1,1500,4000,6.9497,80.7891,Medium,Beautiful tea country - Little England,"tea,plantation,colonial,nature",
121,Ambewela Farm,Nature,NuwaraEliya,NuwaraEliya,3.1,300,900,6.8333,80.8333,Low,New Zealand of Sri Lanka - cattle farm,"farm,cattle,scenic,nature",
122,Gregory Lake,Nature,NuwaraEliya,NuwaraEliya,3.1,300,1000,6.9497,80.7861,Low,Scenic lake in Nuwara Eliya town,"lake,scenic,boating,nature",
123,World's End Viewpoint,Nature,NuwaraEliya,NuwaraEliya,4.9,2000,5000,6.7967,80.8028,Medium,Dramatic 880m cliff drop,"cliff,viewpoint,dramatic,nature",
124,World's End Viewpoint,Nature,NuwaraEliya,NuwaraEliya,3.2,2000,5000,6.7967,80.8028,Medium,Dramatic 880m cliff drop,"cliff,viewpoint,dramatic,nature",
125,Gregory Lake,Nature,NuwaraEliya,NuwaraEliya,3.5,300,1000,6.9497,80.7861,Low,Scenic lake in Nuwara Eliya town,"lake,scenic,boating,nature",
126,Horton Plains,Nature,NuwaraEliya,NuwaraEliya,3.9,2000,5000,6.802,80.803,Medium,Misty plateau with World's End cliff,"plateau,worldsend,nature,hiking",
127,Ambewela Farm,Nature,NuwaraEliya,NuwaraEliya,3.6,300,900,6.8333,80.8333,Low,New Zealand of Sri Lanka - cattle farm,"farm,cattle,scenic,nature",
128,Gregory Lake,Nature,NuwaraEliya,NuwaraEliya,3.5,300,1000,6.9497,80.7861,Low,Scenic lake in Nuwara Eliya town,"lake,scenic,boating,nature",
129,World's End Viewpoint,Nature,NuwaraEliya,NuwaraEliya,4.2,2000,5000,6.7967,80.8028,Medium,Dramatic 880m cliff drop,"cliff,viewpoint,dramatic,nature",
130,Victoria Park,Nature,NuwaraEliya,NuwaraEliya,3.6,200,600,6.9497,80.7891,Low,Beautiful park with diverse bird species,"park,birds,flowers,nature",
131,Ambewela Farm,Nature,NuwaraEliya,NuwaraEliya,4.9,300,900,6.8333,80.8333,Low,New Zealand of Sri Lanka - cattle farm,"farm,cattle,scenic,nature",
132,Gregory Lake,Nature,NuwaraEliya,NuwaraEliya,3.5,300,1000,6.9497,80.7861,Low,Scenic lake in Nuwara Eliya town,"lake,scenic,boating,nature",
133,Ambewela Farm,Nature,NuwaraEliya,NuwaraEliya,3.2,300,900,6.8333,80.8333,Low,New Zealand of Sri Lanka - cattle farm,"farm,cattle,scenic,nature",
134,Seetha Amman Temple,Religious,NuwaraEliya,NuwaraEliya,3.8,0,400,6.9769,80.7714,Low,Hindu temple linked to Ramayana story,"temple,hindu,ramayana,religious",
135,World's End Viewpoint,Nature,NuwaraEliya,NuwaraEliya,3.9,2000,5000,6.7967,80.8028,Medium,Dramatic 880m cliff drop,"cliff,viewpoint,dramatic,nature",
136,Moon Plains,Nature,NuwaraEliya,NuwaraEliya,4,200,800,6.8667,80.7833,Low,Scenic highland plains with mountain views,"plains,highland,scenic,nature",
137,Moon Plains,Nature,NuwaraEliya,NuwaraEliya,4.5,200,800,6.8667,80.7833,Low,Scenic highland plains with mountain views,"plains,highland,scenic,nature",
138,Ambewela Farm,Nature,NuwaraEliya,NuwaraEliya,3,300,900,6.8333,80.8333,Low,New Zealand of Sri Lanka - cattle farm,"farm,cattle,scenic,nature",
139,Moon Plains,Nature,NuwaraEliya,NuwaraEliya,3.9,200,800,6.8667,80.7833,Low,Scenic highland plains with mountain views,"plains,highland,scenic,nature",
140,Horton Plains,Nature,NuwaraEliya,NuwaraEliya,4.5,2000,5000,6.802,80.803,Medium,Misty plateau with World's End cliff,"plateau,worldsend,nature,hiking",
141,Victoria Park,Nature,NuwaraEliya,NuwaraEliya,4.2,200,600,6.9497,80.7891,Low,Beautiful park with diverse bird species,"park,birds,flowers,nature",
142,World's End Viewpoint,Nature,NuwaraEliya,NuwaraEliya,4.1,2000,5000,6.7967,80.8028,Medium,Dramatic 880m cliff drop,"cliff,viewpoint,dramatic,nature",
143,World's End Viewpoint,Nature,NuwaraEliya,NuwaraEliya,3.5,2000,5000,6.7967,80.8028,Medium,Dramatic 880m cliff drop,"cliff,viewpoint,dramatic,nature",
144,Ambewela Farm,Nature,NuwaraEliya,NuwaraEliya,3.6,300,900,6.8333,80.8333,Low,New Zealand of Sri Lanka - cattle farm,"farm,cattle,scenic,nature",
145,Victoria Park,Nature,NuwaraEliya,NuwaraEliya,3.8,200,600,6.9497,80.7891,Low,Beautiful park with diverse bird species,"park,birds,flowers,nature",
146,Ambewela Farm,Nature,NuwaraEliya,NuwaraEliya,3.1,300,900,6.8333,80.8333,Low,New Zealand of Sri Lanka - cattle farm,"farm,cattle,scenic,nature",
147,World's End Viewpoint,Nature,NuwaraEliya,NuwaraEliya,4.4,2000,5000,6.7967,80.8028,Medium,Dramatic 880m cliff drop,"cliff,viewpoint,dramatic,nature",
148,Gregory Lake,Nature,NuwaraEliya,NuwaraEliya,3.3,300,1000,6.9497,80.7861,Low,Scenic lake in Nuwara Eliya town,"lake,scenic,boating,nature",
149,Gregory Lake,Nature,NuwaraEliya,NuwaraEliya,3,300,1000,6.9497,80.7861,Low,Scenic lake in Nuwara Eliya town,"lake,scenic,boating,nature",
150,Seetha Amman Temple,Religious,NuwaraEliya,NuwaraEliya,4,0,400,6.9769,80.7714,Low,Hindu temple linked to Ramayana story,"temple,hindu,ramayana,religious",
151,Moon Plains,Nature,NuwaraEliya,NuwaraEliya,4.9,200,800,6.8667,80.7833,Low,Scenic highland plains with mountain views,"plains,highland,scenic,nature",
152,Seetha Amman Temple,Religious,NuwaraEliya,NuwaraEliya,3.8,0,400,6.9769,80.7714,Low,Hindu temple linked to Ramayana story,"temple,hindu,ramayana,religious",
153,Victoria Park,Nature,NuwaraEliya,NuwaraEliya,4.3,200,600,6.9497,80.7891,Low,Beautiful park with diverse bird species,"park,birds,flowers,nature",
154,Horton Plains,Nature,NuwaraEliya,NuwaraEliya,3.8,2000,5000,6.802,80.803,Medium,Misty plateau with World's End cliff,"plateau,worldsend,nature,hiking",
155,Nuwara Eliya Tea Plantations,Nature,NuwaraEliya,NuwaraEliya,5,1500,4000,6.9497,80.7891,Medium,Beautiful tea country - Little England,"tea,plantation,colonial,nature",
156,Horton Plains,Nature,NuwaraEliya,NuwaraEliya,3.8,2000,5000,6.802,80.803,Medium,Misty plateau with World's End cliff,"plateau,worldsend,nature,hiking",
157,World's End Viewpoint,Nature,NuwaraEliya,NuwaraEliya,3.4,2000,5000,6.7967,80.8028,Medium,Dramatic 880m cliff drop,"cliff,viewpoint,dramatic,nature",
158,Moon Plains,Nature,NuwaraEliya,NuwaraEliya,4.9,200,800,6.8667,80.7833,Low,Scenic highland plains with mountain views,"plains,highland,scenic,nature",
159,Seetha Amman Temple,Religious,NuwaraEliya,NuwaraEliya,4,0,400,6.9769,80.7714,Low,Hindu temple linked to Ramayana story,"temple,hindu,ramayana,religious",
160,Ambewela Farm,Nature,NuwaraEliya,NuwaraEliya,4.3,300,900,6.8333,80.8333,Low,New Zealand of Sri Lanka - cattle farm,"farm,cattle,scenic,nature",
161,Seetha Amman Temple,Religious,NuwaraEliya,NuwaraEliya,4.4,0,400,6.9769,80.7714,Low,Hindu temple linked to Ramayana story,"temple,hindu,ramayana,religious",
162,Moon Plains,Nature,NuwaraEliya,NuwaraEliya,4.9,200,800,6.8667,80.7833,Low,Scenic highland plains with mountain views,"plains,highland,scenic,nature",
163,Gregory Lake,Nature,NuwaraEliya,NuwaraEliya,3.5,300,1000,6.9497,80.7861,Low,Scenic lake in Nuwara Eliya town,"lake,scenic,boating,nature",
164,Nuwara Eliya Tea Plantations,Nature,NuwaraEliya,NuwaraEliya,4.8,1500,4000,6.9497,80.7891,Medium,Beautiful tea country - Little England,"tea,plantation,colonial,nature",
165,Seetha Amman Temple,Religious,NuwaraEliya,NuwaraEliya,4.3,0,400,6.9769,80.7714,Low,Hindu temple linked to Ramayana story,"temple,hindu,ramayana,religious",
166,Nuwara Eliya Tea Plantations,Nature,NuwaraEliya,NuwaraEliya,4.4,1500,4000,6.9497,80.7891,Medium,Beautiful tea country - Little England,"tea,plantation,colonial,nature",
167,World's End Viewpoint,Nature,NuwaraEliya,NuwaraEliya,3.5,2000,5000,6.7967,80.8028,Medium,Dramatic 880m cliff drop,"cliff,viewpoint,dramatic,nature",
168,Ambewela Farm,Nature,NuwaraEliya,NuwaraEliya,4.9,300,900,6.8333,80.8333,Low,New Zealand of Sri Lanka - cattle farm,"farm,cattle,scenic,nature",
169,World's End Viewpoint,Nature,NuwaraEliya,NuwaraEliya,3.5,2000,5000,6.7967,80.8028,Medium,Dramatic 880m cliff drop,"cliff,viewpoint,dramatic,nature",
170,World's End Viewpoint,Nature,NuwaraEliya,NuwaraEliya,3,2000,5000,6.7967,80.8028,Medium,Dramatic 880m cliff drop,"cliff,viewpoint,dramatic,nature",
171,Horton Plains,Nature,NuwaraEliya,NuwaraEliya,4.3,2000,5000,6.802,80.803,Medium,Misty plateau with World's End cliff,"plateau,worldsend,nature,hiking",
172,Moon Plains,Nature,NuwaraEliya,NuwaraEliya,3.8,200,800,6.8667,80.7833,Low,Scenic highland plains with mountain views,"plains,highland,scenic,nature",
173,Horton Plains,Nature,NuwaraEliya,NuwaraEliya,4,2000,5000,6.802,80.803,Medium,Misty plateau with World's End cliff,"plateau,worldsend,nature,hiking",
174,Gregory Lake,Nature,NuwaraEliya,NuwaraEliya,4.8,300,1000,6.9497,80.7861,Low,Scenic lake in Nuwara Eliya town,"lake,scenic,boating,nature",
175,World's End Viewpoint,Nature,NuwaraEliya,NuwaraEliya,4.7,2000,5000,6.7967,80.8028,Medium,Dramatic 880m cliff drop,"cliff,viewpoint,dramatic,nature",
176,Victoria Park,Nature,NuwaraEliya,NuwaraEliya,4.4,200,600,6.9497,80.7891,Low,Beautiful park with diverse bird species,"park,birds,flowers,nature",
177,Moon Plains,Nature,NuwaraEliya,NuwaraEliya,4.2,200,800,6.8667,80.7833,Low,Scenic highland plains with mountain views,"plains,highland,scenic,nature",
178,Moon Plains,Nature,NuwaraEliya,NuwaraEliya,4.5,200,800,6.8667,80.7833,Low,Scenic highland plains with mountain views,"plains,highland,scenic,nature",
179,Horton Plains,Nature,NuwaraEliya,NuwaraEliya,3.2,2000,5000,6.802,80.803,Medium,Misty plateau with World's End cliff,"plateau,worldsend,nature,hiking",
180,Seetha Amman Temple,Religious,NuwaraEliya,NuwaraEliya,4.6,0,400,6.9769,80.7714,Low,Hindu temple linked to Ramayana story,"temple,hindu,ramayana,religious",
181,Victoria Park,Nature,NuwaraEliya,NuwaraEliya,4.5,200,600,6.9497,80.7891,Low,Beautiful park with diverse bird species,"park,birds,flowers,nature",
182,Moon Plains,Nature,NuwaraEliya,NuwaraEliya,4.4,200,800,6.8667,80.7833,Low,Scenic highland plains with mountain views,"plains,highland,scenic,nature",
183,Nuwara Eliya Tea Plantations,Nature,NuwaraEliya,NuwaraEliya,5,1500,4000,6.9497,80.7891,Medium,Beautiful tea country - Little England,"tea,plantation,colonial,nature",
184,Ambewela Farm,Nature,NuwaraEliya,NuwaraEliya,3,300,900,6.8333,80.8333,Low,New Zealand of Sri Lanka - cattle farm,"farm,cattle,scenic,nature",
185,Horton Plains,Nature,NuwaraEliya,NuwaraEliya,4.5,2000,5000,6.802,80.803,Medium,Misty plateau with World's End cliff,"plateau,worldsend,nature,hiking",
186,Moon Plains,Nature,NuwaraEliya,NuwaraEliya,4,200,800,6.8667,80.7833,Low,Scenic highland plains with mountain views,"plains,highland,scenic,nature",
187,Victoria Park,Nature,NuwaraEliya,NuwaraEliya,4.5,200,600,6.9497,80.7891,Low,Beautiful park with diverse bird species,"park,birds,flowers,nature",
188,World's End Viewpoint,Nature,NuwaraEliya,NuwaraEliya,3.4,2000,5000,6.7967,80.8028,Medium,Dramatic 880m cliff drop,"cliff,viewpoint,dramatic,nature",
189,World's End Viewpoint,Nature,NuwaraEliya,NuwaraEliya,4.4,2000,5000,6.7967,80.8028,Medium,Dramatic 880m cliff drop,"cliff,viewpoint,dramatic,nature",
190,Gregory Lake,Nature,NuwaraEliya,NuwaraEliya,4,300,1000,6.9497,80.7861,Low,Scenic lake in Nuwara Eliya town,"lake,scenic,boating,nature",
191,Horton Plains,Nature,NuwaraEliya,NuwaraEliya,3.9,2000,5000,6.802,80.803,Medium,Misty plateau with World's End cliff,"plateau,worldsend,nature,hiking",
192,Gregory Lake,Nature,NuwaraEliya,NuwaraEliya,3.4,300,1000,6.9497,80.7861,Low,Scenic lake in Nuwara Eliya town,"lake,scenic,boating,nature",
193,Nuwara Eliya Tea Plantations,Nature,NuwaraEliya,NuwaraEliya,4.5,1500,4000,6.9497,80.7891,Medium,Beautiful tea country - Little England,"tea,plantation,colonial,nature",
194,Gregory Lake,Nature,NuwaraEliya,NuwaraEliya,3.5,300,1000,6.9497,80.7861,Low,Scenic lake in Nuwara Eliya town,"lake,scenic,boating,nature",
195,Moon Plains,Nature,NuwaraEliya,NuwaraEliya,3.9,200,800,6.8667,80.7833,Low,Scenic highland plains with mountain views,"plains,highland,scenic,nature",
196,Horton Plains,Nature,NuwaraEliya,NuwaraEliya,4.7,2000,5000,6.802,80.803,Medium,Misty plateau with World's End cliff,"plateau,worldsend,nature,hiking",
197,World's End Viewpoint,Nature,NuwaraEliya,NuwaraEliya,3.2,2000,5000,6.7967,80.8028,Medium,Dramatic 880m cliff drop,"cliff,viewpoint,dramatic,nature",
198,Horton Plains,Nature,NuwaraEliya,NuwaraEliya,3.8,2000,5000,6.802,80.803,Medium,Misty plateau with World's End cliff,"plateau,worldsend,nature,hiking",
199,Victoria Park,Nature,NuwaraEliya,NuwaraEliya,3.1,200,600,6.9497,80.7891,Low,Beautiful park with diverse bird species,"park,birds,flowers,nature",
200,Nuwara Eliya Tea Plantations,Nature,NuwaraEliya,NuwaraEliya,4.2,1500,4000,6.9497,80.7891,Medium,Beautiful tea country - Little England,"tea,plantation,colonial,nature",
201,Ambewela Farm,Nature,NuwaraEliya,NuwaraEliya,4,300,900,6.8333,80.8333,Low,New Zealand of Sri Lanka - cattle farm,"farm,cattle,scenic,nature",
202,Horton Plains,Nature,NuwaraEliya,NuwaraEliya,3,2000,5000,6.802,80.803,Medium,Misty plateau with World's End cliff,"plateau,worldsend,nature,hiking",
203,Victoria Park,Nature,NuwaraEliya,NuwaraEliya,4.5,200,600,6.9497,80.7891,Low,Beautiful park with diverse bird species,"park,birds,flowers,nature",
204,Nuwara Eliya Tea Plantations,Nature,NuwaraEliya,NuwaraEliya,4.3,1500,4000,6.9497,80.7891,Medium,Beautiful tea country - Little England,"tea,plantation,colonial,nature",
205,Nuwara Eliya Tea Plantations,Nature,NuwaraEliya,NuwaraEliya,3.2,1500,4000,6.9497,80.7891,Medium,Beautiful tea country - Little England,"tea,plantation,colonial,nature",
206,Nuwara Eliya Tea Plantations,Nature,NuwaraEliya,NuwaraEliya,3.8,1500,4000,6.9497,80.7891,Medium,Beautiful tea country - Little England,"tea,plantation,colonial,nature",
207,Victoria Park,Nature,NuwaraEliya,NuwaraEliya,4.9,200,600,6.9497,80.7891,Low,Beautiful park with diverse bird species,"park,birds,flowers,nature",
208,Ambewela Farm,Nature,NuwaraEliya,NuwaraEliya,4.5,300,900,6.8333,80.8333,Low,New Zealand of Sri Lanka - cattle farm,"farm,cattle,scenic,nature",
209,Moon Plains,Nature,NuwaraEliya,NuwaraEliya,3.7,200,800,6.8667,80.7833,Low,Scenic highland plains with mountain views,"plains,highland,scenic,nature",
210,Seetha Amman Temple,Religious,NuwaraEliya,NuwaraEliya,5,0,400,6.9769,80.7714,Low,Hindu temple linked to Ramayana story,"temple,hindu,ramayana,religious",
211,Gregory Lake,Nature,NuwaraEliya,NuwaraEliya,4.9,300,1000,6.9497,80.7861,Low,Scenic lake in Nuwara Eliya town,"lake,scenic,boating,nature",
212,Moon Plains,Nature,NuwaraEliya,NuwaraEliya,3.8,200,800,6.8667,80.7833,Low,Scenic highland plains with mountain views,"plains,highland,scenic,nature",
213,Nuwara Eliya Tea Plantations,Nature,NuwaraEliya,NuwaraEliya,5,1500,4000,6.9497,80.7891,Medium,Beautiful tea country - Little England,"tea,plantation,colonial,nature",
214,Seetha Amman Temple,Religious,NuwaraEliya,NuwaraEliya,4.6,0,400,6.9769,80.7714,Low,Hindu temple linked to Ramayana story,"temple,hindu,ramayana,religious",
215,Nuwara Eliya Tea Plantations,Nature,NuwaraEliya,NuwaraEliya,3.9,1500,4000,6.9497,80.7891,Medium,Beautiful tea country - Little England,"tea,plantation,colonial,nature",
216,Moon Plains,Nature,NuwaraEliya,NuwaraEliya,4.5,200,800,6.8667,80.7833,Low,Scenic highland plains with mountain views,"plains,highland,scenic,nature",
217,World's End Viewpoint,Nature,NuwaraEliya,NuwaraEliya,3.1,2000,5000,6.7967,80.8028,Medium,Dramatic 880m cliff drop,"cliff,viewpoint,dramatic,nature",
218,Horton Plains,Nature,NuwaraEliya,NuwaraEliya,4.7,2000,5000,6.802,80.803,Medium,Misty plateau with World's End cliff,"plateau,worldsend,nature,hiking",
219,Victoria Park,Nature,NuwaraEliya,NuwaraEliya,4.9,200,600,6.9497,80.7891,Low,Beautiful park with diverse bird species,"park,birds,flowers,nature",
220,Gregory Lake,Nature,NuwaraEliya,NuwaraEliya,3.7,300,1000,6.9497,80.7861,Low,Scenic lake in Nuwara Eliya town,"lake,scenic,boating,nature",
1,Polonnaruwa Ancient City,Historical,Polonnaruwa,Polonnaruwa,4.9,500,2000,7.9403,81.0188,Low,Medieval capital with well-preserved ruins - UNESCO,"ruins,UNESCO,ancient,historical",
2,Gal Vihara,Religious,Polonnaruwa,Polonnaruwa,4.7,500,2000,7.9556,81.0019,Low,Magnificent rock-carved Buddha statues,"buddha,rock,carved,religious,UNESCO",
3,Minneriya National Park,Wildlife,Polonnaruwa,Polonnaruwa,4.8,3000,8000,8.0328,80.8994,Medium,Famous elephant gathering - hundreds at once,"elephant,gathering,wildlife,safari",
4,Parakrama Samudra,Nature,Polonnaruwa,Polonnaruwa,4.8,0,500,7.9403,81.0019,Low,Ancient sea of Parakrama - massive irrigation tank,"tank,ancient,scenic,historical",
5,Kaudulla National Park,Wildlife,Polonnaruwa,Polonnaruwa,4.9,3000,8000,8.1667,80.9167,Medium,Another elephant gathering park near Minneriya,"elephant,wildlife,safari,nature",
6,Polonnaruwa Museum,Historical,Polonnaruwa,Polonnaruwa,4.1,300,800,7.9403,81.0188,Low,Excellent museum with ancient artifacts,"museum,artifacts,historical,culture",
7,Lankathilaka Temple,Religious,Kandy,Kandy,4.9,500,2000,7.9472,81.0014,Low,Impressive ruined image house of ancient Polonnaruwa,"temple,ruins,ancient,religious",images/lankathilaka_temple.jpg
8,Medirigiriya Vatadage,Historical,Polonnaruwa,Polonnaruwa,4.1,300,1000,8.1167,80.9667,Low,Ancient circular relic house in remote location,"ruins,ancient,historical,remote",
9,Gal Vihara,Religious,Polonnaruwa,Polonnaruwa,3.7,500,2000,7.9556,81.0019,Low,Magnificent rock-carved Buddha statues,"buddha,rock,carved,religious,UNESCO",
10,Polonnaruwa Museum,Historical,Polonnaruwa,Polonnaruwa,3.3,300,800,7.9403,81.0188,Low,Excellent museum with ancient artifacts,"museum,artifacts,historical,culture",
11,Minneriya National Park,Wildlife,Polonnaruwa,Polonnaruwa,4.5,3000,8000,8.0328,80.8994,Medium,Famous elephant gathering - hundreds at once,"elephant,gathering,wildlife,safari",
12,Lankathilaka Temple,Religious,Kandy,Kandy,4.6,500,2000,7.9472,81.0014,Low,Impressive ruined image house of ancient Polonnaruwa,"temple,ruins,ancient,religious",images/lankathilaka_temple.jpg
13,Medirigiriya Vatadage,Historical,Polonnaruwa,Polonnaruwa,4.3,300,1000,8.1167,80.9667,Low,Ancient circular relic house in remote location,"ruins,ancient,historical,remote",
14,Minneriya National Park,Wildlife,Polonnaruwa,Polonnaruwa,4.4,3000,8000,8.0328,80.8994,Medium,Famous elephant gathering - hundreds at once,"elephant,gathering,wildlife,safari",
15,Polonnaruwa Museum,Historical,Polonnaruwa,Polonnaruwa,3.4,300,800,7.9403,81.0188,Low,Excellent museum with ancient artifacts,"museum,artifacts,historical,culture",
16,Minneriya National Park,Wildlife,Polonnaruwa,Polonnaruwa,3.8,3000,8000,8.0328,80.8994,Medium,Famous elephant gathering - hundreds at once,"elephant,gathering,wildlife,safari",
17,Kaudulla National Park,Wildlife,Polonnaruwa,Polonnaruwa,3.3,3000,8000,8.1667,80.9167,Medium,Another elephant gathering park near Minneriya,"elephant,wildlife,safari,nature",
18,Polonnaruwa Ancient City,Historical,Polonnaruwa,Polonnaruwa,4.9,500,2000,7.9403,81.0188,Low,Medieval capital with well-preserved ruins - UNESCO,"ruins,UNESCO,ancient,historical",
19,Lankathilaka Temple,Religious,Kandy,Kandy,4.7,500,2000,7.9472,81.0014,Low,Impressive ruined image house of ancient Polonnaruwa,"temple,ruins,ancient,religious",images/lankathilaka_temple.jpg
20,Polonnaruwa Ancient City,Historical,Polonnaruwa,Polonnaruwa,3.4,500,2000,7.9403,81.0188,Low,Medieval capital with well-preserved ruins - UNESCO,"ruins,UNESCO,ancient,historical",
21,Polonnaruwa Museum,Historical,Polonnaruwa,Polonnaruwa,4.8,300,800,7.9403,81.0188,Low,Excellent museum with ancient artifacts,"museum,artifacts,historical,culture",
22,Parakrama Samudra,Nature,Polonnaruwa,Polonnaruwa,4.3,0,500,7.9403,81.0019,Low,Ancient sea of Parakrama - massive irrigation tank,"tank,ancient,scenic,historical",
23,Gal Vihara,Religious,Polonnaruwa,Polonnaruwa,4.9,500,2000,7.9556,81.0019,Low,Magnificent rock-carved Buddha statues,"buddha,rock,carved,religious,UNESCO",
24,Minneriya National Park,Wildlife,Polonnaruwa,Polonnaruwa,3.7,3000,8000,8.0328,80.8994,Medium,Famous elephant gathering - hundreds at once,"elephant,gathering,wildlife,safari",
25,Gal Vihara,Religious,Polonnaruwa,Polonnaruwa,3.5,500,2000,7.9556,81.0019,Low,Magnificent rock-carved Buddha statues,"buddha,rock,carved,religious,UNESCO",
26,Polonnaruwa Museum,Historical,Polonnaruwa,Polonnaruwa,3.3,300,800,7.9403,81.0188,Low,Excellent museum with ancient artifacts,"museum,artifacts,historical,culture",
27,Gal Vihara,Religious,Polonnaruwa,Polonnaruwa,4.6,500,2000,7.9556,81.0019,Low,Magnificent rock-carved Buddha statues,"buddha,rock,carved,religious,UNESCO",
28,Polonnaruwa Museum,Historical,Polonnaruwa,Polonnaruwa,3.9,300,800,7.9403,81.0188,Low,Excellent museum with ancient artifacts,"museum,artifacts,historical,culture",
29,Kaudulla National Park,Wildlife,Polonnaruwa,Polonnaruwa,3.4,3000,8000,8.1667,80.9167,Medium,Another elephant gathering park near Minneriya,"elephant,wildlife,safari,nature",
30,Gal Vihara,Religious,Polonnaruwa,Polonnaruwa,3.7,500,2000,7.9556,81.0019,Low,Magnificent rock-carved Buddha statues,"buddha,rock,carved,religious,UNESCO",
31,Gal Vihara,Religious,Polonnaruwa,Polonnaruwa,4.4,500,2000,7.9556,81.0019,Low,Magnificent rock-carved Buddha statues,"buddha,rock,carved,religious,UNESCO",
32,Polonnaruwa Ancient City,Historical,Polonnaruwa,Polonnaruwa,3.8,500,2000,7.9403,81.0188,Low,Medieval capital with well-preserved ruins - UNESCO,"ruins,UNESCO,ancient,historical",
33,Lankathilaka Temple,Religious,Kandy,Kandy,4.9,500,2000,7.9472,81.0014,Low,Impressive ruined image house of ancient Polonnaruwa,"temple,ruins,ancient,religious",images/lankathilaka_temple.jpg
34,Lankathilaka Temple,Religious,Kandy,Kandy,4,500,2000,7.9472,81.0014,Low,Impressive ruined image house of ancient Polonnaruwa,"temple,ruins,ancient,religious",images/lankathilaka_temple.jpg
35,Lankathilaka Temple,Religious,Kandy,Kandy,3.7,500,2000,7.9472,81.0014,Low,Impressive ruined image house of ancient Polonnaruwa,"temple,ruins,ancient,religious",images/lankathilaka_temple.jpg
36,Lankathilaka Temple,Religious,Kandy,Kandy,3.2,500,2000,7.9472,81.0014,Low,Impressive ruined image house of ancient Polonnaruwa,"temple,ruins,ancient,religious",images/lankathilaka_temple.jpg
37,Medirigiriya Vatadage,Historical,Polonnaruwa,Polonnaruwa,4.6,300,1000,8.1167,80.9667,Low,Ancient circular relic house in remote location,"ruins,ancient,historical,remote",
38,Parakrama Samudra,Nature,Polonnaruwa,Polonnaruwa,3.3,0,500,7.9403,81.0019,Low,Ancient sea of Parakrama - massive irrigation tank,"tank,ancient,scenic,historical",
39,Gal Vihara,Religious,Polonnaruwa,Polonnaruwa,4.6,500,2000,7.9556,81.0019,Low,Magnificent rock-carved Buddha statues,"buddha,rock,carved,religious,UNESCO",
40,Polonnaruwa Ancient City,Historical,Polonnaruwa,Polonnaruwa,3.6,500,2000,7.9403,81.0188,Low,Medieval capital with well-preserved ruins - UNESCO,"ruins,UNESCO,ancient,historical",
41,Polonnaruwa Museum,Historical,Polonnaruwa,Polonnaruwa,3.5,300,800,7.9403,81.0188,Low,Excellent museum with ancient artifacts,"museum,artifacts,historical,culture",
42,Gal Vihara,Religious,Polonnaruwa,Polonnaruwa,3.1,500,2000,7.9556,81.0019,Low,Magnificent rock-carved Buddha statues,"buddha,rock,carved,religious,UNESCO",
43,Minneriya National Park,Wildlife,Polonnaruwa,Polonnaruwa,4.8,3000,8000,8.0328,80.8994,Medium,Famous elephant gathering - hundreds at once,"elephant,gathering,wildlife,safari",
44,Minneriya National Park,Wildlife,Polonnaruwa,Polonnaruwa,4.5,3000,8000,8.0328,80.8994,Medium,Famous elephant gathering - hundreds at once,"elephant,gathering,wildlife,safari",
45,Gal Vihara,Religious,Polonnaruwa,Polonnaruwa,3.7,500,2000,7.9556,81.0019,Low,Magnificent rock-carved Buddha statues,"buddha,rock,carved,religious,UNESCO",
46,Medirigiriya Vatadage,Historical,Polonnaruwa,Polonnaruwa,4.4,300,1000,8.1167,80.9667,Low,Ancient circular relic house in remote location,"ruins,ancient,historical,remote",
47,Lankathilaka Temple,Religious,Kandy,Kandy,4.9,500,2000,7.9472,81.0014,Low,Impressive ruined image house of ancient Polonnaruwa,"temple,ruins,ancient,religious",images/lankathilaka_temple.jpg
48,Minneriya National Park,Wildlife,Polonnaruwa,Polonnaruwa,4.2,3000,8000,8.0328,80.8994,Medium,Famous elephant gathering - hundreds at once,"elephant,gathering,wildlife,safari",
49,Lankathilaka Temple,Religious,Kandy,Kandy,3.3,500,2000,7.9472,81.0014,Low,Impressive ruined image house of ancient Polonnaruwa,"temple,ruins,ancient,religious",images/lankathilaka_temple.jpg
50,Gal Vihara,Religious,Polonnaruwa,Polonnaruwa,3.7,500,2000,7.9556,81.0019,Low,Magnificent rock-carved Buddha statues,"buddha,rock,carved,religious,UNESCO",
51,Parakrama Samudra,Nature,Polonnaruwa,Polonnaruwa,3.8,0,500,7.9403,81.0019,Low,Ancient sea of Parakrama - massive irrigation tank,"tank,ancient,scenic,historical",
52,Kaudulla National Park,Wildlife,Polonnaruwa,Polonnaruwa,4.3,3000,8000,8.1667,80.9167,Medium,Another elephant gathering park near Minneriya,"elephant,wildlife,safari,nature",
53,Kaudulla National Park,Wildlife,Polonnaruwa,Polonnaruwa,3.5,3000,8000,8.1667,80.9167,Medium,Another elephant gathering park near Minneriya,"elephant,wildlife,safari,nature",
54,Polonnaruwa Ancient City,Historical,Polonnaruwa,Polonnaruwa,3.8,500,2000,7.9403,81.0188,Low,Medieval capital with well-preserved ruins - UNESCO,"ruins,UNESCO,ancient,historical",
55,Medirigiriya Vatadage,Historical,Polonnaruwa,Polonnaruwa,3.3,300,1000,8.1167,80.9667,Low,Ancient circular relic house in remote location,"ruins,ancient,historical,remote",
56,Polonnaruwa Museum,Historical,Polonnaruwa,Polonnaruwa,3,300,800,7.9403,81.0188,Low,Excellent museum with ancient artifacts,"museum,artifacts,historical,culture",
57,Gal Vihara,Religious,Polonnaruwa,Polonnaruwa,3.6,500,2000,7.9556,81.0019,Low,Magnificent rock-carved Buddha statues,"buddha,rock,carved,religious,UNESCO",
58,Medirigiriya Vatadage,Historical,Polonnaruwa,Polonnaruwa,3.4,300,1000,8.1167,80.9667,Low,Ancient circular relic house in remote location,"ruins,ancient,historical,remote",
59,Polonnaruwa Ancient City,Historical,Polonnaruwa,Polonnaruwa,3.4,500,2000,7.9403,81.0188,Low,Medieval capital with well-preserved ruins - UNESCO,"ruins,UNESCO,ancient,historical",
60,Kaudulla National Park,Wildlife,Polonnaruwa,Polonnaruwa,5,3000,8000,8.1667,80.9167,Medium,Another elephant gathering park near Minneriya,"elephant,wildlife,safari,nature",
61,Medirigiriya Vatadage,Historical,Polonnaruwa,Polonnaruwa,4.7,300,1000,8.1167,80.9667,Low,Ancient circular relic house in remote location,"ruins,ancient,historical,remote",
62,Kaudulla National Park,Wildlife,Polonnaruwa,Polonnaruwa,4.6,3000,8000,8.1667,80.9167,Medium,Another elephant gathering park near Minneriya,"elephant,wildlife,safari,nature",
63,Medirigiriya Vatadage,Historical,Polonnaruwa,Polonnaruwa,4,300,1000,8.1167,80.9667,Low,Ancient circular relic house in remote location,"ruins,ancient,historical,remote",
64,Kaudulla National Park,Wildlife,Polonnaruwa,Polonnaruwa,3.2,3000,8000,8.1667,80.9167,Medium,Another elephant gathering park near Minneriya,"elephant,wildlife,safari,nature",
65,Lankathilaka Temple,Religious,Kandy,Kandy,3.4,500,2000,7.9472,81.0014,Low,Impressive ruined image house of ancient Polonnaruwa,"temple,ruins,ancient,religious",images/lankathilaka_temple.jpg
66,Lankathilaka Temple,Religious,Kandy,Kandy,3.7,500,2000,7.9472,81.0014,Low,Impressive ruined image house of ancient Polonnaruwa,"temple,ruins,ancient,religious",images/lankathilaka_temple.jpg
67,Medirigiriya Vatadage,Historical,Polonnaruwa,Polonnaruwa,3.1,300,1000,8.1167,80.9667,Low,Ancient circular relic house in remote location,"ruins,ancient,historical,remote",
68,Medirigiriya Vatadage,Historical,Polonnaruwa,Polonnaruwa,3.9,300,1000,8.1167,80.9667,Low,Ancient circular relic house in remote location,"ruins,ancient,historical,remote",
69,Parakrama Samudra,Nature,Polonnaruwa,Polonnaruwa,4.7,0,500,7.9403,81.0019,Low,Ancient sea of Parakrama - massive irrigation tank,"tank,ancient,scenic,historical",
70,Polonnaruwa Ancient City,Historical,Polonnaruwa,Polonnaruwa,3.3,500,2000,7.9403,81.0188,Low,Medieval capital with well-preserved ruins - UNESCO,"ruins,UNESCO,ancient,historical",
71,Gal Vihara,Religious,Polonnaruwa,Polonnaruwa,3.2,500,2000,7.9556,81.0019,Low,Magnificent rock-carved Buddha statues,"buddha,rock,carved,religious,UNESCO",
72,Polonnaruwa Museum,Historical,Polonnaruwa,Polonnaruwa,4.6,300,800,7.9403,81.0188,Low,Excellent museum with ancient artifacts,"museum,artifacts,historical,culture",
73,Lankathilaka Temple,Religious,Kandy,Kandy,4.9,500,2000,7.9472,81.0014,Low,Impressive ruined image house of ancient Polonnaruwa,"temple,ruins,ancient,religious",images/lankathilaka_temple.jpg
74,Parakrama Samudra,Nature,Polonnaruwa,Polonnaruwa,4.1,0,500,7.9403,81.0019,Low,Ancient sea of Parakrama - massive irrigation tank,"tank,ancient,scenic,historical",
75,Lankathilaka Temple,Religious,Kandy,Kandy,4.6,500,2000,7.9472,81.0014,Low,Impressive ruined image house of ancient Polonnaruwa,"temple,ruins,ancient,religious",images/lankathilaka_temple.jpg
76,Lankathilaka Temple,Religious,Kandy,Kandy,4.9,500,2000,7.9472,81.0014,Low,Impressive ruined image house of ancient Polonnaruwa,"temple,ruins,ancient,religious",images/lankathilaka_temple.jpg
77,Medirigiriya Vatadage,Historical,Polonnaruwa,Polonnaruwa,4.1,300,1000,8.1167,80.9667,Low,Ancient circular relic house in remote location,"ruins,ancient,historical,remote",
78,Parakrama Samudra,Nature,Polonnaruwa,Polonnaruwa,4,0,500,7.9403,81.0019,Low,Ancient sea of Parakrama - massive irrigation tank,"tank,ancient,scenic,historical",
79,Gal Vihara,Religious,Polonnaruwa,Polonnaruwa,3.8,500,2000,7.9556,81.0019,Low,Magnificent rock-carved Buddha statues,"buddha,rock,carved,religious,UNESCO",
80,Polonnaruwa Ancient City,Historical,Polonnaruwa,Polonnaruwa,4,500,2000,7.9403,81.0188,Low,Medieval capital with well-preserved ruins - UNESCO,"ruins,UNESCO,ancient,historical",
81,Minneriya National Park,Wildlife,Polonnaruwa,Polonnaruwa,3.2,3000,8000,8.0328,80.8994,Medium,Famous elephant gathering - hundreds at once,"elephant,gathering,wildlife,safari",
82,Medirigiriya Vatadage,Historical,Polonnaruwa,Polonnaruwa,3.3,300,1000,8.1167,80.9667,Low,Ancient circular relic house in remote location,"ruins,ancient,historical,remote",
83,Minneriya National Park,Wildlife,Polonnaruwa,Polonnaruwa,4.9,3000,8000,8.0328,80.8994,Medium,Famous elephant gathering - hundreds at once,"elephant,gathering,wildlife,safari",
84,Parakrama Samudra,Nature,Polonnaruwa,Polonnaruwa,3.3,0,500,7.9403,81.0019,Low,Ancient sea of Parakrama - massive irrigation tank,"tank,ancient,scenic,historical",
85,Lankathilaka Temple,Religious,Kandy,Kandy,3.2,500,2000,7.9472,81.0014,Low,Impressive ruined image house of ancient Polonnaruwa,"temple,ruins,ancient,religious",images/lankathilaka_temple.jpg
86,Lankathilaka Temple,Religious,Kandy,Kandy,3.4,500,2000,7.9472,81.0014,Low,Impressive ruined image house of ancient Polonnaruwa,"temple,ruins,ancient,religious",images/lankathilaka_temple.jpg
87,Minneriya National Park,Wildlife,Polonnaruwa,Polonnaruwa,4.7,3000,8000,8.0328,80.8994,Medium,Famous elephant gathering - hundreds at once,"elephant,gathering,wildlife,safari",
88,Kaudulla National Park,Wildlife,Polonnaruwa,Polonnaruwa,3.6,3000,8000,8.1667,80.9167,Medium,Another elephant gathering park near Minneriya,"elephant,wildlife,safari,nature",
89,Gal Vihara,Religious,Polonnaruwa,Polonnaruwa,3.2,500,2000,7.9556,81.0019,Low,Magnificent rock-carved Buddha statues,"buddha,rock,carved,religious,UNESCO",
90,Lankathilaka Temple,Religious,Kandy,Kandy,4.1,500,2000,7.9472,81.0014,Low,Impressive ruined image house of ancient Polonnaruwa,"temple,ruins,ancient,religious",images/lankathilaka_temple.jpg
91,Kaudulla National Park,Wildlife,Polonnaruwa,Polonnaruwa,4,3000,8000,8.1667,80.9167,Medium,Another elephant gathering park near Minneriya,"elephant,wildlife,safari,nature",
92,Polonnaruwa Ancient City,Historical,Polonnaruwa,Polonnaruwa,4.6,500,2000,7.9403,81.0188,Low,Medieval capital with well-preserved ruins - UNESCO,"ruins,UNESCO,ancient,historical",
93,Lankathilaka Temple,Religious,Kandy,Kandy,3.2,500,2000,7.9472,81.0014,Low,Impressive ruined image house of ancient Polonnaruwa,"temple,ruins,ancient,religious",images/lankathilaka_temple.jpg
94,Minneriya National Park,Wildlife,Polonnaruwa,Polonnaruwa,3.3,3000,8000,8.0328,80.8994,Medium,Famous elephant gathering - hundreds at once,"elephant,gathering,wildlife,safari",
95,Gal Vihara,Religious,Polonnaruwa,Polonnaruwa,4.8,500,2000,7.9556,81.0019,Low,Magnificent rock-carved Buddha statues,"buddha,rock,carved,religious,UNESCO",
96,Gal Vihara,Religious,Polonnaruwa,Polonnaruwa,4.6,500,2000,7.9556,81.0019,Low,Magnificent rock-carved Buddha statues,"buddha,rock,carved,religious,UNESCO",
97,Polonnaruwa Museum,Historical,Polonnaruwa,Polonnaruwa,4.8,300,800,7.9403,81.0188,Low,Excellent museum with ancient artifacts,"museum,artifacts,historical,culture",
98,Kaudulla National Park,Wildlife,Polonnaruwa,Polonnaruwa,3.8,3000,8000,8.1667,80.9167,Medium,Another elephant gathering park near Minneriya,"elephant,wildlife,safari,nature",
99,Medirigiriya Vatadage,Historical,Polonnaruwa,Polonnaruwa,4.1,300,1000,8.1167,80.9667,Low,Ancient circular relic house in remote location,"ruins,ancient,historical,remote",
100,Medirigiriya Vatadage,Historical,Polonnaruwa,Polonnaruwa,3.1,300,1000,8.1167,80.9667,Low,Ancient circular relic house in remote location,"ruins,ancient,historical,remote",
101,Kaudulla National Park,Wildlife,Polonnaruwa,Polonnaruwa,3.8,3000,8000,8.1667,80.9167,Medium,Another elephant gathering park near Minneriya,"elephant,wildlife,safari,nature",
102,Lankathilaka Temple,Religious,Kandy,Kandy,3.1,500,2000,7.9472,81.0014,Low,Impressive ruined image house of ancient Polonnaruwa,"temple,ruins,ancient,religious",images/lankathilaka_temple.jpg
103,Polonnaruwa Museum,Historical,Polonnaruwa,Polonnaruwa,4.4,300,800,7.9403,81.0188,Low,Excellent museum with ancient artifacts,"museum,artifacts,historical,culture",
104,Polonnaruwa Ancient City,Historical,Polonnaruwa,Polonnaruwa,4.5,500,2000,7.9403,81.0188,Low,Medieval capital with well-preserved ruins - UNESCO,"ruins,UNESCO,ancient,historical",
105,Kaudulla National Park,Wildlife,Polonnaruwa,Polonnaruwa,4.8,3000,8000,8.1667,80.9167,Medium,Another elephant gathering park near Minneriya,"elephant,wildlife,safari,nature",
106,Polonnaruwa Ancient City,Historical,Polonnaruwa,Polonnaruwa,3.7,500,2000,7.9403,81.0188,Low,Medieval capital with well-preserved ruins - UNESCO,"ruins,UNESCO,ancient,historical",
107,Kaudulla National Park,Wildlife,Polonnaruwa,Polonnaruwa,3.6,3000,8000,8.1667,80.9167,Medium,Another elephant gathering park near Minneriya,"elephant,wildlife,safari,nature",
108,Medirigiriya Vatadage,Historical,Polonnaruwa,Polonnaruwa,4.7,300,1000,8.1167,80.9667,Low,Ancient circular relic house in remote location,"ruins,ancient,historical,remote",
109,Gal Vihara,Religious,Polonnaruwa,Polonnaruwa,4.9,500,2000,7.9556,81.0019,Low,Magnificent rock-carved Buddha statues,"buddha,rock,carved,religious,UNESCO",
110,Parakrama Samudra,Nature,Polonnaruwa,Polonnaruwa,3.3,0,500,7.9403,81.0019,Low,Ancient sea of Parakrama - massive irrigation tank,"tank,ancient,scenic,historical",
111,Medirigiriya Vatadage,Historical,Polonnaruwa,Polonnaruwa,4.5,300,1000,8.1167,80.9667,Low,Ancient circular relic house in remote location,"ruins,ancient,historical,remote",
112,Polonnaruwa Museum,Historical,Polonnaruwa,Polonnaruwa,3.5,300,800,7.9403,81.0188,Low,Excellent museum with ancient artifacts,"museum,artifacts,historical,culture",
113,Lankathilaka Temple,Religious,Kandy,Kandy,4.2,500,2000,7.9472,81.0014,Low,Impressive ruined image house of ancient Polonnaruwa,"temple,ruins,ancient,religious",images/lankathilaka_temple.jpg
114,Gal Vihara,Religious,Polonnaruwa,Polonnaruwa,3.4,500,2000,7.9556,81.0019,Low,Magnificent rock-carved Buddha statues,"buddha,rock,carved,religious,UNESCO",
115,Parakrama Samudra,Nature,Polonnaruwa,Polonnaruwa,4.8,0,500,7.9403,81.0019,Low,Ancient sea of Parakrama - massive irrigation tank,"tank,ancient,scenic,historical",
116,Lankathilaka Temple,Religious,Kandy,Kandy,4.5,500,2000,7.9472,81.0014,Low,Impressive ruined image house of ancient Polonnaruwa,"temple,ruins,ancient,religious",images/lankathilaka_temple.jpg
117,Polonnaruwa Museum,Historical,Polonnaruwa,Polonnaruwa,4.6,300,800,7.9403,81.0188,Low,Excellent museum with ancient artifacts,"museum,artifacts,historical,culture",
118,Minneriya National Park,Wildlife,Polonnaruwa,Polonnaruwa,3.1,3000,8000,8.0328,80.8994,Medium,Famous elephant gathering - hundreds at once,"elephant,gathering,wildlife,safari",
119,Lankathilaka Temple,Religious,Kandy,Kandy,3.3,500,2000,7.9472,81.0014,Low,Impressive ruined image house of ancient Polonnaruwa,"temple,ruins,ancient,religious",images/lankathilaka_temple.jpg
120,Polonnaruwa Ancient City,Historical,Polonnaruwa,Polonnaruwa,3.3,500,2000,7.9403,81.0188,Low,Medieval capital with well-preserved ruins - UNESCO,"ruins,UNESCO,ancient,historical",
121,Parakrama Samudra,Nature,Polonnaruwa,Polonnaruwa,4.7,0,500,7.9403,81.0019,Low,Ancient sea of Parakrama - massive irrigation tank,"tank,ancient,scenic,historical",
122,Parakrama Samudra,Nature,Polonnaruwa,Polonnaruwa,3.1,0,500,7.9403,81.0019,Low,Ancient sea of Parakrama - massive irrigation tank,"tank,ancient,scenic,historical",
123,Polonnaruwa Ancient City,Historical,Polonnaruwa,Polonnaruwa,4.8,500,2000,7.9403,81.0188,Low,Medieval capital with well-preserved ruins - UNESCO,"ruins,UNESCO,ancient,historical",
124,Parakrama Samudra,Nature,Polonnaruwa,Polonnaruwa,3.5,0,500,7.9403,81.0019,Low,Ancient sea of Parakrama - massive irrigation tank,"tank,ancient,scenic,historical",
125,Medirigiriya Vatadage,Historical,Polonnaruwa,Polonnaruwa,4,300,1000,8.1167,80.9667,Low,Ancient circular relic house in remote location,"ruins,ancient,historical,remote",
126,Gal Vihara,Religious,Polonnaruwa,Polonnaruwa,4.4,500,2000,7.9556,81.0019,Low,Magnificent rock-carved Buddha statues,"buddha,rock,carved,religious,UNESCO",
127,Parakrama Samudra,Nature,Polonnaruwa,Polonnaruwa,3.7,0,500,7.9403,81.0019,Low,Ancient sea of Parakrama - massive irrigation tank,"tank,ancient,scenic,historical",
128,Medirigiriya Vatadage,Historical,Polonnaruwa,Polonnaruwa,3.4,300,1000,8.1167,80.9667,Low,Ancient circular relic house in remote location,"ruins,ancient,historical,remote",
129,Medirigiriya Vatadage,Historical,Polonnaruwa,Polonnaruwa,4.2,300,1000,8.1167,80.9667,Low,Ancient circular relic house in remote location,"ruins,ancient,historical,remote",
130,Polonnaruwa Museum,Historical,Polonnaruwa,Polonnaruwa,3.7,300,800,7.9403,81.0188,Low,Excellent museum with ancient artifacts,"museum,artifacts,historical,culture",
131,Kaudulla National Park,Wildlife,Polonnaruwa,Polonnaruwa,4.5,3000,8000,8.1667,80.9167,Medium,Another elephant gathering park near Minneriya,"elephant,wildlife,safari,nature",
132,Gal Vihara,Religious,Polonnaruwa,Polonnaruwa,3.6,500,2000,7.9556,81.0019,Low,Magnificent rock-carved Buddha statues,"buddha,rock,carved,religious,UNESCO",
133,Lankathilaka Temple,Religious,Kandy,Kandy,3.1,500,2000,7.9472,81.0014,Low,Impressive ruined image house of ancient Polonnaruwa,"temple,ruins,ancient,religious",images/lankathilaka_temple.jpg
134,Parakrama Samudra,Nature,Polonnaruwa,Polonnaruwa,4.7,0,500,7.9403,81.0019,Low,Ancient sea of Parakrama - massive irrigation tank,"tank,ancient,scenic,historical",
135,Parakrama Samudra,Nature,Polonnaruwa,Polonnaruwa,4.4,0,500,7.9403,81.0019,Low,Ancient sea of Parakrama - massive irrigation tank,"tank,ancient,scenic,historical",
136,Kaudulla National Park,Wildlife,Polonnaruwa,Polonnaruwa,4.3,3000,8000,8.1667,80.9167,Medium,Another elephant gathering park near Minneriya,"elephant,wildlife,safari,nature",
137,Polonnaruwa Ancient City,Historical,Polonnaruwa,Polonnaruwa,4.7,500,2000,7.9403,81.0188,Low,Medieval capital with well-preserved ruins - UNESCO,"ruins,UNESCO,ancient,historical",
138,Polonnaruwa Ancient City,Historical,Polonnaruwa,Polonnaruwa,3.9,500,2000,7.9403,81.0188,Low,Medieval capital with well-preserved ruins - UNESCO,"ruins,UNESCO,ancient,historical",
139,Minneriya National Park,Wildlife,Polonnaruwa,Polonnaruwa,4.3,3000,8000,8.0328,80.8994,Medium,Famous elephant gathering - hundreds at once,"elephant,gathering,wildlife,safari",
140,Polonnaruwa Ancient City,Historical,Polonnaruwa,Polonnaruwa,3.4,500,2000,7.9403,81.0188,Low,Medieval capital with well-preserved ruins - UNESCO,"ruins,UNESCO,ancient,historical",
141,Kaudulla National Park,Wildlife,Polonnaruwa,Polonnaruwa,4.4,3000,8000,8.1667,80.9167,Medium,Another elephant gathering park near Minneriya,"elephant,wildlife,safari,nature",
142,Kaudulla National Park,Wildlife,Polonnaruwa,Polonnaruwa,3.8,3000,8000,8.1667,80.9167,Medium,Another elephant gathering park near Minneriya,"elephant,wildlife,safari,nature",
143,Lankathilaka Temple,Religious,Kandy,Kandy,4.7,500,2000,7.9472,81.0014,Low,Impressive ruined image house of ancient Polonnaruwa,"temple,ruins,ancient,religious",images/lankathilaka_temple.jpg
144,Medirigiriya Vatadage,Historical,Polonnaruwa,Polonnaruwa,3.5,300,1000,8.1167,80.9667,Low,Ancient circular relic house in remote location,"ruins,ancient,historical,remote",
145,Medirigiriya Vatadage,Historical,Polonnaruwa,Polonnaruwa,3.6,300,1000,8.1167,80.9667,Low,Ancient circular relic house in remote location,"ruins,ancient,historical,remote",
146,Lankathilaka Temple,Religious,Kandy,Kandy,4.2,500,2000,7.9472,81.0014,Low,Impressive ruined image house of ancient Polonnaruwa,"temple,ruins,ancient,religious",images/lankathilaka_temple.jpg
147,Polonnaruwa Ancient City,Historical,Polonnaruwa,Polonnaruwa,4,500,2000,7.9403,81.0188,Low,Medieval capital with well-preserved ruins - UNESCO,"ruins,UNESCO,ancient,historical",
148,Polonnaruwa Museum,Historical,Polonnaruwa,Polonnaruwa,4.1,300,800,7.9403,81.0188,Low,Excellent museum with ancient artifacts,"museum,artifacts,historical,culture",
149,Kaudulla National Park,Wildlife,Polonnaruwa,Polonnaruwa,3.6,3000,8000,8.1667,80.9167,Medium,Another elephant gathering park near Minneriya,"elephant,wildlife,safari,nature",
150,Gal Vihara,Religious,Polonnaruwa,Polonnaruwa,4,500,2000,7.9556,81.0019,Low,Magnificent rock-carved Buddha statues,"buddha,rock,carved,religious,UNESCO",
151,Polonnaruwa Museum,Historical,Polonnaruwa,Polonnaruwa,5,300,800,7.9403,81.0188,Low,Excellent museum with ancient artifacts,"museum,artifacts,historical,culture",
152,Polonnaruwa Museum,Historical,Polonnaruwa,Polonnaruwa,4.7,300,800,7.9403,81.0188,Low,Excellent museum with ancient artifacts,"museum,artifacts,historical,culture",
153,Kaudulla National Park,Wildlife,Polonnaruwa,Polonnaruwa,4.3,3000,8000,8.1667,80.9167,Medium,Another elephant gathering park near Minneriya,"elephant,wildlife,safari,nature",
154,Kaudulla National Park,Wildlife,Polonnaruwa,Polonnaruwa,3.4,3000,8000,8.1667,80.9167,Medium,Another elephant gathering park near Minneriya,"elephant,wildlife,safari,nature",
155,Parakrama Samudra,Nature,Polonnaruwa,Polonnaruwa,4.8,0,500,7.9403,81.0019,Low,Ancient sea of Parakrama - massive irrigation tank,"tank,ancient,scenic,historical",
156,Lankathilaka Temple,Religious,Kandy,Kandy,4.3,500,2000,7.9472,81.0014,Low,Impressive ruined image house of ancient Polonnaruwa,"temple,ruins,ancient,religious",images/lankathilaka_temple.jpg
157,Minneriya National Park,Wildlife,Polonnaruwa,Polonnaruwa,4.4,3000,8000,8.0328,80.8994,Medium,Famous elephant gathering - hundreds at once,"elephant,gathering,wildlife,safari",
158,Medirigiriya Vatadage,Historical,Polonnaruwa,Polonnaruwa,5,300,1000,8.1167,80.9667,Low,Ancient circular relic house in remote location,"ruins,ancient,historical,remote",
159,Kaudulla National Park,Wildlife,Polonnaruwa,Polonnaruwa,4.8,3000,8000,8.1667,80.9167,Medium,Another elephant gathering park near Minneriya,"elephant,wildlife,safari,nature",
160,Lankathilaka Temple,Religious,Kandy,Kandy,3.8,500,2000,7.9472,81.0014,Low,Impressive ruined image house of ancient Polonnaruwa,"temple,ruins,ancient,religious",images/lankathilaka_temple.jpg
161,Polonnaruwa Ancient City,Historical,Polonnaruwa,Polonnaruwa,4.2,500,2000,7.9403,81.0188,Low,Medieval capital with well-preserved ruins - UNESCO,"ruins,UNESCO,ancient,historical",
162,Parakrama Samudra,Nature,Polonnaruwa,Polonnaruwa,3.7,0,500,7.9403,81.0019,Low,Ancient sea of Parakrama - massive irrigation tank,"tank,ancient,scenic,historical",
163,Parakrama Samudra,Nature,Polonnaruwa,Polonnaruwa,4.4,0,500,7.9403,81.0019,Low,Ancient sea of Parakrama - massive irrigation tank,"tank,ancient,scenic,historical",
164,Medirigiriya Vatadage,Historical,Polonnaruwa,Polonnaruwa,4.8,300,1000,8.1167,80.9667,Low,Ancient circular relic house in remote location,"ruins,ancient,historical,remote",
165,Polonnaruwa Museum,Historical,Polonnaruwa,Polonnaruwa,4,300,800,7.9403,81.0188,Low,Excellent museum with ancient artifacts,"museum,artifacts,historical,culture",
166,Minneriya National Park,Wildlife,Polonnaruwa,Polonnaruwa,4.7,3000,8000,8.0328,80.8994,Medium,Famous elephant gathering - hundreds at once,"elephant,gathering,wildlife,safari",
167,Minneriya National Park,Wildlife,Polonnaruwa,Polonnaruwa,3.6,3000,8000,8.0328,80.8994,Medium,Famous elephant gathering - hundreds at once,"elephant,gathering,wildlife,safari",
168,Medirigiriya Vatadage,Historical,Polonnaruwa,Polonnaruwa,3.3,300,1000,8.1167,80.9667,Low,Ancient circular relic house in remote location,"ruins,ancient,historical,remote",
169,Kaudulla National Park,Wildlife,Polonnaruwa,Polonnaruwa,4.5,3000,8000,8.1667,80.9167,Medium,Another elephant gathering park near Minneriya,"elephant,wildlife,safari,nature",
170,Minneriya National Park,Wildlife,Polonnaruwa,Polonnaruwa,4.9,3000,8000,8.0328,80.8994,Medium,Famous elephant gathering - hundreds at once,"elephant,gathering,wildlife,safari",
171,Polonnaruwa Museum,Historical,Polonnaruwa,Polonnaruwa,4.3,300,800,7.9403,81.0188,Low,Excellent museum with ancient artifacts,"museum,artifacts,historical,culture",
172,Parakrama Samudra,Nature,Polonnaruwa,Polonnaruwa,3.7,0,500,7.9403,81.0019,Low,Ancient sea of Parakrama - massive irrigation tank,"tank,ancient,scenic,historical",
173,Kaudulla National Park,Wildlife,Polonnaruwa,Polonnaruwa,3.8,3000,8000,8.1667,80.9167,Medium,Another elephant gathering park near Minneriya,"elephant,wildlife,safari,nature",
174,Polonnaruwa Museum,Historical,Polonnaruwa,Polonnaruwa,3.7,300,800,7.9403,81.0188,Low,Excellent museum with ancient artifacts,"museum,artifacts,historical,culture",
175,Kaudulla National Park,Wildlife,Polonnaruwa,Polonnaruwa,3.9,3000,8000,8.1667,80.9167,Medium,Another elephant gathering park near Minneriya,"elephant,wildlife,safari,nature",
176,Gal Vihara,Religious,Polonnaruwa,Polonnaruwa,3.9,500,2000,7.9556,81.0019,Low,Magnificent rock-carved Buddha statues,"buddha,rock,carved,religious,UNESCO",
177,Gal Vihara,Religious,Polonnaruwa,Polonnaruwa,3.9,500,2000,7.9556,81.0019,Low,Magnificent rock-carved Buddha statues,"buddha,rock,carved,religious,UNESCO",
178,Parakrama Samudra,Nature,Polonnaruwa,Polonnaruwa,4,0,500,7.9403,81.0019,Low,Ancient sea of Parakrama - massive irrigation tank,"tank,ancient,scenic,historical",
179,Lankathilaka Temple,Religious,Kandy,Kandy,4.1,500,2000,7.9472,81.0014,Low,Impressive ruined image house of ancient Polonnaruwa,"temple,ruins,ancient,religious",images/lankathilaka_temple.jpg
180,Lankathilaka Temple,Religious,Kandy,Kandy,3.1,500,2000,7.9472,81.0014,Low,Impressive ruined image house of ancient Polonnaruwa,"temple,ruins,ancient,religious",images/lankathilaka_temple.jpg
181,Minneriya National Park,Wildlife,Polonnaruwa,Polonnaruwa,3.3,3000,8000,8.0328,80.8994,Medium,Famous elephant gathering - hundreds at once,"elephant,gathering,wildlife,safari",
182,Parakrama Samudra,Nature,Polonnaruwa,Polonnaruwa,3.7,0,500,7.9403,81.0019,Low,Ancient sea of Parakrama - massive irrigation tank,"tank,ancient,scenic,historical",
183,Medirigiriya Vatadage,Historical,Polonnaruwa,Polonnaruwa,3.3,300,1000,8.1167,80.9667,Low,Ancient circular relic house in remote location,"ruins,ancient,historical,remote",
184,Minneriya National Park,Wildlife,Polonnaruwa,Polonnaruwa,4.6,3000,8000,8.0328,80.8994,Medium,Famous elephant gathering - hundreds at once,"elephant,gathering,wildlife,safari",
185,Medirigiriya Vatadage,Historical,Polonnaruwa,Polonnaruwa,3.7,300,1000,8.1167,80.9667,Low,Ancient circular relic house in remote location,"ruins,ancient,historical,remote",
186,Minneriya National Park,Wildlife,Polonnaruwa,Polonnaruwa,3.6,3000,8000,8.0328,80.8994,Medium,Famous elephant gathering - hundreds at once,"elephant,gathering,wildlife,safari",
187,Polonnaruwa Ancient City,Historical,Polonnaruwa,Polonnaruwa,3,500,2000,7.9403,81.0188,Low,Medieval capital with well-preserved ruins - UNESCO,"ruins,UNESCO,ancient,historical",
188,Kaudulla National Park,Wildlife,Polonnaruwa,Polonnaruwa,3.4,3000,8000,8.1667,80.9167,Medium,Another elephant gathering park near Minneriya,"elephant,wildlife,safari,nature",
189,Minneriya National Park,Wildlife,Polonnaruwa,Polonnaruwa,4.2,3000,8000,8.0328,80.8994,Medium,Famous elephant gathering - hundreds at once,"elephant,gathering,wildlife,safari",
190,Minneriya National Park,Wildlife,Polonnaruwa,Polonnaruwa,4,3000,8000,8.0328,80.8994,Medium,Famous elephant gathering - hundreds at once,"elephant,gathering,wildlife,safari",
191,Gal Vihara,Religious,Polonnaruwa,Polonnaruwa,3.3,500,2000,7.9556,81.0019,Low,Magnificent rock-carved Buddha statues,"buddha,rock,carved,religious,UNESCO",
192,Lankathilaka Temple,Religious,Kandy,Kandy,4.3,500,2000,7.9472,81.0014,Low,Impressive ruined image house of ancient Polonnaruwa,"temple,ruins,ancient,religious",images/lankathilaka_temple.jpg
193,Lankathilaka Temple,Religious,Kandy,Kandy,3.9,500,2000,7.9472,81.0014,Low,Impressive ruined image house of ancient Polonnaruwa,"temple,ruins,ancient,religious",images/lankathilaka_temple.jpg
194,Medirigiriya Vatadage,Historical,Polonnaruwa,Polonnaruwa,3.8,300,1000,8.1167,80.9667,Low,Ancient circular relic house in remote location,"ruins,ancient,historical,remote",
195,Polonnaruwa Ancient City,Historical,Polonnaruwa,Polonnaruwa,4.1,500,2000,7.9403,81.0188,Low,Medieval capital with well-preserved ruins - UNESCO,"ruins,UNESCO,ancient,historical",
196,Polonnaruwa Museum,Historical,Polonnaruwa,Polonnaruwa,4.9,300,800,7.9403,81.0188,Low,Excellent museum with ancient artifacts,"museum,artifacts,historical,culture",
197,Polonnaruwa Museum,Historical,Polonnaruwa,Polonnaruwa,4.5,300,800,7.9403,81.0188,Low,Excellent museum with ancient artifacts,"museum,artifacts,historical,culture",
198,Parakrama Samudra,Nature,Polonnaruwa,Polonnaruwa,3,0,500,7.9403,81.0019,Low,Ancient sea of Parakrama - massive irrigation tank,"tank,ancient,scenic,historical",
199,Polonnaruwa Ancient City,Historical,Polonnaruwa,Polonnaruwa,4.3,500,2000,7.9403,81.0188,Low,Medieval capital with well-preserved ruins - UNESCO,"ruins,UNESCO,ancient,historical",
200,Parakrama Samudra,Nature,Polonnaruwa,Polonnaruwa,3.5,0,500,7.9403,81.0019,Low,Ancient sea of Parakrama - massive irrigation tank,"tank,ancient,scenic,historical",
201,Polonnaruwa Museum,Historical,Polonnaruwa,Polonnaruwa,3.6,300,800,7.9403,81.0188,Low,Excellent museum with ancient artifacts,"museum,artifacts,historical,culture",
202,Gal Vihara,Religious,Polonnaruwa,Polonnaruwa,3.8,500,2000,7.9556,81.0019,Low,Magnificent rock-carved Buddha statues,"buddha,rock,carved,religious,UNESCO",
203,Kaudulla National Park,Wildlife,Polonnaruwa,Polonnaruwa,3.3,3000,8000,8.1667,80.9167,Medium,Another elephant gathering park near Minneriya,"elephant,wildlife,safari,nature",
204,Polonnaruwa Ancient City,Historical,Polonnaruwa,Polonnaruwa,3.6,500,2000,7.9403,81.0188,Low,Medieval capital with well-preserved ruins - UNESCO,"ruins,UNESCO,ancient,historical",
205,Kaudulla National Park,Wildlife,Polonnaruwa,Polonnaruwa,3.9,3000,8000,8.1667,80.9167,Medium,Another elephant gathering park near Minneriya,"elephant,wildlife,safari,nature",
206,Polonnaruwa Museum,Historical,Polonnaruwa,Polonnaruwa,3.9,300,800,7.9403,81.0188,Low,Excellent museum with ancient artifacts,"museum,artifacts,historical,culture",
207,Minneriya National Park,Wildlife,Polonnaruwa,Polonnaruwa,3.7,3000,8000,8.0328,80.8994,Medium,Famous elephant gathering - hundreds at once,"elephant,gathering,wildlife,safari",
208,Medirigiriya Vatadage,Historical,Polonnaruwa,Polonnaruwa,3.7,300,1000,8.1167,80.9667,Low,Ancient circular relic house in remote location,"ruins,ancient,historical,remote",
209,Parakrama Samudra,Nature,Polonnaruwa,Polonnaruwa,3.3,0,500,7.9403,81.0019,Low,Ancient sea of Parakrama - massive irrigation tank,"tank,ancient,scenic,historical",
210,Lankathilaka Temple,Religious,Kandy,Kandy,3,500,2000,7.9472,81.0014,Low,Impressive ruined image house of ancient Polonnaruwa,"temple,ruins,ancient,religious",images/lankathilaka_temple.jpg
211,Parakrama Samudra,Nature,Polonnaruwa,Polonnaruwa,4.5,0,500,7.9403,81.0019,Low,Ancient sea of Parakrama - massive irrigation tank,"tank,ancient,scenic,historical",
212,Minneriya National Park,Wildlife,Polonnaruwa,Polonnaruwa,3.4,3000,8000,8.0328,80.8994,Medium,Famous elephant gathering - hundreds at once,"elephant,gathering,wildlife,safari",
213,Polonnaruwa Ancient City,Historical,Polonnaruwa,Polonnaruwa,4.2,500,2000,7.9403,81.0188,Low,Medieval capital with well-preserved ruins - UNESCO,"ruins,UNESCO,ancient,historical",
214,Minneriya National Park,Wildlife,Polonnaruwa,Polonnaruwa,3.2,3000,8000,8.0328,80.8994,Medium,Famous elephant gathering - hundreds at once,"elephant,gathering,wildlife,safari",
215,Polonnaruwa Ancient City,Historical,Polonnaruwa,Polonnaruwa,3.8,500,2000,7.9403,81.0188,Low,Medieval capital with well-preserved ruins - UNESCO,"ruins,UNESCO,ancient,historical",
216,Kaudulla National Park,Wildlife,Polonnaruwa,Polonnaruwa,4.5,3000,8000,8.1667,80.9167,Medium,Another elephant gathering park near Minneriya,"elephant,wildlife,safari,nature",
217,Polonnaruwa Ancient City,Historical,Polonnaruwa,Polonnaruwa,4.2,500,2000,7.9403,81.0188,Low,Medieval capital with well-preserved ruins - UNESCO,"ruins,UNESCO,ancient,historical",
218,Polonnaruwa Ancient City,Historical,Polonnaruwa,Polonnaruwa,4.3,500,2000,7.9403,81.0188,Low,Medieval capital with well-preserved ruins - UNESCO,"ruins,UNESCO,ancient,historical",
219,Polonnaruwa Ancient City,Historical,Polonnaruwa,Polonnaruwa,3.1,500,2000,7.9403,81.0188,Low,Medieval capital with well-preserved ruins - UNESCO,"ruins,UNESCO,ancient,historical",
220,Gal Vihara,Religious,Polonnaruwa,Polonnaruwa,3.8,500,2000,7.9556,81.0019,Low,Magnificent rock-carved Buddha statues,"buddha,rock,carved,religious,UNESCO",
1,Wilpattu National Park,Wildlife,Puttalam,Puttalam,4.7,4000,12000,8.455,80.0438,High,Sri Lanka's largest national park with leopards,"leopard,wildlife,safari,nature",
2,Kalpitiya Beach,Beach,Puttalam,Puttalam,4,1000,3000,8.2333,79.7667,Medium,Dolphin watching and kitesurfing paradise,"dolphin,kitesurf,beach,adventure",
3,Kalpitiya Lagoon,Nature,Puttalam,Puttalam,3.6,1000,3000,8.2333,79.75,Medium,Beautiful lagoon with dolphins and mangroves,"lagoon,dolphin,mangrove,nature",
4,Mundel Lake,Nature,Puttalam,Puttalam,4.6,200,800,7.9667,79.8833,Low,Scenic lake with bird watching,"lake,birds,scenic,nature",
5,Dutch Fort Kalpitiya,Historical,Puttalam,Puttalam,4.2,0,400,8.2333,79.7667,Low,Ancient Dutch fort on Kalpitiya peninsula,"fort,dutch,colonial,historical",
6,Palavi Beach,Beach,Puttalam,Puttalam,4.1,200,800,8,79.8333,Low,Quiet beach near Puttalam,"beach,quiet,peaceful,scenic",
7,Palavi Beach,Beach,Puttalam,Puttalam,3.1,200,800,8,79.8333,Low,Quiet beach near Puttalam,"beach,quiet,peaceful,scenic",
8,Kalpitiya Beach,Beach,Puttalam,Puttalam,4.1,1000,3000,8.2333,79.7667,Medium,Dolphin watching and kitesurfing paradise,"dolphin,kitesurf,beach,adventure",
9,Kalpitiya Beach,Beach,Puttalam,Puttalam,4.5,1000,3000,8.2333,79.7667,Medium,Dolphin watching and kitesurfing paradise,"dolphin,kitesurf,beach,adventure",
10,Dutch Fort Kalpitiya,Historical,Puttalam,Puttalam,3.6,0,400,8.2333,79.7667,Low,Ancient Dutch fort on Kalpitiya peninsula,"fort,dutch,colonial,historical",
11,Palavi Beach,Beach,Puttalam,Puttalam,3.3,200,800,8,79.8333,Low,Quiet beach near Puttalam,"beach,quiet,peaceful,scenic",
12,Palavi Beach,Beach,Puttalam,Puttalam,4.8,200,800,8,79.8333,Low,Quiet beach near Puttalam,"beach,quiet,peaceful,scenic",
13,Palavi Beach,Beach,Puttalam,Puttalam,4.3,200,800,8,79.8333,Low,Quiet beach near Puttalam,"beach,quiet,peaceful,scenic",
14,Wilpattu National Park,Wildlife,Puttalam,Puttalam,4.1,4000,12000,8.455,80.0438,High,Sri Lanka's largest national park with leopards,"leopard,wildlife,safari,nature",
15,Dutch Fort Kalpitiya,Historical,Puttalam,Puttalam,3.3,0,400,8.2333,79.7667,Low,Ancient Dutch fort on Kalpitiya peninsula,"fort,dutch,colonial,historical",
16,Wilpattu National Park,Wildlife,Puttalam,Puttalam,3,4000,12000,8.455,80.0438,High,Sri Lanka's largest national park with leopards,"leopard,wildlife,safari,nature",
17,Dutch Fort Kalpitiya,Historical,Puttalam,Puttalam,3.8,0,400,8.2333,79.7667,Low,Ancient Dutch fort on Kalpitiya peninsula,"fort,dutch,colonial,historical",
18,Dutch Fort Kalpitiya,Historical,Puttalam,Puttalam,4.9,0,400,8.2333,79.7667,Low,Ancient Dutch fort on Kalpitiya peninsula,"fort,dutch,colonial,historical",
19,Kalpitiya Lagoon,Nature,Puttalam,Puttalam,3.4,1000,3000,8.2333,79.75,Medium,Beautiful lagoon with dolphins and mangroves,"lagoon,dolphin,mangrove,nature",
20,Palavi Beach,Beach,Puttalam,Puttalam,4.8,200,800,8,79.8333,Low,Quiet beach near Puttalam,"beach,quiet,peaceful,scenic",
21,Kalpitiya Lagoon,Nature,Puttalam,Puttalam,3.4,1000,3000,8.2333,79.75,Medium,Beautiful lagoon with dolphins and mangroves,"lagoon,dolphin,mangrove,nature",
22,Palavi Beach,Beach,Puttalam,Puttalam,4.7,200,800,8,79.8333,Low,Quiet beach near Puttalam,"beach,quiet,peaceful,scenic",
23,Kalpitiya Beach,Beach,Puttalam,Puttalam,3.3,1000,3000,8.2333,79.7667,Medium,Dolphin watching and kitesurfing paradise,"dolphin,kitesurf,beach,adventure",
24,Kalpitiya Beach,Beach,Puttalam,Puttalam,4.2,1000,3000,8.2333,79.7667,Medium,Dolphin watching and kitesurfing paradise,"dolphin,kitesurf,beach,adventure",
25,Kalpitiya Lagoon,Nature,Puttalam,Puttalam,3.4,1000,3000,8.2333,79.75,Medium,Beautiful lagoon with dolphins and mangroves,"lagoon,dolphin,mangrove,nature",
26,Kalpitiya Beach,Beach,Puttalam,Puttalam,4.3,1000,3000,8.2333,79.7667,Medium,Dolphin watching and kitesurfing paradise,"dolphin,kitesurf,beach,adventure",
27,Dutch Fort Kalpitiya,Historical,Puttalam,Puttalam,4.7,0,400,8.2333,79.7667,Low,Ancient Dutch fort on Kalpitiya peninsula,"fort,dutch,colonial,historical",
28,Dutch Fort Kalpitiya,Historical,Puttalam,Puttalam,3.9,0,400,8.2333,79.7667,Low,Ancient Dutch fort on Kalpitiya peninsula,"fort,dutch,colonial,historical",
29,Dutch Fort Kalpitiya,Historical,Puttalam,Puttalam,3.1,0,400,8.2333,79.7667,Low,Ancient Dutch fort on Kalpitiya peninsula,"fort,dutch,colonial,historical",
30,Palavi Beach,Beach,Puttalam,Puttalam,3.1,200,800,8,79.8333,Low,Quiet beach near Puttalam,"beach,quiet,peaceful,scenic",
31,Wilpattu National Park,Wildlife,Puttalam,Puttalam,3.4,4000,12000,8.455,80.0438,High,Sri Lanka's largest national park with leopards,"leopard,wildlife,safari,nature",
32,Dutch Fort Kalpitiya,Historical,Puttalam,Puttalam,4,0,400,8.2333,79.7667,Low,Ancient Dutch fort on Kalpitiya peninsula,"fort,dutch,colonial,historical",
33,Kalpitiya Lagoon,Nature,Puttalam,Puttalam,3.7,1000,3000,8.2333,79.75,Medium,Beautiful lagoon with dolphins and mangroves,"lagoon,dolphin,mangrove,nature",
34,Palavi Beach,Beach,Puttalam,Puttalam,4.3,200,800,8,79.8333,Low,Quiet beach near Puttalam,"beach,quiet,peaceful,scenic",
35,Wilpattu National Park,Wildlife,Puttalam,Puttalam,3.6,4000,12000,8.455,80.0438,High,Sri Lanka's largest national park with leopards,"leopard,wildlife,safari,nature",
36,Wilpattu National Park,Wildlife,Puttalam,Puttalam,4.8,4000,12000,8.455,80.0438,High,Sri Lanka's largest national park with leopards,"leopard,wildlife,safari,nature",
37,Kalpitiya Lagoon,Nature,Puttalam,Puttalam,4,1000,3000,8.2333,79.75,Medium,Beautiful lagoon with dolphins and mangroves,"lagoon,dolphin,mangrove,nature",
38,Kalpitiya Lagoon,Nature,Puttalam,Puttalam,4.2,1000,3000,8.2333,79.75,Medium,Beautiful lagoon with dolphins and mangroves,"lagoon,dolphin,mangrove,nature",
39,Kalpitiya Lagoon,Nature,Puttalam,Puttalam,4.4,1000,3000,8.2333,79.75,Medium,Beautiful lagoon with dolphins and mangroves,"lagoon,dolphin,mangrove,nature",
40,Kalpitiya Beach,Beach,Puttalam,Puttalam,4.1,1000,3000,8.2333,79.7667,Medium,Dolphin watching and kitesurfing paradise,"dolphin,kitesurf,beach,adventure",
41,Kalpitiya Lagoon,Nature,Puttalam,Puttalam,4.6,1000,3000,8.2333,79.75,Medium,Beautiful lagoon with dolphins and mangroves,"lagoon,dolphin,mangrove,nature",
42,Mundel Lake,Nature,Puttalam,Puttalam,3.3,200,800,7.9667,79.8833,Low,Scenic lake with bird watching,"lake,birds,scenic,nature",
43,Kalpitiya Lagoon,Nature,Puttalam,Puttalam,3.5,1000,3000,8.2333,79.75,Medium,Beautiful lagoon with dolphins and mangroves,"lagoon,dolphin,mangrove,nature",
44,Kalpitiya Beach,Beach,Puttalam,Puttalam,4.4,1000,3000,8.2333,79.7667,Medium,Dolphin watching and kitesurfing paradise,"dolphin,kitesurf,beach,adventure",
45,Palavi Beach,Beach,Puttalam,Puttalam,3.9,200,800,8,79.8333,Low,Quiet beach near Puttalam,"beach,quiet,peaceful,scenic",
46,Kalpitiya Lagoon,Nature,Puttalam,Puttalam,3.3,1000,3000,8.2333,79.75,Medium,Beautiful lagoon with dolphins and mangroves,"lagoon,dolphin,mangrove,nature",
47,Palavi Beach,Beach,Puttalam,Puttalam,3.7,200,800,8,79.8333,Low,Quiet beach near Puttalam,"beach,quiet,peaceful,scenic",
48,Mundel Lake,Nature,Puttalam,Puttalam,3.9,200,800,7.9667,79.8833,Low,Scenic lake with bird watching,"lake,birds,scenic,nature",
49,Kalpitiya Lagoon,Nature,Puttalam,Puttalam,4.5,1000,3000,8.2333,79.75,Medium,Beautiful lagoon with dolphins and mangroves,"lagoon,dolphin,mangrove,nature",
50,Mundel Lake,Nature,Puttalam,Puttalam,4.1,200,800,7.9667,79.8833,Low,Scenic lake with bird watching,"lake,birds,scenic,nature",
51,Kalpitiya Beach,Beach,Puttalam,Puttalam,4.3,1000,3000,8.2333,79.7667,Medium,Dolphin watching and kitesurfing paradise,"dolphin,kitesurf,beach,adventure",
52,Wilpattu National Park,Wildlife,Puttalam,Puttalam,4.7,4000,12000,8.455,80.0438,High,Sri Lanka's largest national park with leopards,"leopard,wildlife,safari,nature",
53,Kalpitiya Beach,Beach,Puttalam,Puttalam,4.8,1000,3000,8.2333,79.7667,Medium,Dolphin watching and kitesurfing paradise,"dolphin,kitesurf,beach,adventure",
54,Kalpitiya Beach,Beach,Puttalam,Puttalam,3.5,1000,3000,8.2333,79.7667,Medium,Dolphin watching and kitesurfing paradise,"dolphin,kitesurf,beach,adventure",
55,Palavi Beach,Beach,Puttalam,Puttalam,3.2,200,800,8,79.8333,Low,Quiet beach near Puttalam,"beach,quiet,peaceful,scenic",
56,Wilpattu National Park,Wildlife,Puttalam,Puttalam,4.8,4000,12000,8.455,80.0438,High,Sri Lanka's largest national park with leopards,"leopard,wildlife,safari,nature",
57,Dutch Fort Kalpitiya,Historical,Puttalam,Puttalam,4.3,0,400,8.2333,79.7667,Low,Ancient Dutch fort on Kalpitiya peninsula,"fort,dutch,colonial,historical",
58,Dutch Fort Kalpitiya,Historical,Puttalam,Puttalam,4.2,0,400,8.2333,79.7667,Low,Ancient Dutch fort on Kalpitiya peninsula,"fort,dutch,colonial,historical",
59,Dutch Fort Kalpitiya,Historical,Puttalam,Puttalam,3.4,0,400,8.2333,79.7667,Low,Ancient Dutch fort on Kalpitiya peninsula,"fort,dutch,colonial,historical",
60,Wilpattu National Park,Wildlife,Puttalam,Puttalam,4.1,4000,12000,8.455,80.0438,High,Sri Lanka's largest national park with leopards,"leopard,wildlife,safari,nature",
61,Dutch Fort Kalpitiya,Historical,Puttalam,Puttalam,4.8,0,400,8.2333,79.7667,Low,Ancient Dutch fort on Kalpitiya peninsula,"fort,dutch,colonial,historical",
62,Dutch Fort Kalpitiya,Historical,Puttalam,Puttalam,3.9,0,400,8.2333,79.7667,Low,Ancient Dutch fort on Kalpitiya peninsula,"fort,dutch,colonial,historical",
63,Kalpitiya Beach,Beach,Puttalam,Puttalam,3.7,1000,3000,8.2333,79.7667,Medium,Dolphin watching and kitesurfing paradise,"dolphin,kitesurf,beach,adventure",
64,Kalpitiya Beach,Beach,Puttalam,Puttalam,4.8,1000,3000,8.2333,79.7667,Medium,Dolphin watching and kitesurfing paradise,"dolphin,kitesurf,beach,adventure",
65,Dutch Fort Kalpitiya,Historical,Puttalam,Puttalam,4.5,0,400,8.2333,79.7667,Low,Ancient Dutch fort on Kalpitiya peninsula,"fort,dutch,colonial,historical",
66,Kalpitiya Lagoon,Nature,Puttalam,Puttalam,3.3,1000,3000,8.2333,79.75,Medium,Beautiful lagoon with dolphins and mangroves,"lagoon,dolphin,mangrove,nature",
67,Dutch Fort Kalpitiya,Historical,Puttalam,Puttalam,4,0,400,8.2333,79.7667,Low,Ancient Dutch fort on Kalpitiya peninsula,"fort,dutch,colonial,historical",
68,Mundel Lake,Nature,Puttalam,Puttalam,3.7,200,800,7.9667,79.8833,Low,Scenic lake with bird watching,"lake,birds,scenic,nature",
69,Wilpattu National Park,Wildlife,Puttalam,Puttalam,4.3,4000,12000,8.455,80.0438,High,Sri Lanka's largest national park with leopards,"leopard,wildlife,safari,nature",
70,Dutch Fort Kalpitiya,Historical,Puttalam,Puttalam,4.4,0,400,8.2333,79.7667,Low,Ancient Dutch fort on Kalpitiya peninsula,"fort,dutch,colonial,historical",
71,Dutch Fort Kalpitiya,Historical,Puttalam,Puttalam,3.3,0,400,8.2333,79.7667,Low,Ancient Dutch fort on Kalpitiya peninsula,"fort,dutch,colonial,historical",
72,Kalpitiya Beach,Beach,Puttalam,Puttalam,3.4,1000,3000,8.2333,79.7667,Medium,Dolphin watching and kitesurfing paradise,"dolphin,kitesurf,beach,adventure",
73,Dutch Fort Kalpitiya,Historical,Puttalam,Puttalam,4.3,0,400,8.2333,79.7667,Low,Ancient Dutch fort on Kalpitiya peninsula,"fort,dutch,colonial,historical",
74,Kalpitiya Beach,Beach,Puttalam,Puttalam,4.5,1000,3000,8.2333,79.7667,Medium,Dolphin watching and kitesurfing paradise,"dolphin,kitesurf,beach,adventure",
75,Mundel Lake,Nature,Puttalam,Puttalam,4.9,200,800,7.9667,79.8833,Low,Scenic lake with bird watching,"lake,birds,scenic,nature",
76,Wilpattu National Park,Wildlife,Puttalam,Puttalam,3.4,4000,12000,8.455,80.0438,High,Sri Lanka's largest national park with leopards,"leopard,wildlife,safari,nature",
77,Mundel Lake,Nature,Puttalam,Puttalam,3.5,200,800,7.9667,79.8833,Low,Scenic lake with bird watching,"lake,birds,scenic,nature",
78,Kalpitiya Lagoon,Nature,Puttalam,Puttalam,3.7,1000,3000,8.2333,79.75,Medium,Beautiful lagoon with dolphins and mangroves,"lagoon,dolphin,mangrove,nature",
79,Wilpattu National Park,Wildlife,Puttalam,Puttalam,4.3,4000,12000,8.455,80.0438,High,Sri Lanka's largest national park with leopards,"leopard,wildlife,safari,nature",
80,Dutch Fort Kalpitiya,Historical,Puttalam,Puttalam,4.8,0,400,8.2333,79.7667,Low,Ancient Dutch fort on Kalpitiya peninsula,"fort,dutch,colonial,historical",
81,Kalpitiya Lagoon,Nature,Puttalam,Puttalam,3.8,1000,3000,8.2333,79.75,Medium,Beautiful lagoon with dolphins and mangroves,"lagoon,dolphin,mangrove,nature",
82,Mundel Lake,Nature,Puttalam,Puttalam,4.8,200,800,7.9667,79.8833,Low,Scenic lake with bird watching,"lake,birds,scenic,nature",
83,Wilpattu National Park,Wildlife,Puttalam,Puttalam,5,4000,12000,8.455,80.0438,High,Sri Lanka's largest national park with leopards,"leopard,wildlife,safari,nature",
84,Kalpitiya Lagoon,Nature,Puttalam,Puttalam,3.2,1000,3000,8.2333,79.75,Medium,Beautiful lagoon with dolphins and mangroves,"lagoon,dolphin,mangrove,nature",
85,Dutch Fort Kalpitiya,Historical,Puttalam,Puttalam,4.3,0,400,8.2333,79.7667,Low,Ancient Dutch fort on Kalpitiya peninsula,"fort,dutch,colonial,historical",
86,Kalpitiya Lagoon,Nature,Puttalam,Puttalam,4.7,1000,3000,8.2333,79.75,Medium,Beautiful lagoon with dolphins and mangroves,"lagoon,dolphin,mangrove,nature",
87,Kalpitiya Lagoon,Nature,Puttalam,Puttalam,4.2,1000,3000,8.2333,79.75,Medium,Beautiful lagoon with dolphins and mangroves,"lagoon,dolphin,mangrove,nature",
88,Dutch Fort Kalpitiya,Historical,Puttalam,Puttalam,3.3,0,400,8.2333,79.7667,Low,Ancient Dutch fort on Kalpitiya peninsula,"fort,dutch,colonial,historical",
89,Palavi Beach,Beach,Puttalam,Puttalam,3.8,200,800,8,79.8333,Low,Quiet beach near Puttalam,"beach,quiet,peaceful,scenic",
90,Dutch Fort Kalpitiya,Historical,Puttalam,Puttalam,4.3,0,400,8.2333,79.7667,Low,Ancient Dutch fort on Kalpitiya peninsula,"fort,dutch,colonial,historical",
91,Wilpattu National Park,Wildlife,Puttalam,Puttalam,4,4000,12000,8.455,80.0438,High,Sri Lanka's largest national park with leopards,"leopard,wildlife,safari,nature",
92,Mundel Lake,Nature,Puttalam,Puttalam,4.9,200,800,7.9667,79.8833,Low,Scenic lake with bird watching,"lake,birds,scenic,nature",
93,Kalpitiya Beach,Beach,Puttalam,Puttalam,4,1000,3000,8.2333,79.7667,Medium,Dolphin watching and kitesurfing paradise,"dolphin,kitesurf,beach,adventure",
94,Kalpitiya Lagoon,Nature,Puttalam,Puttalam,4.6,1000,3000,8.2333,79.75,Medium,Beautiful lagoon with dolphins and mangroves,"lagoon,dolphin,mangrove,nature",
95,Kalpitiya Lagoon,Nature,Puttalam,Puttalam,4,1000,3000,8.2333,79.75,Medium,Beautiful lagoon with dolphins and mangroves,"lagoon,dolphin,mangrove,nature",
96,Mundel Lake,Nature,Puttalam,Puttalam,4.8,200,800,7.9667,79.8833,Low,Scenic lake with bird watching,"lake,birds,scenic,nature",
97,Wilpattu National Park,Wildlife,Puttalam,Puttalam,4,4000,12000,8.455,80.0438,High,Sri Lanka's largest national park with leopards,"leopard,wildlife,safari,nature",
98,Kalpitiya Beach,Beach,Puttalam,Puttalam,3.9,1000,3000,8.2333,79.7667,Medium,Dolphin watching and kitesurfing paradise,"dolphin,kitesurf,beach,adventure",
99,Kalpitiya Beach,Beach,Puttalam,Puttalam,3.2,1000,3000,8.2333,79.7667,Medium,Dolphin watching and kitesurfing paradise,"dolphin,kitesurf,beach,adventure",
100,Palavi Beach,Beach,Puttalam,Puttalam,3.6,200,800,8,79.8333,Low,Quiet beach near Puttalam,"beach,quiet,peaceful,scenic",
101,Kalpitiya Beach,Beach,Puttalam,Puttalam,3.4,1000,3000,8.2333,79.7667,Medium,Dolphin watching and kitesurfing paradise,"dolphin,kitesurf,beach,adventure",
102,Kalpitiya Lagoon,Nature,Puttalam,Puttalam,4.2,1000,3000,8.2333,79.75,Medium,Beautiful lagoon with dolphins and mangroves,"lagoon,dolphin,mangrove,nature",
103,Wilpattu National Park,Wildlife,Puttalam,Puttalam,4.3,4000,12000,8.455,80.0438,High,Sri Lanka's largest national park with leopards,"leopard,wildlife,safari,nature",
104,Mundel Lake,Nature,Puttalam,Puttalam,4.6,200,800,7.9667,79.8833,Low,Scenic lake with bird watching,"lake,birds,scenic,nature",
105,Palavi Beach,Beach,Puttalam,Puttalam,3.2,200,800,8,79.8333,Low,Quiet beach near Puttalam,"beach,quiet,peaceful,scenic",
106,Palavi Beach,Beach,Puttalam,Puttalam,4,200,800,8,79.8333,Low,Quiet beach near Puttalam,"beach,quiet,peaceful,scenic",
107,Kalpitiya Beach,Beach,Puttalam,Puttalam,4.2,1000,3000,8.2333,79.7667,Medium,Dolphin watching and kitesurfing paradise,"dolphin,kitesurf,beach,adventure",
108,Palavi Beach,Beach,Puttalam,Puttalam,4.7,200,800,8,79.8333,Low,Quiet beach near Puttalam,"beach,quiet,peaceful,scenic",
109,Wilpattu National Park,Wildlife,Puttalam,Puttalam,3.5,4000,12000,8.455,80.0438,High,Sri Lanka's largest national park with leopards,"leopard,wildlife,safari,nature",
110,Kalpitiya Beach,Beach,Puttalam,Puttalam,4.1,1000,3000,8.2333,79.7667,Medium,Dolphin watching and kitesurfing paradise,"dolphin,kitesurf,beach,adventure",
111,Kalpitiya Beach,Beach,Puttalam,Puttalam,3.3,1000,3000,8.2333,79.7667,Medium,Dolphin watching and kitesurfing paradise,"dolphin,kitesurf,beach,adventure",
112,Dutch Fort Kalpitiya,Historical,Puttalam,Puttalam,3.1,0,400,8.2333,79.7667,Low,Ancient Dutch fort on Kalpitiya peninsula,"fort,dutch,colonial,historical",
113,Dutch Fort Kalpitiya,Historical,Puttalam,Puttalam,3.3,0,400,8.2333,79.7667,Low,Ancient Dutch fort on Kalpitiya peninsula,"fort,dutch,colonial,historical",
114,Kalpitiya Beach,Beach,Puttalam,Puttalam,3.5,1000,3000,8.2333,79.7667,Medium,Dolphin watching and kitesurfing paradise,"dolphin,kitesurf,beach,adventure",
115,Kalpitiya Beach,Beach,Puttalam,Puttalam,4,1000,3000,8.2333,79.7667,Medium,Dolphin watching and kitesurfing paradise,"dolphin,kitesurf,beach,adventure",
116,Mundel Lake,Nature,Puttalam,Puttalam,4.2,200,800,7.9667,79.8833,Low,Scenic lake with bird watching,"lake,birds,scenic,nature",
117,Dutch Fort Kalpitiya,Historical,Puttalam,Puttalam,4.3,0,400,8.2333,79.7667,Low,Ancient Dutch fort on Kalpitiya peninsula,"fort,dutch,colonial,historical",
118,Palavi Beach,Beach,Puttalam,Puttalam,4.5,200,800,8,79.8333,Low,Quiet beach near Puttalam,"beach,quiet,peaceful,scenic",
119,Kalpitiya Lagoon,Nature,Puttalam,Puttalam,4.9,1000,3000,8.2333,79.75,Medium,Beautiful lagoon with dolphins and mangroves,"lagoon,dolphin,mangrove,nature",
120,Kalpitiya Beach,Beach,Puttalam,Puttalam,3.9,1000,3000,8.2333,79.7667,Medium,Dolphin watching and kitesurfing paradise,"dolphin,kitesurf,beach,adventure",
121,Mundel Lake,Nature,Puttalam,Puttalam,4.7,200,800,7.9667,79.8833,Low,Scenic lake with bird watching,"lake,birds,scenic,nature",
122,Kalpitiya Beach,Beach,Puttalam,Puttalam,3.4,1000,3000,8.2333,79.7667,Medium,Dolphin watching and kitesurfing paradise,"dolphin,kitesurf,beach,adventure",
123,Mundel Lake,Nature,Puttalam,Puttalam,4.2,200,800,7.9667,79.8833,Low,Scenic lake with bird watching,"lake,birds,scenic,nature",
124,Dutch Fort Kalpitiya,Historical,Puttalam,Puttalam,4.6,0,400,8.2333,79.7667,Low,Ancient Dutch fort on Kalpitiya peninsula,"fort,dutch,colonial,historical",
125,Kalpitiya Beach,Beach,Puttalam,Puttalam,4.2,1000,3000,8.2333,79.7667,Medium,Dolphin watching and kitesurfing paradise,"dolphin,kitesurf,beach,adventure",
126,Dutch Fort Kalpitiya,Historical,Puttalam,Puttalam,3.5,0,400,8.2333,79.7667,Low,Ancient Dutch fort on Kalpitiya peninsula,"fort,dutch,colonial,historical",
127,Palavi Beach,Beach,Puttalam,Puttalam,4.4,200,800,8,79.8333,Low,Quiet beach near Puttalam,"beach,quiet,peaceful,scenic",
128,Mundel Lake,Nature,Puttalam,Puttalam,4.2,200,800,7.9667,79.8833,Low,Scenic lake with bird watching,"lake,birds,scenic,nature",
129,Wilpattu National Park,Wildlife,Puttalam,Puttalam,3.5,4000,12000,8.455,80.0438,High,Sri Lanka's largest national park with leopards,"leopard,wildlife,safari,nature",
130,Mundel Lake,Nature,Puttalam,Puttalam,3.3,200,800,7.9667,79.8833,Low,Scenic lake with bird watching,"lake,birds,scenic,nature",
131,Wilpattu National Park,Wildlife,Puttalam,Puttalam,3.4,4000,12000,8.455,80.0438,High,Sri Lanka's largest national park with leopards,"leopard,wildlife,safari,nature",
132,Dutch Fort Kalpitiya,Historical,Puttalam,Puttalam,4.4,0,400,8.2333,79.7667,Low,Ancient Dutch fort on Kalpitiya peninsula,"fort,dutch,colonial,historical",
133,Kalpitiya Beach,Beach,Puttalam,Puttalam,4.2,1000,3000,8.2333,79.7667,Medium,Dolphin watching and kitesurfing paradise,"dolphin,kitesurf,beach,adventure",
134,Kalpitiya Beach,Beach,Puttalam,Puttalam,4,1000,3000,8.2333,79.7667,Medium,Dolphin watching and kitesurfing paradise,"dolphin,kitesurf,beach,adventure",
135,Dutch Fort Kalpitiya,Historical,Puttalam,Puttalam,4.2,0,400,8.2333,79.7667,Low,Ancient Dutch fort on Kalpitiya peninsula,"fort,dutch,colonial,historical",
136,Dutch Fort Kalpitiya,Historical,Puttalam,Puttalam,4,0,400,8.2333,79.7667,Low,Ancient Dutch fort on Kalpitiya peninsula,"fort,dutch,colonial,historical",
137,Wilpattu National Park,Wildlife,Puttalam,Puttalam,3.2,4000,12000,8.455,80.0438,High,Sri Lanka's largest national park with leopards,"leopard,wildlife,safari,nature",
138,Palavi Beach,Beach,Puttalam,Puttalam,3.3,200,800,8,79.8333,Low,Quiet beach near Puttalam,"beach,quiet,peaceful,scenic",
139,Dutch Fort Kalpitiya,Historical,Puttalam,Puttalam,4.1,0,400,8.2333,79.7667,Low,Ancient Dutch fort on Kalpitiya peninsula,"fort,dutch,colonial,historical",
140,Wilpattu National Park,Wildlife,Puttalam,Puttalam,4.8,4000,12000,8.455,80.0438,High,Sri Lanka's largest national park with leopards,"leopard,wildlife,safari,nature",
141,Palavi Beach,Beach,Puttalam,Puttalam,4.3,200,800,8,79.8333,Low,Quiet beach near Puttalam,"beach,quiet,peaceful,scenic",
142,Dutch Fort Kalpitiya,Historical,Puttalam,Puttalam,3.8,0,400,8.2333,79.7667,Low,Ancient Dutch fort on Kalpitiya peninsula,"fort,dutch,colonial,historical",
143,Wilpattu National Park,Wildlife,Puttalam,Puttalam,4.4,4000,12000,8.455,80.0438,High,Sri Lanka's largest national park with leopards,"leopard,wildlife,safari,nature",
144,Mundel Lake,Nature,Puttalam,Puttalam,3.5,200,800,7.9667,79.8833,Low,Scenic lake with bird watching,"lake,birds,scenic,nature",
145,Mundel Lake,Nature,Puttalam,Puttalam,4.6,200,800,7.9667,79.8833,Low,Scenic lake with bird watching,"lake,birds,scenic,nature",
146,Mundel Lake,Nature,Puttalam,Puttalam,3.7,200,800,7.9667,79.8833,Low,Scenic lake with bird watching,"lake,birds,scenic,nature",
147,Palavi Beach,Beach,Puttalam,Puttalam,4.8,200,800,8,79.8333,Low,Quiet beach near Puttalam,"beach,quiet,peaceful,scenic",
148,Palavi Beach,Beach,Puttalam,Puttalam,4.2,200,800,8,79.8333,Low,Quiet beach near Puttalam,"beach,quiet,peaceful,scenic",
149,Mundel Lake,Nature,Puttalam,Puttalam,3.3,200,800,7.9667,79.8833,Low,Scenic lake with bird watching,"lake,birds,scenic,nature",
150,Mundel Lake,Nature,Puttalam,Puttalam,4.5,200,800,7.9667,79.8833,Low,Scenic lake with bird watching,"lake,birds,scenic,nature",
151,Wilpattu National Park,Wildlife,Puttalam,Puttalam,3.6,4000,12000,8.455,80.0438,High,Sri Lanka's largest national park with leopards,"leopard,wildlife,safari,nature",
152,Dutch Fort Kalpitiya,Historical,Puttalam,Puttalam,3.8,0,400,8.2333,79.7667,Low,Ancient Dutch fort on Kalpitiya peninsula,"fort,dutch,colonial,historical",
153,Kalpitiya Beach,Beach,Puttalam,Puttalam,3,1000,3000,8.2333,79.7667,Medium,Dolphin watching and kitesurfing paradise,"dolphin,kitesurf,beach,adventure",
154,Palavi Beach,Beach,Puttalam,Puttalam,4.6,200,800,8,79.8333,Low,Quiet beach near Puttalam,"beach,quiet,peaceful,scenic",
155,Dutch Fort Kalpitiya,Historical,Puttalam,Puttalam,4,0,400,8.2333,79.7667,Low,Ancient Dutch fort on Kalpitiya peninsula,"fort,dutch,colonial,historical",
156,Dutch Fort Kalpitiya,Historical,Puttalam,Puttalam,3,0,400,8.2333,79.7667,Low,Ancient Dutch fort on Kalpitiya peninsula,"fort,dutch,colonial,historical",
157,Palavi Beach,Beach,Puttalam,Puttalam,3.4,200,800,8,79.8333,Low,Quiet beach near Puttalam,"beach,quiet,peaceful,scenic",
158,Kalpitiya Lagoon,Nature,Puttalam,Puttalam,3.8,1000,3000,8.2333,79.75,Medium,Beautiful lagoon with dolphins and mangroves,"lagoon,dolphin,mangrove,nature",
159,Wilpattu National Park,Wildlife,Puttalam,Puttalam,3.3,4000,12000,8.455,80.0438,High,Sri Lanka's largest national park with leopards,"leopard,wildlife,safari,nature",
160,Palavi Beach,Beach,Puttalam,Puttalam,4.2,200,800,8,79.8333,Low,Quiet beach near Puttalam,"beach,quiet,peaceful,scenic",
161,Kalpitiya Lagoon,Nature,Puttalam,Puttalam,4.7,1000,3000,8.2333,79.75,Medium,Beautiful lagoon with dolphins and mangroves,"lagoon,dolphin,mangrove,nature",
162,Mundel Lake,Nature,Puttalam,Puttalam,4.1,200,800,7.9667,79.8833,Low,Scenic lake with bird watching,"lake,birds,scenic,nature",
163,Dutch Fort Kalpitiya,Historical,Puttalam,Puttalam,3.6,0,400,8.2333,79.7667,Low,Ancient Dutch fort on Kalpitiya peninsula,"fort,dutch,colonial,historical",
164,Palavi Beach,Beach,Puttalam,Puttalam,3.8,200,800,8,79.8333,Low,Quiet beach near Puttalam,"beach,quiet,peaceful,scenic",
165,Kalpitiya Beach,Beach,Puttalam,Puttalam,3.8,1000,3000,8.2333,79.7667,Medium,Dolphin watching and kitesurfing paradise,"dolphin,kitesurf,beach,adventure",
166,Dutch Fort Kalpitiya,Historical,Puttalam,Puttalam,4,0,400,8.2333,79.7667,Low,Ancient Dutch fort on Kalpitiya peninsula,"fort,dutch,colonial,historical",
167,Kalpitiya Lagoon,Nature,Puttalam,Puttalam,4.1,1000,3000,8.2333,79.75,Medium,Beautiful lagoon with dolphins and mangroves,"lagoon,dolphin,mangrove,nature",
168,Mundel Lake,Nature,Puttalam,Puttalam,3.5,200,800,7.9667,79.8833,Low,Scenic lake with bird watching,"lake,birds,scenic,nature",
169,Kalpitiya Lagoon,Nature,Puttalam,Puttalam,4.2,1000,3000,8.2333,79.75,Medium,Beautiful lagoon with dolphins and mangroves,"lagoon,dolphin,mangrove,nature",
170,Palavi Beach,Beach,Puttalam,Puttalam,3.8,200,800,8,79.8333,Low,Quiet beach near Puttalam,"beach,quiet,peaceful,scenic",
171,Kalpitiya Beach,Beach,Puttalam,Puttalam,4.7,1000,3000,8.2333,79.7667,Medium,Dolphin watching and kitesurfing paradise,"dolphin,kitesurf,beach,adventure",
172,Palavi Beach,Beach,Puttalam,Puttalam,3.2,200,800,8,79.8333,Low,Quiet beach near Puttalam,"beach,quiet,peaceful,scenic",
173,Kalpitiya Beach,Beach,Puttalam,Puttalam,3.9,1000,3000,8.2333,79.7667,Medium,Dolphin watching and kitesurfing paradise,"dolphin,kitesurf,beach,adventure",
174,Palavi Beach,Beach,Puttalam,Puttalam,4.9,200,800,8,79.8333,Low,Quiet beach near Puttalam,"beach,quiet,peaceful,scenic",
175,Wilpattu National Park,Wildlife,Puttalam,Puttalam,3.4,4000,12000,8.455,80.0438,High,Sri Lanka's largest national park with leopards,"leopard,wildlife,safari,nature",
176,Mundel Lake,Nature,Puttalam,Puttalam,4.6,200,800,7.9667,79.8833,Low,Scenic lake with bird watching,"lake,birds,scenic,nature",
177,Dutch Fort Kalpitiya,Historical,Puttalam,Puttalam,4.2,0,400,8.2333,79.7667,Low,Ancient Dutch fort on Kalpitiya peninsula,"fort,dutch,colonial,historical",
178,Palavi Beach,Beach,Puttalam,Puttalam,4.4,200,800,8,79.8333,Low,Quiet beach near Puttalam,"beach,quiet,peaceful,scenic",
179,Kalpitiya Beach,Beach,Puttalam,Puttalam,3.8,1000,3000,8.2333,79.7667,Medium,Dolphin watching and kitesurfing paradise,"dolphin,kitesurf,beach,adventure",
180,Palavi Beach,Beach,Puttalam,Puttalam,3,200,800,8,79.8333,Low,Quiet beach near Puttalam,"beach,quiet,peaceful,scenic",
181,Wilpattu National Park,Wildlife,Puttalam,Puttalam,4.6,4000,12000,8.455,80.0438,High,Sri Lanka's largest national park with leopards,"leopard,wildlife,safari,nature",
182,Mundel Lake,Nature,Puttalam,Puttalam,4.9,200,800,7.9667,79.8833,Low,Scenic lake with bird watching,"lake,birds,scenic,nature",
183,Mundel Lake,Nature,Puttalam,Puttalam,3.2,200,800,7.9667,79.8833,Low,Scenic lake with bird watching,"lake,birds,scenic,nature",
184,Kalpitiya Lagoon,Nature,Puttalam,Puttalam,3.4,1000,3000,8.2333,79.75,Medium,Beautiful lagoon with dolphins and mangroves,"lagoon,dolphin,mangrove,nature",
185,Wilpattu National Park,Wildlife,Puttalam,Puttalam,4.2,4000,12000,8.455,80.0438,High,Sri Lanka's largest national park with leopards,"leopard,wildlife,safari,nature",
186,Palavi Beach,Beach,Puttalam,Puttalam,3.8,200,800,8,79.8333,Low,Quiet beach near Puttalam,"beach,quiet,peaceful,scenic",
187,Mundel Lake,Nature,Puttalam,Puttalam,4.2,200,800,7.9667,79.8833,Low,Scenic lake with bird watching,"lake,birds,scenic,nature",
188,Dutch Fort Kalpitiya,Historical,Puttalam,Puttalam,3.6,0,400,8.2333,79.7667,Low,Ancient Dutch fort on Kalpitiya peninsula,"fort,dutch,colonial,historical",
189,Dutch Fort Kalpitiya,Historical,Puttalam,Puttalam,3.1,0,400,8.2333,79.7667,Low,Ancient Dutch fort on Kalpitiya peninsula,"fort,dutch,colonial,historical",
190,Kalpitiya Beach,Beach,Puttalam,Puttalam,4.3,1000,3000,8.2333,79.7667,Medium,Dolphin watching and kitesurfing paradise,"dolphin,kitesurf,beach,adventure",
191,Mundel Lake,Nature,Puttalam,Puttalam,3,200,800,7.9667,79.8833,Low,Scenic lake with bird watching,"lake,birds,scenic,nature",
192,Palavi Beach,Beach,Puttalam,Puttalam,4.9,200,800,8,79.8333,Low,Quiet beach near Puttalam,"beach,quiet,peaceful,scenic",
193,Dutch Fort Kalpitiya,Historical,Puttalam,Puttalam,3.6,0,400,8.2333,79.7667,Low,Ancient Dutch fort on Kalpitiya peninsula,"fort,dutch,colonial,historical",
194,Wilpattu National Park,Wildlife,Puttalam,Puttalam,4.6,4000,12000,8.455,80.0438,High,Sri Lanka's largest national park with leopards,"leopard,wildlife,safari,nature",
195,Dutch Fort Kalpitiya,Historical,Puttalam,Puttalam,4,0,400,8.2333,79.7667,Low,Ancient Dutch fort on Kalpitiya peninsula,"fort,dutch,colonial,historical",
196,Kalpitiya Beach,Beach,Puttalam,Puttalam,4.2,1000,3000,8.2333,79.7667,Medium,Dolphin watching and kitesurfing paradise,"dolphin,kitesurf,beach,adventure",
197,Palavi Beach,Beach,Puttalam,Puttalam,3.1,200,800,8,79.8333,Low,Quiet beach near Puttalam,"beach,quiet,peaceful,scenic",
198,Kalpitiya Beach,Beach,Puttalam,Puttalam,4.3,1000,3000,8.2333,79.7667,Medium,Dolphin watching and kitesurfing paradise,"dolphin,kitesurf,beach,adventure",
199,Kalpitiya Beach,Beach,Puttalam,Puttalam,3.2,1000,3000,8.2333,79.7667,Medium,Dolphin watching and kitesurfing paradise,"dolphin,kitesurf,beach,adventure",
200,Kalpitiya Lagoon,Nature,Puttalam,Puttalam,4.6,1000,3000,8.2333,79.75,Medium,Beautiful lagoon with dolphins and mangroves,"lagoon,dolphin,mangrove,nature",
201,Kalpitiya Lagoon,Nature,Puttalam,Puttalam,4.3,1000,3000,8.2333,79.75,Medium,Beautiful lagoon with dolphins and mangroves,"lagoon,dolphin,mangrove,nature",
202,Mundel Lake,Nature,Puttalam,Puttalam,4.2,200,800,7.9667,79.8833,Low,Scenic lake with bird watching,"lake,birds,scenic,nature",
203,Dutch Fort Kalpitiya,Historical,Puttalam,Puttalam,3,0,400,8.2333,79.7667,Low,Ancient Dutch fort on Kalpitiya peninsula,"fort,dutch,colonial,historical",
204,Palavi Beach,Beach,Puttalam,Puttalam,3.1,200,800,8,79.8333,Low,Quiet beach near Puttalam,"beach,quiet,peaceful,scenic",
205,Wilpattu National Park,Wildlife,Puttalam,Puttalam,4.1,4000,12000,8.455,80.0438,High,Sri Lanka's largest national park with leopards,"leopard,wildlife,safari,nature",
206,Palavi Beach,Beach,Puttalam,Puttalam,4.7,200,800,8,79.8333,Low,Quiet beach near Puttalam,"beach,quiet,peaceful,scenic",
207,Dutch Fort Kalpitiya,Historical,Puttalam,Puttalam,3.7,0,400,8.2333,79.7667,Low,Ancient Dutch fort on Kalpitiya peninsula,"fort,dutch,colonial,historical",
208,Kalpitiya Lagoon,Nature,Puttalam,Puttalam,3.5,1000,3000,8.2333,79.75,Medium,Beautiful lagoon with dolphins and mangroves,"lagoon,dolphin,mangrove,nature",
209,Kalpitiya Beach,Beach,Puttalam,Puttalam,3.9,1000,3000,8.2333,79.7667,Medium,Dolphin watching and kitesurfing paradise,"dolphin,kitesurf,beach,adventure",
210,Mundel Lake,Nature,Puttalam,Puttalam,4.1,200,800,7.9667,79.8833,Low,Scenic lake with bird watching,"lake,birds,scenic,nature",
211,Kalpitiya Lagoon,Nature,Puttalam,Puttalam,3.4,1000,3000,8.2333,79.75,Medium,Beautiful lagoon with dolphins and mangroves,"lagoon,dolphin,mangrove,nature",
212,Dutch Fort Kalpitiya,Historical,Puttalam,Puttalam,3.2,0,400,8.2333,79.7667,Low,Ancient Dutch fort on Kalpitiya peninsula,"fort,dutch,colonial,historical",
213,Wilpattu National Park,Wildlife,Puttalam,Puttalam,4,4000,12000,8.455,80.0438,High,Sri Lanka's largest national park with leopards,"leopard,wildlife,safari,nature",
214,Kalpitiya Lagoon,Nature,Puttalam,Puttalam,4.9,1000,3000,8.2333,79.75,Medium,Beautiful lagoon with dolphins and mangroves,"lagoon,dolphin,mangrove,nature",
215,Dutch Fort Kalpitiya,Historical,Puttalam,Puttalam,4.9,0,400,8.2333,79.7667,Low,Ancient Dutch fort on Kalpitiya peninsula,"fort,dutch,colonial,historical",
216,Dutch Fort Kalpitiya,Historical,Puttalam,Puttalam,4.6,0,400,8.2333,79.7667,Low,Ancient Dutch fort on Kalpitiya peninsula,"fort,dutch,colonial,historical",
217,Dutch Fort Kalpitiya,Historical,Puttalam,Puttalam,3.5,0,400,8.2333,79.7667,Low,Ancient Dutch fort on Kalpitiya peninsula,"fort,dutch,colonial,historical",
218,Mundel Lake,Nature,Puttalam,Puttalam,4.9,200,800,7.9667,79.8833,Low,Scenic lake with bird watching,"lake,birds,scenic,nature",
219,Dutch Fort Kalpitiya,Historical,Puttalam,Puttalam,4,0,400,8.2333,79.7667,Low,Ancient Dutch fort on Kalpitiya peninsula,"fort,dutch,colonial,historical",
220,Kalpitiya Beach,Beach,Puttalam,Puttalam,4.5,1000,3000,8.2333,79.7667,Medium,Dolphin watching and kitesurfing paradise,"dolphin,kitesurf,beach,adventure",
1,Adams Peak,Religious,Ratnapura,Ratnapura,4.5,200,1000,6.8096,80.4994,Low,Sacred mountain with sunrise pilgrimage,"mountain,pilgrimage,sunrise,religious",
2,Sinharaja Forest Reserve,Nature,Ratnapura,Ratnapura,4.2,1500,4000,6.4136,80.4969,Medium,UNESCO World Heritage rainforest,"rainforest,UNESCO,birds,nature",images/sinharaja_forest.jpg
3,Udawalawe National Park,Wildlife,Ratnapura,Ratnapura,4.1,3000,8000,6.439,80.898,Medium,Best elephant watching in Sri Lanka,"elephant,wildlife,safari,nature",
4,Ratnapura Gem Museum,Historical,Ratnapura,Ratnapura,4,300,800,6.6833,80.3833,Low,Learn about Sri Lanka's gem industry,"gems,museum,culture,historical",
5,Bopath Falls,Nature,Ratnapura,Ratnapura,4.3,200,700,6.7333,80.3667,Low,Beautiful heart-shaped waterfall,"waterfall,heartshaped,unique,nature",
6,Pahanthudawa Falls,Nature,Ratnapura,Ratnapura,4.3,100,500,6.65,80.45,Low,Scenic waterfall in rainforest,"waterfall,rainforest,nature,scenic",
7,Maha Saman Devalaya,Religious,Ratnapura,Ratnapura,4.6,0,400,6.6833,80.3833,Low,Famous temple dedicated to God Saman,"temple,saman,religious,sacred",
8,Adams Peak,Religious,Ratnapura,Ratnapura,4.9,200,1000,6.8096,80.4994,Low,Sacred mountain with sunrise pilgrimage,"mountain,pilgrimage,sunrise,religious",
9,Ratnapura Gem Museum,Historical,Ratnapura,Ratnapura,3.9,300,800,6.6833,80.3833,Low,Learn about Sri Lanka's gem industry,"gems,museum,culture,historical",
10,Sinharaja Forest Reserve,Nature,Ratnapura,Ratnapura,4.1,1500,4000,6.4136,80.4969,Medium,UNESCO World Heritage rainforest,"rainforest,UNESCO,birds,nature",images/sinharaja_forest.jpg
11,Sinharaja Forest Reserve,Nature,Ratnapura,Ratnapura,4.1,1500,4000,6.4136,80.4969,Medium,UNESCO World Heritage rainforest,"rainforest,UNESCO,birds,nature",images/sinharaja_forest.jpg
12,Ratnapura Gem Museum,Historical,Ratnapura,Ratnapura,3.6,300,800,6.6833,80.3833,Low,Learn about Sri Lanka's gem industry,"gems,museum,culture,historical",
13,Pahanthudawa Falls,Nature,Ratnapura,Ratnapura,4.4,100,500,6.65,80.45,Low,Scenic waterfall in rainforest,"waterfall,rainforest,nature,scenic",
14,Ratnapura Gem Museum,Historical,Ratnapura,Ratnapura,4.3,300,800,6.6833,80.3833,Low,Learn about Sri Lanka's gem industry,"gems,museum,culture,historical",
15,Pahanthudawa Falls,Nature,Ratnapura,Ratnapura,4.2,100,500,6.65,80.45,Low,Scenic waterfall in rainforest,"waterfall,rainforest,nature,scenic",
16,Maha Saman Devalaya,Religious,Ratnapura,Ratnapura,3.2,0,400,6.6833,80.3833,Low,Famous temple dedicated to God Saman,"temple,saman,religious,sacred",
17,Adams Peak,Religious,Ratnapura,Ratnapura,4.6,200,1000,6.8096,80.4994,Low,Sacred mountain with sunrise pilgrimage,"mountain,pilgrimage,sunrise,religious",
18,Adams Peak,Religious,Ratnapura,Ratnapura,3.2,200,1000,6.8096,80.4994,Low,Sacred mountain with sunrise pilgrimage,"mountain,pilgrimage,sunrise,religious",
19,Adams Peak,Religious,Ratnapura,Ratnapura,4.2,200,1000,6.8096,80.4994,Low,Sacred mountain with sunrise pilgrimage,"mountain,pilgrimage,sunrise,religious",
20,Ratnapura Gem Museum,Historical,Ratnapura,Ratnapura,3.2,300,800,6.6833,80.3833,Low,Learn about Sri Lanka's gem industry,"gems,museum,culture,historical",
21,Pahanthudawa Falls,Nature,Ratnapura,Ratnapura,4.5,100,500,6.65,80.45,Low,Scenic waterfall in rainforest,"waterfall,rainforest,nature,scenic",
22,Bopath Falls,Nature,Ratnapura,Ratnapura,3.2,200,700,6.7333,80.3667,Low,Beautiful heart-shaped waterfall,"waterfall,heartshaped,unique,nature",
23,Ratnapura Gem Museum,Historical,Ratnapura,Ratnapura,4,300,800,6.6833,80.3833,Low,Learn about Sri Lanka's gem industry,"gems,museum,culture,historical",
24,Maha Saman Devalaya,Religious,Ratnapura,Ratnapura,3.1,0,400,6.6833,80.3833,Low,Famous temple dedicated to God Saman,"temple,saman,religious,sacred",
25,Udawalawe National Park,Wildlife,Ratnapura,Ratnapura,4.7,3000,8000,6.439,80.898,Medium,Best elephant watching in Sri Lanka,"elephant,wildlife,safari,nature",
26,Sinharaja Forest Reserve,Nature,Ratnapura,Ratnapura,3.4,1500,4000,6.4136,80.4969,Medium,UNESCO World Heritage rainforest,"rainforest,UNESCO,birds,nature",images/sinharaja_forest.jpg
27,Ratnapura Gem Museum,Historical,Ratnapura,Ratnapura,4.1,300,800,6.6833,80.3833,Low,Learn about Sri Lanka's gem industry,"gems,museum,culture,historical",
28,Adams Peak,Religious,Ratnapura,Ratnapura,3.4,200,1000,6.8096,80.4994,Low,Sacred mountain with sunrise pilgrimage,"mountain,pilgrimage,sunrise,religious",
29,Ratnapura Gem Museum,Historical,Ratnapura,Ratnapura,4.9,300,800,6.6833,80.3833,Low,Learn about Sri Lanka's gem industry,"gems,museum,culture,historical",
30,Udawalawe National Park,Wildlife,Ratnapura,Ratnapura,4.9,3000,8000,6.439,80.898,Medium,Best elephant watching in Sri Lanka,"elephant,wildlife,safari,nature",
31,Ratnapura Gem Museum,Historical,Ratnapura,Ratnapura,3.8,300,800,6.6833,80.3833,Low,Learn about Sri Lanka's gem industry,"gems,museum,culture,historical",
32,Maha Saman Devalaya,Religious,Ratnapura,Ratnapura,4.3,0,400,6.6833,80.3833,Low,Famous temple dedicated to God Saman,"temple,saman,religious,sacred",
33,Maha Saman Devalaya,Religious,Ratnapura,Ratnapura,4.5,0,400,6.6833,80.3833,Low,Famous temple dedicated to God Saman,"temple,saman,religious,sacred",
34,Adams Peak,Religious,Ratnapura,Ratnapura,4.9,200,1000,6.8096,80.4994,Low,Sacred mountain with sunrise pilgrimage,"mountain,pilgrimage,sunrise,religious",
35,Maha Saman Devalaya,Religious,Ratnapura,Ratnapura,3.4,0,400,6.6833,80.3833,Low,Famous temple dedicated to God Saman,"temple,saman,religious,sacred",
36,Udawalawe National Park,Wildlife,Ratnapura,Ratnapura,3.5,3000,8000,6.439,80.898,Medium,Best elephant watching in Sri Lanka,"elephant,wildlife,safari,nature",
37,Pahanthudawa Falls,Nature,Ratnapura,Ratnapura,3.5,100,500,6.65,80.45,Low,Scenic waterfall in rainforest,"waterfall,rainforest,nature,scenic",
38,Maha Saman Devalaya,Religious,Ratnapura,Ratnapura,4.8,0,400,6.6833,80.3833,Low,Famous temple dedicated to God Saman,"temple,saman,religious,sacred",
39,Ratnapura Gem Museum,Historical,Ratnapura,Ratnapura,4.3,300,800,6.6833,80.3833,Low,Learn about Sri Lanka's gem industry,"gems,museum,culture,historical",
40,Adams Peak,Religious,Ratnapura,Ratnapura,4.8,200,1000,6.8096,80.4994,Low,Sacred mountain with sunrise pilgrimage,"mountain,pilgrimage,sunrise,religious",
41,Ratnapura Gem Museum,Historical,Ratnapura,Ratnapura,3.1,300,800,6.6833,80.3833,Low,Learn about Sri Lanka's gem industry,"gems,museum,culture,historical",
42,Adams Peak,Religious,Ratnapura,Ratnapura,3.3,200,1000,6.8096,80.4994,Low,Sacred mountain with sunrise pilgrimage,"mountain,pilgrimage,sunrise,religious",
43,Udawalawe National Park,Wildlife,Ratnapura,Ratnapura,4.7,3000,8000,6.439,80.898,Medium,Best elephant watching in Sri Lanka,"elephant,wildlife,safari,nature",
44,Bopath Falls,Nature,Ratnapura,Ratnapura,4.6,200,700,6.7333,80.3667,Low,Beautiful heart-shaped waterfall,"waterfall,heartshaped,unique,nature",
45,Bopath Falls,Nature,Ratnapura,Ratnapura,3.6,200,700,6.7333,80.3667,Low,Beautiful heart-shaped waterfall,"waterfall,heartshaped,unique,nature",
46,Sinharaja Forest Reserve,Nature,Ratnapura,Ratnapura,4.9,1500,4000,6.4136,80.4969,Medium,UNESCO World Heritage rainforest,"rainforest,UNESCO,birds,nature",images/sinharaja_forest.jpg
47,Ratnapura Gem Museum,Historical,Ratnapura,Ratnapura,3.5,300,800,6.6833,80.3833,Low,Learn about Sri Lanka's gem industry,"gems,museum,culture,historical",
48,Ratnapura Gem Museum,Historical,Ratnapura,Ratnapura,3.4,300,800,6.6833,80.3833,Low,Learn about Sri Lanka's gem industry,"gems,museum,culture,historical",
49,Pahanthudawa Falls,Nature,Ratnapura,Ratnapura,3.8,100,500,6.65,80.45,Low,Scenic waterfall in rainforest,"waterfall,rainforest,nature,scenic",
50,Adams Peak,Religious,Ratnapura,Ratnapura,4.6,200,1000,6.8096,80.4994,Low,Sacred mountain with sunrise pilgrimage,"mountain,pilgrimage,sunrise,religious",
51,Bopath Falls,Nature,Ratnapura,Ratnapura,3.9,200,700,6.7333,80.3667,Low,Beautiful heart-shaped waterfall,"waterfall,heartshaped,unique,nature",
52,Pahanthudawa Falls,Nature,Ratnapura,Ratnapura,3.8,100,500,6.65,80.45,Low,Scenic waterfall in rainforest,"waterfall,rainforest,nature,scenic",
53,Pahanthudawa Falls,Nature,Ratnapura,Ratnapura,3.3,100,500,6.65,80.45,Low,Scenic waterfall in rainforest,"waterfall,rainforest,nature,scenic",
54,Udawalawe National Park,Wildlife,Ratnapura,Ratnapura,4,3000,8000,6.439,80.898,Medium,Best elephant watching in Sri Lanka,"elephant,wildlife,safari,nature",
55,Ratnapura Gem Museum,Historical,Ratnapura,Ratnapura,3.5,300,800,6.6833,80.3833,Low,Learn about Sri Lanka's gem industry,"gems,museum,culture,historical",
56,Pahanthudawa Falls,Nature,Ratnapura,Ratnapura,4.6,100,500,6.65,80.45,Low,Scenic waterfall in rainforest,"waterfall,rainforest,nature,scenic",
57,Bopath Falls,Nature,Ratnapura,Ratnapura,3.2,200,700,6.7333,80.3667,Low,Beautiful heart-shaped waterfall,"waterfall,heartshaped,unique,nature",
58,Bopath Falls,Nature,Ratnapura,Ratnapura,4.6,200,700,6.7333,80.3667,Low,Beautiful heart-shaped waterfall,"waterfall,heartshaped,unique,nature",
59,Maha Saman Devalaya,Religious,Ratnapura,Ratnapura,4.5,0,400,6.6833,80.3833,Low,Famous temple dedicated to God Saman,"temple,saman,religious,sacred",
60,Udawalawe National Park,Wildlife,Ratnapura,Ratnapura,4.7,3000,8000,6.439,80.898,Medium,Best elephant watching in Sri Lanka,"elephant,wildlife,safari,nature",
61,Sinharaja Forest Reserve,Nature,Ratnapura,Ratnapura,4.9,1500,4000,6.4136,80.4969,Medium,UNESCO World Heritage rainforest,"rainforest,UNESCO,birds,nature",images/sinharaja_forest.jpg
62,Sinharaja Forest Reserve,Nature,Ratnapura,Ratnapura,3.2,1500,4000,6.4136,80.4969,Medium,UNESCO World Heritage rainforest,"rainforest,UNESCO,birds,nature",images/sinharaja_forest.jpg
63,Adams Peak,Religious,Ratnapura,Ratnapura,3.9,200,1000,6.8096,80.4994,Low,Sacred mountain with sunrise pilgrimage,"mountain,pilgrimage,sunrise,religious",
64,Pahanthudawa Falls,Nature,Ratnapura,Ratnapura,4.5,100,500,6.65,80.45,Low,Scenic waterfall in rainforest,"waterfall,rainforest,nature,scenic",
65,Sinharaja Forest Reserve,Nature,Ratnapura,Ratnapura,3.1,1500,4000,6.4136,80.4969,Medium,UNESCO World Heritage rainforest,"rainforest,UNESCO,birds,nature",images/sinharaja_forest.jpg
66,Pahanthudawa Falls,Nature,Ratnapura,Ratnapura,4.1,100,500,6.65,80.45,Low,Scenic waterfall in rainforest,"waterfall,rainforest,nature,scenic",
67,Adams Peak,Religious,Ratnapura,Ratnapura,4.1,200,1000,6.8096,80.4994,Low,Sacred mountain with sunrise pilgrimage,"mountain,pilgrimage,sunrise,religious",
68,Adams Peak,Religious,Ratnapura,Ratnapura,4.5,200,1000,6.8096,80.4994,Low,Sacred mountain with sunrise pilgrimage,"mountain,pilgrimage,sunrise,religious",
69,Sinharaja Forest Reserve,Nature,Ratnapura,Ratnapura,5,1500,4000,6.4136,80.4969,Medium,UNESCO World Heritage rainforest,"rainforest,UNESCO,birds,nature",images/sinharaja_forest.jpg
70,Pahanthudawa Falls,Nature,Ratnapura,Ratnapura,4.3,100,500,6.65,80.45,Low,Scenic waterfall in rainforest,"waterfall,rainforest,nature,scenic",
71,Udawalawe National Park,Wildlife,Ratnapura,Ratnapura,3.4,3000,8000,6.439,80.898,Medium,Best elephant watching in Sri Lanka,"elephant,wildlife,safari,nature",
72,Pahanthudawa Falls,Nature,Ratnapura,Ratnapura,4.8,100,500,6.65,80.45,Low,Scenic waterfall in rainforest,"waterfall,rainforest,nature,scenic",
73,Udawalawe National Park,Wildlife,Ratnapura,Ratnapura,3.4,3000,8000,6.439,80.898,Medium,Best elephant watching in Sri Lanka,"elephant,wildlife,safari,nature",
74,Maha Saman Devalaya,Religious,Ratnapura,Ratnapura,3.5,0,400,6.6833,80.3833,Low,Famous temple dedicated to God Saman,"temple,saman,religious,sacred",
75,Maha Saman Devalaya,Religious,Ratnapura,Ratnapura,4.6,0,400,6.6833,80.3833,Low,Famous temple dedicated to God Saman,"temple,saman,religious,sacred",
76,Ratnapura Gem Museum,Historical,Ratnapura,Ratnapura,4.5,300,800,6.6833,80.3833,Low,Learn about Sri Lanka's gem industry,"gems,museum,culture,historical",
77,Pahanthudawa Falls,Nature,Ratnapura,Ratnapura,3.1,100,500,6.65,80.45,Low,Scenic waterfall in rainforest,"waterfall,rainforest,nature,scenic",
78,Adams Peak,Religious,Ratnapura,Ratnapura,4.9,200,1000,6.8096,80.4994,Low,Sacred mountain with sunrise pilgrimage,"mountain,pilgrimage,sunrise,religious",
79,Pahanthudawa Falls,Nature,Ratnapura,Ratnapura,3,100,500,6.65,80.45,Low,Scenic waterfall in rainforest,"waterfall,rainforest,nature,scenic",
80,Bopath Falls,Nature,Ratnapura,Ratnapura,4.7,200,700,6.7333,80.3667,Low,Beautiful heart-shaped waterfall,"waterfall,heartshaped,unique,nature",
81,Adams Peak,Religious,Ratnapura,Ratnapura,3.9,200,1000,6.8096,80.4994,Low,Sacred mountain with sunrise pilgrimage,"mountain,pilgrimage,sunrise,religious",
82,Bopath Falls,Nature,Ratnapura,Ratnapura,3.2,200,700,6.7333,80.3667,Low,Beautiful heart-shaped waterfall,"waterfall,heartshaped,unique,nature",
83,Sinharaja Forest Reserve,Nature,Ratnapura,Ratnapura,3.6,1500,4000,6.4136,80.4969,Medium,UNESCO World Heritage rainforest,"rainforest,UNESCO,birds,nature",images/sinharaja_forest.jpg
84,Sinharaja Forest Reserve,Nature,Ratnapura,Ratnapura,3.2,1500,4000,6.4136,80.4969,Medium,UNESCO World Heritage rainforest,"rainforest,UNESCO,birds,nature",images/sinharaja_forest.jpg
85,Ratnapura Gem Museum,Historical,Ratnapura,Ratnapura,4.7,300,800,6.6833,80.3833,Low,Learn about Sri Lanka's gem industry,"gems,museum,culture,historical",
86,Maha Saman Devalaya,Religious,Ratnapura,Ratnapura,3.4,0,400,6.6833,80.3833,Low,Famous temple dedicated to God Saman,"temple,saman,religious,sacred",
87,Adams Peak,Religious,Ratnapura,Ratnapura,4,200,1000,6.8096,80.4994,Low,Sacred mountain with sunrise pilgrimage,"mountain,pilgrimage,sunrise,religious",
88,Adams Peak,Religious,Ratnapura,Ratnapura,3.8,200,1000,6.8096,80.4994,Low,Sacred mountain with sunrise pilgrimage,"mountain,pilgrimage,sunrise,religious",
89,Ratnapura Gem Museum,Historical,Ratnapura,Ratnapura,4.9,300,800,6.6833,80.3833,Low,Learn about Sri Lanka's gem industry,"gems,museum,culture,historical",
90,Adams Peak,Religious,Ratnapura,Ratnapura,3.4,200,1000,6.8096,80.4994,Low,Sacred mountain with sunrise pilgrimage,"mountain,pilgrimage,sunrise,religious",
91,Ratnapura Gem Museum,Historical,Ratnapura,Ratnapura,3.8,300,800,6.6833,80.3833,Low,Learn about Sri Lanka's gem industry,"gems,museum,culture,historical",
92,Udawalawe National Park,Wildlife,Ratnapura,Ratnapura,4.3,3000,8000,6.439,80.898,Medium,Best elephant watching in Sri Lanka,"elephant,wildlife,safari,nature",
93,Ratnapura Gem Museum,Historical,Ratnapura,Ratnapura,4.6,300,800,6.6833,80.3833,Low,Learn about Sri Lanka's gem industry,"gems,museum,culture,historical",
94,Sinharaja Forest Reserve,Nature,Ratnapura,Ratnapura,3.6,1500,4000,6.4136,80.4969,Medium,UNESCO World Heritage rainforest,"rainforest,UNESCO,birds,nature",images/sinharaja_forest.jpg
95,Sinharaja Forest Reserve,Nature,Ratnapura,Ratnapura,4.3,1500,4000,6.4136,80.4969,Medium,UNESCO World Heritage rainforest,"rainforest,UNESCO,birds,nature",images/sinharaja_forest.jpg
96,Pahanthudawa Falls,Nature,Ratnapura,Ratnapura,4.2,100,500,6.65,80.45,Low,Scenic waterfall in rainforest,"waterfall,rainforest,nature,scenic",
97,Adams Peak,Religious,Ratnapura,Ratnapura,3.2,200,1000,6.8096,80.4994,Low,Sacred mountain with sunrise pilgrimage,"mountain,pilgrimage,sunrise,religious",
98,Udawalawe National Park,Wildlife,Ratnapura,Ratnapura,5,3000,8000,6.439,80.898,Medium,Best elephant watching in Sri Lanka,"elephant,wildlife,safari,nature",
99,Ratnapura Gem Museum,Historical,Ratnapura,Ratnapura,5,300,800,6.6833,80.3833,Low,Learn about Sri Lanka's gem industry,"gems,museum,culture,historical",
100,Bopath Falls,Nature,Ratnapura,Ratnapura,4.1,200,700,6.7333,80.3667,Low,Beautiful heart-shaped waterfall,"waterfall,heartshaped,unique,nature",
101,Sinharaja Forest Reserve,Nature,Ratnapura,Ratnapura,4,1500,4000,6.4136,80.4969,Medium,UNESCO World Heritage rainforest,"rainforest,UNESCO,birds,nature",images/sinharaja_forest.jpg
102,Udawalawe National Park,Wildlife,Ratnapura,Ratnapura,4.9,3000,8000,6.439,80.898,Medium,Best elephant watching in Sri Lanka,"elephant,wildlife,safari,nature",
103,Sinharaja Forest Reserve,Nature,Ratnapura,Ratnapura,4.2,1500,4000,6.4136,80.4969,Medium,UNESCO World Heritage rainforest,"rainforest,UNESCO,birds,nature",images/sinharaja_forest.jpg
104,Bopath Falls,Nature,Ratnapura,Ratnapura,3,200,700,6.7333,80.3667,Low,Beautiful heart-shaped waterfall,"waterfall,heartshaped,unique,nature",
105,Bopath Falls,Nature,Ratnapura,Ratnapura,4.5,200,700,6.7333,80.3667,Low,Beautiful heart-shaped waterfall,"waterfall,heartshaped,unique,nature",
106,Sinharaja Forest Reserve,Nature,Ratnapura,Ratnapura,4.7,1500,4000,6.4136,80.4969,Medium,UNESCO World Heritage rainforest,"rainforest,UNESCO,birds,nature",images/sinharaja_forest.jpg
107,Adams Peak,Religious,Ratnapura,Ratnapura,4.8,200,1000,6.8096,80.4994,Low,Sacred mountain with sunrise pilgrimage,"mountain,pilgrimage,sunrise,religious",
108,Adams Peak,Religious,Ratnapura,Ratnapura,3.7,200,1000,6.8096,80.4994,Low,Sacred mountain with sunrise pilgrimage,"mountain,pilgrimage,sunrise,religious",
109,Sinharaja Forest Reserve,Nature,Ratnapura,Ratnapura,3.2,1500,4000,6.4136,80.4969,Medium,UNESCO World Heritage rainforest,"rainforest,UNESCO,birds,nature",images/sinharaja_forest.jpg
110,Pahanthudawa Falls,Nature,Ratnapura,Ratnapura,4.9,100,500,6.65,80.45,Low,Scenic waterfall in rainforest,"waterfall,rainforest,nature,scenic",
111,Udawalawe National Park,Wildlife,Ratnapura,Ratnapura,3.5,3000,8000,6.439,80.898,Medium,Best elephant watching in Sri Lanka,"elephant,wildlife,safari,nature",
112,Sinharaja Forest Reserve,Nature,Ratnapura,Ratnapura,4.9,1500,4000,6.4136,80.4969,Medium,UNESCO World Heritage rainforest,"rainforest,UNESCO,birds,nature",images/sinharaja_forest.jpg
113,Udawalawe National Park,Wildlife,Ratnapura,Ratnapura,4.4,3000,8000,6.439,80.898,Medium,Best elephant watching in Sri Lanka,"elephant,wildlife,safari,nature",
114,Pahanthudawa Falls,Nature,Ratnapura,Ratnapura,3.6,100,500,6.65,80.45,Low,Scenic waterfall in rainforest,"waterfall,rainforest,nature,scenic",
115,Pahanthudawa Falls,Nature,Ratnapura,Ratnapura,4.6,100,500,6.65,80.45,Low,Scenic waterfall in rainforest,"waterfall,rainforest,nature,scenic",
116,Ratnapura Gem Museum,Historical,Ratnapura,Ratnapura,4,300,800,6.6833,80.3833,Low,Learn about Sri Lanka's gem industry,"gems,museum,culture,historical",
117,Ratnapura Gem Museum,Historical,Ratnapura,Ratnapura,4.8,300,800,6.6833,80.3833,Low,Learn about Sri Lanka's gem industry,"gems,museum,culture,historical",
118,Udawalawe National Park,Wildlife,Ratnapura,Ratnapura,3.3,3000,8000,6.439,80.898,Medium,Best elephant watching in Sri Lanka,"elephant,wildlife,safari,nature",
119,Pahanthudawa Falls,Nature,Ratnapura,Ratnapura,4.7,100,500,6.65,80.45,Low,Scenic waterfall in rainforest,"waterfall,rainforest,nature,scenic",
120,Pahanthudawa Falls,Nature,Ratnapura,Ratnapura,3.6,100,500,6.65,80.45,Low,Scenic waterfall in rainforest,"waterfall,rainforest,nature,scenic",
121,Ratnapura Gem Museum,Historical,Ratnapura,Ratnapura,3.2,300,800,6.6833,80.3833,Low,Learn about Sri Lanka's gem industry,"gems,museum,culture,historical",
122,Maha Saman Devalaya,Religious,Ratnapura,Ratnapura,4.5,0,400,6.6833,80.3833,Low,Famous temple dedicated to God Saman,"temple,saman,religious,sacred",
123,Udawalawe National Park,Wildlife,Ratnapura,Ratnapura,3.3,3000,8000,6.439,80.898,Medium,Best elephant watching in Sri Lanka,"elephant,wildlife,safari,nature",
124,Sinharaja Forest Reserve,Nature,Ratnapura,Ratnapura,4.9,1500,4000,6.4136,80.4969,Medium,UNESCO World Heritage rainforest,"rainforest,UNESCO,birds,nature",images/sinharaja_forest.jpg
125,Ratnapura Gem Museum,Historical,Ratnapura,Ratnapura,3.9,300,800,6.6833,80.3833,Low,Learn about Sri Lanka's gem industry,"gems,museum,culture,historical",
126,Ratnapura Gem Museum,Historical,Ratnapura,Ratnapura,3.8,300,800,6.6833,80.3833,Low,Learn about Sri Lanka's gem industry,"gems,museum,culture,historical",
127,Pahanthudawa Falls,Nature,Ratnapura,Ratnapura,3.5,100,500,6.65,80.45,Low,Scenic waterfall in rainforest,"waterfall,rainforest,nature,scenic",
128,Udawalawe National Park,Wildlife,Ratnapura,Ratnapura,4.2,3000,8000,6.439,80.898,Medium,Best elephant watching in Sri Lanka,"elephant,wildlife,safari,nature",
129,Bopath Falls,Nature,Ratnapura,Ratnapura,3.8,200,700,6.7333,80.3667,Low,Beautiful heart-shaped waterfall,"waterfall,heartshaped,unique,nature",
130,Sinharaja Forest Reserve,Nature,Ratnapura,Ratnapura,4.1,1500,4000,6.4136,80.4969,Medium,UNESCO World Heritage rainforest,"rainforest,UNESCO,birds,nature",images/sinharaja_forest.jpg
131,Udawalawe National Park,Wildlife,Ratnapura,Ratnapura,4.8,3000,8000,6.439,80.898,Medium,Best elephant watching in Sri Lanka,"elephant,wildlife,safari,nature",
132,Maha Saman Devalaya,Religious,Ratnapura,Ratnapura,3.1,0,400,6.6833,80.3833,Low,Famous temple dedicated to God Saman,"temple,saman,religious,sacred",
133,Sinharaja Forest Reserve,Nature,Ratnapura,Ratnapura,4.8,1500,4000,6.4136,80.4969,Medium,UNESCO World Heritage rainforest,"rainforest,UNESCO,birds,nature",images/sinharaja_forest.jpg
134,Bopath Falls,Nature,Ratnapura,Ratnapura,3.5,200,700,6.7333,80.3667,Low,Beautiful heart-shaped waterfall,"waterfall,heartshaped,unique,nature",
135,Ratnapura Gem Museum,Historical,Ratnapura,Ratnapura,3.6,300,800,6.6833,80.3833,Low,Learn about Sri Lanka's gem industry,"gems,museum,culture,historical",
136,Maha Saman Devalaya,Religious,Ratnapura,Ratnapura,4.8,0,400,6.6833,80.3833,Low,Famous temple dedicated to God Saman,"temple,saman,religious,sacred",
137,Bopath Falls,Nature,Ratnapura,Ratnapura,3.7,200,700,6.7333,80.3667,Low,Beautiful heart-shaped waterfall,"waterfall,heartshaped,unique,nature",
138,Adams Peak,Religious,Ratnapura,Ratnapura,3.2,200,1000,6.8096,80.4994,Low,Sacred mountain with sunrise pilgrimage,"mountain,pilgrimage,sunrise,religious",
139,Maha Saman Devalaya,Religious,Ratnapura,Ratnapura,3.6,0,400,6.6833,80.3833,Low,Famous temple dedicated to God Saman,"temple,saman,religious,sacred",
140,Maha Saman Devalaya,Religious,Ratnapura,Ratnapura,3.4,0,400,6.6833,80.3833,Low,Famous temple dedicated to God Saman,"temple,saman,religious,sacred",
141,Sinharaja Forest Reserve,Nature,Ratnapura,Ratnapura,3.1,1500,4000,6.4136,80.4969,Medium,UNESCO World Heritage rainforest,"rainforest,UNESCO,birds,nature",images/sinharaja_forest.jpg
142,Pahanthudawa Falls,Nature,Ratnapura,Ratnapura,3.7,100,500,6.65,80.45,Low,Scenic waterfall in rainforest,"waterfall,rainforest,nature,scenic",
143,Sinharaja Forest Reserve,Nature,Ratnapura,Ratnapura,4.6,1500,4000,6.4136,80.4969,Medium,UNESCO World Heritage rainforest,"rainforest,UNESCO,birds,nature",images/sinharaja_forest.jpg
144,Adams Peak,Religious,Ratnapura,Ratnapura,3,200,1000,6.8096,80.4994,Low,Sacred mountain with sunrise pilgrimage,"mountain,pilgrimage,sunrise,religious",
145,Pahanthudawa Falls,Nature,Ratnapura,Ratnapura,3,100,500,6.65,80.45,Low,Scenic waterfall in rainforest,"waterfall,rainforest,nature,scenic",
146,Udawalawe National Park,Wildlife,Ratnapura,Ratnapura,3.4,3000,8000,6.439,80.898,Medium,Best elephant watching in Sri Lanka,"elephant,wildlife,safari,nature",
147,Bopath Falls,Nature,Ratnapura,Ratnapura,4.6,200,700,6.7333,80.3667,Low,Beautiful heart-shaped waterfall,"waterfall,heartshaped,unique,nature",
148,Sinharaja Forest Reserve,Nature,Ratnapura,Ratnapura,4.1,1500,4000,6.4136,80.4969,Medium,UNESCO World Heritage rainforest,"rainforest,UNESCO,birds,nature",images/sinharaja_forest.jpg
149,Ratnapura Gem Museum,Historical,Ratnapura,Ratnapura,3.6,300,800,6.6833,80.3833,Low,Learn about Sri Lanka's gem industry,"gems,museum,culture,historical",
150,Sinharaja Forest Reserve,Nature,Ratnapura,Ratnapura,4.1,1500,4000,6.4136,80.4969,Medium,UNESCO World Heritage rainforest,"rainforest,UNESCO,birds,nature",images/sinharaja_forest.jpg
151,Adams Peak,Religious,Ratnapura,Ratnapura,4.1,200,1000,6.8096,80.4994,Low,Sacred mountain with sunrise pilgrimage,"mountain,pilgrimage,sunrise,religious",
152,Pahanthudawa Falls,Nature,Ratnapura,Ratnapura,4.2,100,500,6.65,80.45,Low,Scenic waterfall in rainforest,"waterfall,rainforest,nature,scenic",
153,Maha Saman Devalaya,Religious,Ratnapura,Ratnapura,4.7,0,400,6.6833,80.3833,Low,Famous temple dedicated to God Saman,"temple,saman,religious,sacred",
154,Adams Peak,Religious,Ratnapura,Ratnapura,4.1,200,1000,6.8096,80.4994,Low,Sacred mountain with sunrise pilgrimage,"mountain,pilgrimage,sunrise,religious",
155,Pahanthudawa Falls,Nature,Ratnapura,Ratnapura,3.8,100,500,6.65,80.45,Low,Scenic waterfall in rainforest,"waterfall,rainforest,nature,scenic",
156,Maha Saman Devalaya,Religious,Ratnapura,Ratnapura,3.9,0,400,6.6833,80.3833,Low,Famous temple dedicated to God Saman,"temple,saman,religious,sacred",
157,Maha Saman Devalaya,Religious,Ratnapura,Ratnapura,3.6,0,400,6.6833,80.3833,Low,Famous temple dedicated to God Saman,"temple,saman,religious,sacred",
158,Sinharaja Forest Reserve,Nature,Ratnapura,Ratnapura,3.1,1500,4000,6.4136,80.4969,Medium,UNESCO World Heritage rainforest,"rainforest,UNESCO,birds,nature",images/sinharaja_forest.jpg
159,Ratnapura Gem Museum,Historical,Ratnapura,Ratnapura,4,300,800,6.6833,80.3833,Low,Learn about Sri Lanka's gem industry,"gems,museum,culture,historical",
160,Udawalawe National Park,Wildlife,Ratnapura,Ratnapura,3.8,3000,8000,6.439,80.898,Medium,Best elephant watching in Sri Lanka,"elephant,wildlife,safari,nature",
161,Adams Peak,Religious,Ratnapura,Ratnapura,3.9,200,1000,6.8096,80.4994,Low,Sacred mountain with sunrise pilgrimage,"mountain,pilgrimage,sunrise,religious",
162,Bopath Falls,Nature,Ratnapura,Ratnapura,3.7,200,700,6.7333,80.3667,Low,Beautiful heart-shaped waterfall,"waterfall,heartshaped,unique,nature",
163,Ratnapura Gem Museum,Historical,Ratnapura,Ratnapura,3.5,300,800,6.6833,80.3833,Low,Learn about Sri Lanka's gem industry,"gems,museum,culture,historical",
164,Adams Peak,Religious,Ratnapura,Ratnapura,3.6,200,1000,6.8096,80.4994,Low,Sacred mountain with sunrise pilgrimage,"mountain,pilgrimage,sunrise,religious",
165,Pahanthudawa Falls,Nature,Ratnapura,Ratnapura,4.6,100,500,6.65,80.45,Low,Scenic waterfall in rainforest,"waterfall,rainforest,nature,scenic",
166,Bopath Falls,Nature,Ratnapura,Ratnapura,5,200,700,6.7333,80.3667,Low,Beautiful heart-shaped waterfall,"waterfall,heartshaped,unique,nature",
167,Ratnapura Gem Museum,Historical,Ratnapura,Ratnapura,3.6,300,800,6.6833,80.3833,Low,Learn about Sri Lanka's gem industry,"gems,museum,culture,historical",
168,Maha Saman Devalaya,Religious,Ratnapura,Ratnapura,4.9,0,400,6.6833,80.3833,Low,Famous temple dedicated to God Saman,"temple,saman,religious,sacred",
169,Adams Peak,Religious,Ratnapura,Ratnapura,4.8,200,1000,6.8096,80.4994,Low,Sacred mountain with sunrise pilgrimage,"mountain,pilgrimage,sunrise,religious",
170,Bopath Falls,Nature,Ratnapura,Ratnapura,3.1,200,700,6.7333,80.3667,Low,Beautiful heart-shaped waterfall,"waterfall,heartshaped,unique,nature",
171,Pahanthudawa Falls,Nature,Ratnapura,Ratnapura,3,100,500,6.65,80.45,Low,Scenic waterfall in rainforest,"waterfall,rainforest,nature,scenic",
172,Ratnapura Gem Museum,Historical,Ratnapura,Ratnapura,3.2,300,800,6.6833,80.3833,Low,Learn about Sri Lanka's gem industry,"gems,museum,culture,historical",
173,Maha Saman Devalaya,Religious,Ratnapura,Ratnapura,3.8,0,400,6.6833,80.3833,Low,Famous temple dedicated to God Saman,"temple,saman,religious,sacred",
174,Udawalawe National Park,Wildlife,Ratnapura,Ratnapura,3.5,3000,8000,6.439,80.898,Medium,Best elephant watching in Sri Lanka,"elephant,wildlife,safari,nature",
175,Maha Saman Devalaya,Religious,Ratnapura,Ratnapura,3.7,0,400,6.6833,80.3833,Low,Famous temple dedicated to God Saman,"temple,saman,religious,sacred",
176,Adams Peak,Religious,Ratnapura,Ratnapura,4.1,200,1000,6.8096,80.4994,Low,Sacred mountain with sunrise pilgrimage,"mountain,pilgrimage,sunrise,religious",
177,Udawalawe National Park,Wildlife,Ratnapura,Ratnapura,4,3000,8000,6.439,80.898,Medium,Best elephant watching in Sri Lanka,"elephant,wildlife,safari,nature",
178,Adams Peak,Religious,Ratnapura,Ratnapura,3.8,200,1000,6.8096,80.4994,Low,Sacred mountain with sunrise pilgrimage,"mountain,pilgrimage,sunrise,religious",
179,Pahanthudawa Falls,Nature,Ratnapura,Ratnapura,5,100,500,6.65,80.45,Low,Scenic waterfall in rainforest,"waterfall,rainforest,nature,scenic",
180,Ratnapura Gem Museum,Historical,Ratnapura,Ratnapura,4.7,300,800,6.6833,80.3833,Low,Learn about Sri Lanka's gem industry,"gems,museum,culture,historical",
181,Adams Peak,Religious,Ratnapura,Ratnapura,4.7,200,1000,6.8096,80.4994,Low,Sacred mountain with sunrise pilgrimage,"mountain,pilgrimage,sunrise,religious",
182,Bopath Falls,Nature,Ratnapura,Ratnapura,3.2,200,700,6.7333,80.3667,Low,Beautiful heart-shaped waterfall,"waterfall,heartshaped,unique,nature",
183,Sinharaja Forest Reserve,Nature,Ratnapura,Ratnapura,3.1,1500,4000,6.4136,80.4969,Medium,UNESCO World Heritage rainforest,"rainforest,UNESCO,birds,nature",images/sinharaja_forest.jpg
184,Adams Peak,Religious,Ratnapura,Ratnapura,3.3,200,1000,6.8096,80.4994,Low,Sacred mountain with sunrise pilgrimage,"mountain,pilgrimage,sunrise,religious",
185,Udawalawe National Park,Wildlife,Ratnapura,Ratnapura,4.7,3000,8000,6.439,80.898,Medium,Best elephant watching in Sri Lanka,"elephant,wildlife,safari,nature",
186,Pahanthudawa Falls,Nature,Ratnapura,Ratnapura,3.9,100,500,6.65,80.45,Low,Scenic waterfall in rainforest,"waterfall,rainforest,nature,scenic",
187,Sinharaja Forest Reserve,Nature,Ratnapura,Ratnapura,3.2,1500,4000,6.4136,80.4969,Medium,UNESCO World Heritage rainforest,"rainforest,UNESCO,birds,nature",images/sinharaja_forest.jpg
188,Pahanthudawa Falls,Nature,Ratnapura,Ratnapura,4.8,100,500,6.65,80.45,Low,Scenic waterfall in rainforest,"waterfall,rainforest,nature,scenic",
189,Udawalawe National Park,Wildlife,Ratnapura,Ratnapura,4.6,3000,8000,6.439,80.898,Medium,Best elephant watching in Sri Lanka,"elephant,wildlife,safari,nature",
190,Bopath Falls,Nature,Ratnapura,Ratnapura,5,200,700,6.7333,80.3667,Low,Beautiful heart-shaped waterfall,"waterfall,heartshaped,unique,nature",
191,Pahanthudawa Falls,Nature,Ratnapura,Ratnapura,4.7,100,500,6.65,80.45,Low,Scenic waterfall in rainforest,"waterfall,rainforest,nature,scenic",
192,Udawalawe National Park,Wildlife,Ratnapura,Ratnapura,4.8,3000,8000,6.439,80.898,Medium,Best elephant watching in Sri Lanka,"elephant,wildlife,safari,nature",
193,Adams Peak,Religious,Ratnapura,Ratnapura,3.2,200,1000,6.8096,80.4994,Low,Sacred mountain with sunrise pilgrimage,"mountain,pilgrimage,sunrise,religious",
194,Udawalawe National Park,Wildlife,Ratnapura,Ratnapura,3.2,3000,8000,6.439,80.898,Medium,Best elephant watching in Sri Lanka,"elephant,wildlife,safari,nature",
195,Udawalawe National Park,Wildlife,Ratnapura,Ratnapura,4.4,3000,8000,6.439,80.898,Medium,Best elephant watching in Sri Lanka,"elephant,wildlife,safari,nature",
196,Maha Saman Devalaya,Religious,Ratnapura,Ratnapura,4.6,0,400,6.6833,80.3833,Low,Famous temple dedicated to God Saman,"temple,saman,religious,sacred",
197,Udawalawe National Park,Wildlife,Ratnapura,Ratnapura,4.4,3000,8000,6.439,80.898,Medium,Best elephant watching in Sri Lanka,"elephant,wildlife,safari,nature",
198,Sinharaja Forest Reserve,Nature,Ratnapura,Ratnapura,4.2,1500,4000,6.4136,80.4969,Medium,UNESCO World Heritage rainforest,"rainforest,UNESCO,birds,nature",images/sinharaja_forest.jpg
199,Adams Peak,Religious,Ratnapura,Ratnapura,3.3,200,1000,6.8096,80.4994,Low,Sacred mountain with sunrise pilgrimage,"mountain,pilgrimage,sunrise,religious",
200,Maha Saman Devalaya,Religious,Ratnapura,Ratnapura,3.3,0,400,6.6833,80.3833,Low,Famous temple dedicated to God Saman,"temple,saman,religious,sacred",
201,Bopath Falls,Nature,Ratnapura,Ratnapura,4.8,200,700,6.7333,80.3667,Low,Beautiful heart-shaped waterfall,"waterfall,heartshaped,unique,nature",
202,Ratnapura Gem Museum,Historical,Ratnapura,Ratnapura,4.3,300,800,6.6833,80.3833,Low,Learn about Sri Lanka's gem industry,"gems,museum,culture,historical",
203,Pahanthudawa Falls,Nature,Ratnapura,Ratnapura,3.2,100,500,6.65,80.45,Low,Scenic waterfall in rainforest,"waterfall,rainforest,nature,scenic",
204,Bopath Falls,Nature,Ratnapura,Ratnapura,3.5,200,700,6.7333,80.3667,Low,Beautiful heart-shaped waterfall,"waterfall,heartshaped,unique,nature",
205,Ratnapura Gem Museum,Historical,Ratnapura,Ratnapura,4.3,300,800,6.6833,80.3833,Low,Learn about Sri Lanka's gem industry,"gems,museum,culture,historical",
206,Udawalawe National Park,Wildlife,Ratnapura,Ratnapura,3.6,3000,8000,6.439,80.898,Medium,Best elephant watching in Sri Lanka,"elephant,wildlife,safari,nature",
207,Pahanthudawa Falls,Nature,Ratnapura,Ratnapura,4,100,500,6.65,80.45,Low,Scenic waterfall in rainforest,"waterfall,rainforest,nature,scenic",
208,Adams Peak,Religious,Ratnapura,Ratnapura,3.5,200,1000,6.8096,80.4994,Low,Sacred mountain with sunrise pilgrimage,"mountain,pilgrimage,sunrise,religious",
209,Udawalawe National Park,Wildlife,Ratnapura,Ratnapura,4.4,3000,8000,6.439,80.898,Medium,Best elephant watching in Sri Lanka,"elephant,wildlife,safari,nature",
210,Udawalawe National Park,Wildlife,Ratnapura,Ratnapura,4.1,3000,8000,6.439,80.898,Medium,Best elephant watching in Sri Lanka,"elephant,wildlife,safari,nature",
211,Maha Saman Devalaya,Religious,Ratnapura,Ratnapura,3.5,0,400,6.6833,80.3833,Low,Famous temple dedicated to God Saman,"temple,saman,religious,sacred",
212,Pahanthudawa Falls,Nature,Ratnapura,Ratnapura,4.5,100,500,6.65,80.45,Low,Scenic waterfall in rainforest,"waterfall,rainforest,nature,scenic",
213,Sinharaja Forest Reserve,Nature,Ratnapura,Ratnapura,4.4,1500,4000,6.4136,80.4969,Medium,UNESCO World Heritage rainforest,"rainforest,UNESCO,birds,nature",images/sinharaja_forest.jpg
214,Adams Peak,Religious,Ratnapura,Ratnapura,4.9,200,1000,6.8096,80.4994,Low,Sacred mountain with sunrise pilgrimage,"mountain,pilgrimage,sunrise,religious",
215,Adams Peak,Religious,Ratnapura,Ratnapura,3.4,200,1000,6.8096,80.4994,Low,Sacred mountain with sunrise pilgrimage,"mountain,pilgrimage,sunrise,religious",
216,Pahanthudawa Falls,Nature,Ratnapura,Ratnapura,3.4,100,500,6.65,80.45,Low,Scenic waterfall in rainforest,"waterfall,rainforest,nature,scenic",
217,Maha Saman Devalaya,Religious,Ratnapura,Ratnapura,3.8,0,400,6.6833,80.3833,Low,Famous temple dedicated to God Saman,"temple,saman,religious,sacred",
218,Ratnapura Gem Museum,Historical,Ratnapura,Ratnapura,3.2,300,800,6.6833,80.3833,Low,Learn about Sri Lanka's gem industry,"gems,museum,culture,historical",
219,Sinharaja Forest Reserve,Nature,Ratnapura,Ratnapura,4.6,1500,4000,6.4136,80.4969,Medium,UNESCO World Heritage rainforest,"rainforest,UNESCO,birds,nature",images/sinharaja_forest.jpg
220,Maha Saman Devalaya,Religious,Ratnapura,Ratnapura,4.1,0,400,6.6833,80.3833,Low,Famous temple dedicated to God Saman,"temple,saman,religious,sacred",
1,Nilaveli Beach,Beach,Trincomalee,Trincomalee,4.1,500,2000,8.7167,81.2167,Low,One of Sri Lanka's most beautiful beaches with clear water,"beach,clear,scenic,snorkeling",
2,Koneswaram Temple,Religious,Trincomalee,Trincomalee,4.2,0,500,8.5753,81.2327,Low,Ancient Hindu temple on Swami Rock cliff,"temple,hindu,cliff,scenic,religious",
3,Trincomalee Natural Harbour,Nature,Trincomalee,Trincomalee,3.9,200,800,8.5922,81.1996,Low,One of world's finest natural harbours,"harbour,scenic,nature,historic",
4,Pigeon Island,Wildlife,Trincomalee,Trincomalee,4,1500,4000,8.75,81.2167,Medium,Marine national park with coral reefs and reef sharks,"coral,marine,snorkeling,fish,wildlife",
5,Fort Frederick,Historical,Trincomalee,Trincomalee,4.4,0,500,8.5753,81.2327,Low,Dutch fort with resident deer - unique experience,"fort,deer,colonial,historical",
6,Marble Beach,Beach,Trincomalee,Trincomalee,4.4,300,1000,8.5333,81.2667,Low,Clean beach near naval base with calm waters,"beach,calm,scenic,peaceful",
7,Hot Springs Kanniya,Nature,Trincomalee,Trincomalee,3.9,200,600,8.6,81.1833,Low,Ancient hot water springs with historical significance,"hotspring,ancient,nature,unique",
8,Seruwila Temple,Religious,Trincomalee,Trincomalee,4,300,800,8.3,81.1,Low,Ancient Buddhist temple near Trincomalee,"temple,buddhist,ancient,religious",
9,Dutch Bay,Beach,Trincomalee,Trincomalee,3.9,200,800,8.5667,81.2167,Low,Calm bay with good swimming conditions,"beach,bay,calm,scenic",
10,Whale Watching Trincomalee,Wildlife,Trincomalee,Trincomalee,4.5,5000,12000,8.5922,81.1996,High,Best whale watching spot in Sri Lanka,"whale,dolphin,ocean,wildlife",
11,Seruwila Temple,Religious,Trincomalee,Trincomalee,3.6,300,800,8.3,81.1,Low,Ancient Buddhist temple near Trincomalee,"temple,buddhist,ancient,religious",
12,Hot Springs Kanniya,Nature,Trincomalee,Trincomalee,4.4,200,600,8.6,81.1833,Low,Ancient hot water springs with historical significance,"hotspring,ancient,nature,unique",
13,Fort Frederick,Historical,Trincomalee,Trincomalee,4.4,0,500,8.5753,81.2327,Low,Dutch fort with resident deer - unique experience,"fort,deer,colonial,historical",
14,Fort Frederick,Historical,Trincomalee,Trincomalee,3.7,0,500,8.5753,81.2327,Low,Dutch fort with resident deer - unique experience,"fort,deer,colonial,historical",
15,Pigeon Island,Wildlife,Trincomalee,Trincomalee,3.4,1500,4000,8.75,81.2167,Medium,Marine national park with coral reefs and reef sharks,"coral,marine,snorkeling,fish,wildlife",
16,Trincomalee Natural Harbour,Nature,Trincomalee,Trincomalee,4,200,800,8.5922,81.1996,Low,One of world's finest natural harbours,"harbour,scenic,nature,historic",
17,Seruwila Temple,Religious,Trincomalee,Trincomalee,4.5,300,800,8.3,81.1,Low,Ancient Buddhist temple near Trincomalee,"temple,buddhist,ancient,religious",
18,Whale Watching Trincomalee,Wildlife,Trincomalee,Trincomalee,3.7,5000,12000,8.5922,81.1996,High,Best whale watching spot in Sri Lanka,"whale,dolphin,ocean,wildlife",
19,Dutch Bay,Beach,Trincomalee,Trincomalee,4.8,200,800,8.5667,81.2167,Low,Calm bay with good swimming conditions,"beach,bay,calm,scenic",
20,Dutch Bay,Beach,Trincomalee,Trincomalee,4.6,200,800,8.5667,81.2167,Low,Calm bay with good swimming conditions,"beach,bay,calm,scenic",
21,Pigeon Island,Wildlife,Trincomalee,Trincomalee,4.5,1500,4000,8.75,81.2167,Medium,Marine national park with coral reefs and reef sharks,"coral,marine,snorkeling,fish,wildlife",
22,Whale Watching Trincomalee,Wildlife,Trincomalee,Trincomalee,4.7,5000,12000,8.5922,81.1996,High,Best whale watching spot in Sri Lanka,"whale,dolphin,ocean,wildlife",
23,Koneswaram Temple,Religious,Trincomalee,Trincomalee,4.1,0,500,8.5753,81.2327,Low,Ancient Hindu temple on Swami Rock cliff,"temple,hindu,cliff,scenic,religious",
24,Dutch Bay,Beach,Trincomalee,Trincomalee,4.4,200,800,8.5667,81.2167,Low,Calm bay with good swimming conditions,"beach,bay,calm,scenic",
25,Koneswaram Temple,Religious,Trincomalee,Trincomalee,4.8,0,500,8.5753,81.2327,Low,Ancient Hindu temple on Swami Rock cliff,"temple,hindu,cliff,scenic,religious",
26,Koneswaram Temple,Religious,Trincomalee,Trincomalee,3.1,0,500,8.5753,81.2327,Low,Ancient Hindu temple on Swami Rock cliff,"temple,hindu,cliff,scenic,religious",
27,Dutch Bay,Beach,Trincomalee,Trincomalee,4.8,200,800,8.5667,81.2167,Low,Calm bay with good swimming conditions,"beach,bay,calm,scenic",
28,Pigeon Island,Wildlife,Trincomalee,Trincomalee,4.1,1500,4000,8.75,81.2167,Medium,Marine national park with coral reefs and reef sharks,"coral,marine,snorkeling,fish,wildlife",
29,Trincomalee Natural Harbour,Nature,Trincomalee,Trincomalee,3.3,200,800,8.5922,81.1996,Low,One of world's finest natural harbours,"harbour,scenic,nature,historic",
30,Dutch Bay,Beach,Trincomalee,Trincomalee,3.9,200,800,8.5667,81.2167,Low,Calm bay with good swimming conditions,"beach,bay,calm,scenic",
31,Pigeon Island,Wildlife,Trincomalee,Trincomalee,4.4,1500,4000,8.75,81.2167,Medium,Marine national park with coral reefs and reef sharks,"coral,marine,snorkeling,fish,wildlife",
32,Seruwila Temple,Religious,Trincomalee,Trincomalee,3.2,300,800,8.3,81.1,Low,Ancient Buddhist temple near Trincomalee,"temple,buddhist,ancient,religious",
33,Dutch Bay,Beach,Trincomalee,Trincomalee,3.9,200,800,8.5667,81.2167,Low,Calm bay with good swimming conditions,"beach,bay,calm,scenic",
34,Nilaveli Beach,Beach,Trincomalee,Trincomalee,3.9,500,2000,8.7167,81.2167,Low,One of Sri Lanka's most beautiful beaches with clear water,"beach,clear,scenic,snorkeling",
35,Dutch Bay,Beach,Trincomalee,Trincomalee,3.8,200,800,8.5667,81.2167,Low,Calm bay with good swimming conditions,"beach,bay,calm,scenic",
36,Whale Watching Trincomalee,Wildlife,Trincomalee,Trincomalee,3.1,5000,12000,8.5922,81.1996,High,Best whale watching spot in Sri Lanka,"whale,dolphin,ocean,wildlife",
37,Seruwila Temple,Religious,Trincomalee,Trincomalee,4.3,300,800,8.3,81.1,Low,Ancient Buddhist temple near Trincomalee,"temple,buddhist,ancient,religious",
38,Fort Frederick,Historical,Trincomalee,Trincomalee,4.4,0,500,8.5753,81.2327,Low,Dutch fort with resident deer - unique experience,"fort,deer,colonial,historical",
39,Hot Springs Kanniya,Nature,Trincomalee,Trincomalee,3.5,200,600,8.6,81.1833,Low,Ancient hot water springs with historical significance,"hotspring,ancient,nature,unique",
40,Nilaveli Beach,Beach,Trincomalee,Trincomalee,4.5,500,2000,8.7167,81.2167,Low,One of Sri Lanka's most beautiful beaches with clear water,"beach,clear,scenic,snorkeling",
41,Whale Watching Trincomalee,Wildlife,Trincomalee,Trincomalee,3.1,5000,12000,8.5922,81.1996,High,Best whale watching spot in Sri Lanka,"whale,dolphin,ocean,wildlife",
42,Hot Springs Kanniya,Nature,Trincomalee,Trincomalee,3.7,200,600,8.6,81.1833,Low,Ancient hot water springs with historical significance,"hotspring,ancient,nature,unique",
43,Koneswaram Temple,Religious,Trincomalee,Trincomalee,4.1,0,500,8.5753,81.2327,Low,Ancient Hindu temple on Swami Rock cliff,"temple,hindu,cliff,scenic,religious",
44,Nilaveli Beach,Beach,Trincomalee,Trincomalee,4.9,500,2000,8.7167,81.2167,Low,One of Sri Lanka's most beautiful beaches with clear water,"beach,clear,scenic,snorkeling",
45,Koneswaram Temple,Religious,Trincomalee,Trincomalee,5,0,500,8.5753,81.2327,Low,Ancient Hindu temple on Swami Rock cliff,"temple,hindu,cliff,scenic,religious",
46,Seruwila Temple,Religious,Trincomalee,Trincomalee,3.1,300,800,8.3,81.1,Low,Ancient Buddhist temple near Trincomalee,"temple,buddhist,ancient,religious",
47,Hot Springs Kanniya,Nature,Trincomalee,Trincomalee,3.4,200,600,8.6,81.1833,Low,Ancient hot water springs with historical significance,"hotspring,ancient,nature,unique",
48,Trincomalee Natural Harbour,Nature,Trincomalee,Trincomalee,4.5,200,800,8.5922,81.1996,Low,One of world's finest natural harbours,"harbour,scenic,nature,historic",
49,Hot Springs Kanniya,Nature,Trincomalee,Trincomalee,3.7,200,600,8.6,81.1833,Low,Ancient hot water springs with historical significance,"hotspring,ancient,nature,unique",
50,Hot Springs Kanniya,Nature,Trincomalee,Trincomalee,3.9,200,600,8.6,81.1833,Low,Ancient hot water springs with historical significance,"hotspring,ancient,nature,unique",
51,Hot Springs Kanniya,Nature,Trincomalee,Trincomalee,3.8,200,600,8.6,81.1833,Low,Ancient hot water springs with historical significance,"hotspring,ancient,nature,unique",
52,Dutch Bay,Beach,Trincomalee,Trincomalee,3.3,200,800,8.5667,81.2167,Low,Calm bay with good swimming conditions,"beach,bay,calm,scenic",
53,Marble Beach,Beach,Trincomalee,Trincomalee,3.2,300,1000,8.5333,81.2667,Low,Clean beach near naval base with calm waters,"beach,calm,scenic,peaceful",
54,Dutch Bay,Beach,Trincomalee,Trincomalee,3.8,200,800,8.5667,81.2167,Low,Calm bay with good swimming conditions,"beach,bay,calm,scenic",
55,Trincomalee Natural Harbour,Nature,Trincomalee,Trincomalee,4.5,200,800,8.5922,81.1996,Low,One of world's finest natural harbours,"harbour,scenic,nature,historic",
56,Pigeon Island,Wildlife,Trincomalee,Trincomalee,4.7,1500,4000,8.75,81.2167,Medium,Marine national park with coral reefs and reef sharks,"coral,marine,snorkeling,fish,wildlife",
57,Nilaveli Beach,Beach,Trincomalee,Trincomalee,5,500,2000,8.7167,81.2167,Low,One of Sri Lanka's most beautiful beaches with clear water,"beach,clear,scenic,snorkeling",
58,Seruwila Temple,Religious,Trincomalee,Trincomalee,4.3,300,800,8.3,81.1,Low,Ancient Buddhist temple near Trincomalee,"temple,buddhist,ancient,religious",
59,Dutch Bay,Beach,Trincomalee,Trincomalee,3.8,200,800,8.5667,81.2167,Low,Calm bay with good swimming conditions,"beach,bay,calm,scenic",
60,Hot Springs Kanniya,Nature,Trincomalee,Trincomalee,4.6,200,600,8.6,81.1833,Low,Ancient hot water springs with historical significance,"hotspring,ancient,nature,unique",
61,Pigeon Island,Wildlife,Trincomalee,Trincomalee,3.9,1500,4000,8.75,81.2167,Medium,Marine national park with coral reefs and reef sharks,"coral,marine,snorkeling,fish,wildlife",
62,Trincomalee Natural Harbour,Nature,Trincomalee,Trincomalee,3.6,200,800,8.5922,81.1996,Low,One of world's finest natural harbours,"harbour,scenic,nature,historic",
63,Koneswaram Temple,Religious,Trincomalee,Trincomalee,3.1,0,500,8.5753,81.2327,Low,Ancient Hindu temple on Swami Rock cliff,"temple,hindu,cliff,scenic,religious",
64,Hot Springs Kanniya,Nature,Trincomalee,Trincomalee,4.2,200,600,8.6,81.1833,Low,Ancient hot water springs with historical significance,"hotspring,ancient,nature,unique",
65,Nilaveli Beach,Beach,Trincomalee,Trincomalee,3.5,500,2000,8.7167,81.2167,Low,One of Sri Lanka's most beautiful beaches with clear water,"beach,clear,scenic,snorkeling",
66,Koneswaram Temple,Religious,Trincomalee,Trincomalee,3.2,0,500,8.5753,81.2327,Low,Ancient Hindu temple on Swami Rock cliff,"temple,hindu,cliff,scenic,religious",
67,Nilaveli Beach,Beach,Trincomalee,Trincomalee,3.9,500,2000,8.7167,81.2167,Low,One of Sri Lanka's most beautiful beaches with clear water,"beach,clear,scenic,snorkeling",
68,Nilaveli Beach,Beach,Trincomalee,Trincomalee,3.5,500,2000,8.7167,81.2167,Low,One of Sri Lanka's most beautiful beaches with clear water,"beach,clear,scenic,snorkeling",
69,Nilaveli Beach,Beach,Trincomalee,Trincomalee,3.8,500,2000,8.7167,81.2167,Low,One of Sri Lanka's most beautiful beaches with clear water,"beach,clear,scenic,snorkeling",
70,Pigeon Island,Wildlife,Trincomalee,Trincomalee,4.1,1500,4000,8.75,81.2167,Medium,Marine national park with coral reefs and reef sharks,"coral,marine,snorkeling,fish,wildlife",
71,Nilaveli Beach,Beach,Trincomalee,Trincomalee,3.3,500,2000,8.7167,81.2167,Low,One of Sri Lanka's most beautiful beaches with clear water,"beach,clear,scenic,snorkeling",
72,Fort Frederick,Historical,Trincomalee,Trincomalee,3.5,0,500,8.5753,81.2327,Low,Dutch fort with resident deer - unique experience,"fort,deer,colonial,historical",
73,Whale Watching Trincomalee,Wildlife,Trincomalee,Trincomalee,3.6,5000,12000,8.5922,81.1996,High,Best whale watching spot in Sri Lanka,"whale,dolphin,ocean,wildlife",
74,Whale Watching Trincomalee,Wildlife,Trincomalee,Trincomalee,4.5,5000,12000,8.5922,81.1996,High,Best whale watching spot in Sri Lanka,"whale,dolphin,ocean,wildlife",
75,Marble Beach,Beach,Trincomalee,Trincomalee,3.5,300,1000,8.5333,81.2667,Low,Clean beach near naval base with calm waters,"beach,calm,scenic,peaceful",
76,Trincomalee Natural Harbour,Nature,Trincomalee,Trincomalee,5,200,800,8.5922,81.1996,Low,One of world's finest natural harbours,"harbour,scenic,nature,historic",
77,Dutch Bay,Beach,Trincomalee,Trincomalee,3.4,200,800,8.5667,81.2167,Low,Calm bay with good swimming conditions,"beach,bay,calm,scenic",
78,Fort Frederick,Historical,Trincomalee,Trincomalee,3.6,0,500,8.5753,81.2327,Low,Dutch fort with resident deer - unique experience,"fort,deer,colonial,historical",
79,Dutch Bay,Beach,Trincomalee,Trincomalee,4.9,200,800,8.5667,81.2167,Low,Calm bay with good swimming conditions,"beach,bay,calm,scenic",
80,Trincomalee Natural Harbour,Nature,Trincomalee,Trincomalee,4.3,200,800,8.5922,81.1996,Low,One of world's finest natural harbours,"harbour,scenic,nature,historic",
81,Hot Springs Kanniya,Nature,Trincomalee,Trincomalee,4.1,200,600,8.6,81.1833,Low,Ancient hot water springs with historical significance,"hotspring,ancient,nature,unique",
82,Nilaveli Beach,Beach,Trincomalee,Trincomalee,4.9,500,2000,8.7167,81.2167,Low,One of Sri Lanka's most beautiful beaches with clear water,"beach,clear,scenic,snorkeling",
83,Hot Springs Kanniya,Nature,Trincomalee,Trincomalee,4.6,200,600,8.6,81.1833,Low,Ancient hot water springs with historical significance,"hotspring,ancient,nature,unique",
84,Marble Beach,Beach,Trincomalee,Trincomalee,4.4,300,1000,8.5333,81.2667,Low,Clean beach near naval base with calm waters,"beach,calm,scenic,peaceful",
85,Hot Springs Kanniya,Nature,Trincomalee,Trincomalee,3.3,200,600,8.6,81.1833,Low,Ancient hot water springs with historical significance,"hotspring,ancient,nature,unique",
86,Hot Springs Kanniya,Nature,Trincomalee,Trincomalee,3.4,200,600,8.6,81.1833,Low,Ancient hot water springs with historical significance,"hotspring,ancient,nature,unique",
87,Dutch Bay,Beach,Trincomalee,Trincomalee,3.9,200,800,8.5667,81.2167,Low,Calm bay with good swimming conditions,"beach,bay,calm,scenic",
88,Pigeon Island,Wildlife,Trincomalee,Trincomalee,3.6,1500,4000,8.75,81.2167,Medium,Marine national park with coral reefs and reef sharks,"coral,marine,snorkeling,fish,wildlife",
89,Trincomalee Natural Harbour,Nature,Trincomalee,Trincomalee,4.6,200,800,8.5922,81.1996,Low,One of world's finest natural harbours,"harbour,scenic,nature,historic",
90,Nilaveli Beach,Beach,Trincomalee,Trincomalee,4.1,500,2000,8.7167,81.2167,Low,One of Sri Lanka's most beautiful beaches with clear water,"beach,clear,scenic,snorkeling",
91,Hot Springs Kanniya,Nature,Trincomalee,Trincomalee,4.1,200,600,8.6,81.1833,Low,Ancient hot water springs with historical significance,"hotspring,ancient,nature,unique",
92,Trincomalee Natural Harbour,Nature,Trincomalee,Trincomalee,3.8,200,800,8.5922,81.1996,Low,One of world's finest natural harbours,"harbour,scenic,nature,historic",
93,Fort Frederick,Historical,Trincomalee,Trincomalee,3.4,0,500,8.5753,81.2327,Low,Dutch fort with resident deer - unique experience,"fort,deer,colonial,historical",
94,Koneswaram Temple,Religious,Trincomalee,Trincomalee,4.8,0,500,8.5753,81.2327,Low,Ancient Hindu temple on Swami Rock cliff,"temple,hindu,cliff,scenic,religious",
95,Marble Beach,Beach,Trincomalee,Trincomalee,3.2,300,1000,8.5333,81.2667,Low,Clean beach near naval base with calm waters,"beach,calm,scenic,peaceful",
96,Pigeon Island,Wildlife,Trincomalee,Trincomalee,3.1,1500,4000,8.75,81.2167,Medium,Marine national park with coral reefs and reef sharks,"coral,marine,snorkeling,fish,wildlife",
97,Hot Springs Kanniya,Nature,Trincomalee,Trincomalee,4.3,200,600,8.6,81.1833,Low,Ancient hot water springs with historical significance,"hotspring,ancient,nature,unique",
98,Whale Watching Trincomalee,Wildlife,Trincomalee,Trincomalee,3.1,5000,12000,8.5922,81.1996,High,Best whale watching spot in Sri Lanka,"whale,dolphin,ocean,wildlife",
99,Koneswaram Temple,Religious,Trincomalee,Trincomalee,3.4,0,500,8.5753,81.2327,Low,Ancient Hindu temple on Swami Rock cliff,"temple,hindu,cliff,scenic,religious",
100,Whale Watching Trincomalee,Wildlife,Trincomalee,Trincomalee,4.4,5000,12000,8.5922,81.1996,High,Best whale watching spot in Sri Lanka,"whale,dolphin,ocean,wildlife",
101,Dutch Bay,Beach,Trincomalee,Trincomalee,3.4,200,800,8.5667,81.2167,Low,Calm bay with good swimming conditions,"beach,bay,calm,scenic",
102,Pigeon Island,Wildlife,Trincomalee,Trincomalee,4.7,1500,4000,8.75,81.2167,Medium,Marine national park with coral reefs and reef sharks,"coral,marine,snorkeling,fish,wildlife",
103,Marble Beach,Beach,Trincomalee,Trincomalee,3.6,300,1000,8.5333,81.2667,Low,Clean beach near naval base with calm waters,"beach,calm,scenic,peaceful",
104,Nilaveli Beach,Beach,Trincomalee,Trincomalee,3.4,500,2000,8.7167,81.2167,Low,One of Sri Lanka's most beautiful beaches with clear water,"beach,clear,scenic,snorkeling",
105,Pigeon Island,Wildlife,Trincomalee,Trincomalee,4.9,1500,4000,8.75,81.2167,Medium,Marine national park with coral reefs and reef sharks,"coral,marine,snorkeling,fish,wildlife",
106,Koneswaram Temple,Religious,Trincomalee,Trincomalee,4.5,0,500,8.5753,81.2327,Low,Ancient Hindu temple on Swami Rock cliff,"temple,hindu,cliff,scenic,religious",
107,Seruwila Temple,Religious,Trincomalee,Trincomalee,4.8,300,800,8.3,81.1,Low,Ancient Buddhist temple near Trincomalee,"temple,buddhist,ancient,religious",
108,Whale Watching Trincomalee,Wildlife,Trincomalee,Trincomalee,4.4,5000,12000,8.5922,81.1996,High,Best whale watching spot in Sri Lanka,"whale,dolphin,ocean,wildlife",
109,Hot Springs Kanniya,Nature,Trincomalee,Trincomalee,4.8,200,600,8.6,81.1833,Low,Ancient hot water springs with historical significance,"hotspring,ancient,nature,unique",
110,Dutch Bay,Beach,Trincomalee,Trincomalee,3.6,200,800,8.5667,81.2167,Low,Calm bay with good swimming conditions,"beach,bay,calm,scenic",
111,Fort Frederick,Historical,Trincomalee,Trincomalee,3.8,0,500,8.5753,81.2327,Low,Dutch fort with resident deer - unique experience,"fort,deer,colonial,historical",
112,Dutch Bay,Beach,Trincomalee,Trincomalee,4.3,200,800,8.5667,81.2167,Low,Calm bay with good swimming conditions,"beach,bay,calm,scenic",
113,Fort Frederick,Historical,Trincomalee,Trincomalee,3.5,0,500,8.5753,81.2327,Low,Dutch fort with resident deer - unique experience,"fort,deer,colonial,historical",
114,Dutch Bay,Beach,Trincomalee,Trincomalee,4.8,200,800,8.5667,81.2167,Low,Calm bay with good swimming conditions,"beach,bay,calm,scenic",
115,Seruwila Temple,Religious,Trincomalee,Trincomalee,3.2,300,800,8.3,81.1,Low,Ancient Buddhist temple near Trincomalee,"temple,buddhist,ancient,religious",
116,Seruwila Temple,Religious,Trincomalee,Trincomalee,4.5,300,800,8.3,81.1,Low,Ancient Buddhist temple near Trincomalee,"temple,buddhist,ancient,religious",
117,Marble Beach,Beach,Trincomalee,Trincomalee,4.8,300,1000,8.5333,81.2667,Low,Clean beach near naval base with calm waters,"beach,calm,scenic,peaceful",
118,Marble Beach,Beach,Trincomalee,Trincomalee,3.6,300,1000,8.5333,81.2667,Low,Clean beach near naval base with calm waters,"beach,calm,scenic,peaceful",
119,Nilaveli Beach,Beach,Trincomalee,Trincomalee,4.1,500,2000,8.7167,81.2167,Low,One of Sri Lanka's most beautiful beaches with clear water,"beach,clear,scenic,snorkeling",
120,Pigeon Island,Wildlife,Trincomalee,Trincomalee,4.5,1500,4000,8.75,81.2167,Medium,Marine national park with coral reefs and reef sharks,"coral,marine,snorkeling,fish,wildlife",
121,Nilaveli Beach,Beach,Trincomalee,Trincomalee,3.5,500,2000,8.7167,81.2167,Low,One of Sri Lanka's most beautiful beaches with clear water,"beach,clear,scenic,snorkeling",
122,Whale Watching Trincomalee,Wildlife,Trincomalee,Trincomalee,4.2,5000,12000,8.5922,81.1996,High,Best whale watching spot in Sri Lanka,"whale,dolphin,ocean,wildlife",
123,Hot Springs Kanniya,Nature,Trincomalee,Trincomalee,3.6,200,600,8.6,81.1833,Low,Ancient hot water springs with historical significance,"hotspring,ancient,nature,unique",
124,Pigeon Island,Wildlife,Trincomalee,Trincomalee,3.7,1500,4000,8.75,81.2167,Medium,Marine national park with coral reefs and reef sharks,"coral,marine,snorkeling,fish,wildlife",
125,Hot Springs Kanniya,Nature,Trincomalee,Trincomalee,4.1,200,600,8.6,81.1833,Low,Ancient hot water springs with historical significance,"hotspring,ancient,nature,unique",
126,Pigeon Island,Wildlife,Trincomalee,Trincomalee,4,1500,4000,8.75,81.2167,Medium,Marine national park with coral reefs and reef sharks,"coral,marine,snorkeling,fish,wildlife",
127,Marble Beach,Beach,Trincomalee,Trincomalee,3.5,300,1000,8.5333,81.2667,Low,Clean beach near naval base with calm waters,"beach,calm,scenic,peaceful",
128,Seruwila Temple,Religious,Trincomalee,Trincomalee,4.9,300,800,8.3,81.1,Low,Ancient Buddhist temple near Trincomalee,"temple,buddhist,ancient,religious",
129,Seruwila Temple,Religious,Trincomalee,Trincomalee,3.9,300,800,8.3,81.1,Low,Ancient Buddhist temple near Trincomalee,"temple,buddhist,ancient,religious",
130,Marble Beach,Beach,Trincomalee,Trincomalee,3.3,300,1000,8.5333,81.2667,Low,Clean beach near naval base with calm waters,"beach,calm,scenic,peaceful",
131,Dutch Bay,Beach,Trincomalee,Trincomalee,4,200,800,8.5667,81.2167,Low,Calm bay with good swimming conditions,"beach,bay,calm,scenic",
132,Dutch Bay,Beach,Trincomalee,Trincomalee,5,200,800,8.5667,81.2167,Low,Calm bay with good swimming conditions,"beach,bay,calm,scenic",
133,Nilaveli Beach,Beach,Trincomalee,Trincomalee,4,500,2000,8.7167,81.2167,Low,One of Sri Lanka's most beautiful beaches with clear water,"beach,clear,scenic,snorkeling",
134,Koneswaram Temple,Religious,Trincomalee,Trincomalee,4.9,0,500,8.5753,81.2327,Low,Ancient Hindu temple on Swami Rock cliff,"temple,hindu,cliff,scenic,religious",
135,Nilaveli Beach,Beach,Trincomalee,Trincomalee,4.5,500,2000,8.7167,81.2167,Low,One of Sri Lanka's most beautiful beaches with clear water,"beach,clear,scenic,snorkeling",
136,Hot Springs Kanniya,Nature,Trincomalee,Trincomalee,3.3,200,600,8.6,81.1833,Low,Ancient hot water springs with historical significance,"hotspring,ancient,nature,unique",
137,Pigeon Island,Wildlife,Trincomalee,Trincomalee,3.1,1500,4000,8.75,81.2167,Medium,Marine national park with coral reefs and reef sharks,"coral,marine,snorkeling,fish,wildlife",
138,Trincomalee Natural Harbour,Nature,Trincomalee,Trincomalee,3,200,800,8.5922,81.1996,Low,One of world's finest natural harbours,"harbour,scenic,nature,historic",
139,Dutch Bay,Beach,Trincomalee,Trincomalee,3.9,200,800,8.5667,81.2167,Low,Calm bay with good swimming conditions,"beach,bay,calm,scenic",
140,Nilaveli Beach,Beach,Trincomalee,Trincomalee,4.2,500,2000,8.7167,81.2167,Low,One of Sri Lanka's most beautiful beaches with clear water,"beach,clear,scenic,snorkeling",
141,Whale Watching Trincomalee,Wildlife,Trincomalee,Trincomalee,4.8,5000,12000,8.5922,81.1996,High,Best whale watching spot in Sri Lanka,"whale,dolphin,ocean,wildlife",
142,Seruwila Temple,Religious,Trincomalee,Trincomalee,3,300,800,8.3,81.1,Low,Ancient Buddhist temple near Trincomalee,"temple,buddhist,ancient,religious",
143,Dutch Bay,Beach,Trincomalee,Trincomalee,4.1,200,800,8.5667,81.2167,Low,Calm bay with good swimming conditions,"beach,bay,calm,scenic",
144,Nilaveli Beach,Beach,Trincomalee,Trincomalee,3,500,2000,8.7167,81.2167,Low,One of Sri Lanka's most beautiful beaches with clear water,"beach,clear,scenic,snorkeling",
145,Fort Frederick,Historical,Trincomalee,Trincomalee,4.1,0,500,8.5753,81.2327,Low,Dutch fort with resident deer - unique experience,"fort,deer,colonial,historical",
146,Fort Frederick,Historical,Trincomalee,Trincomalee,3,0,500,8.5753,81.2327,Low,Dutch fort with resident deer - unique experience,"fort,deer,colonial,historical",
147,Hot Springs Kanniya,Nature,Trincomalee,Trincomalee,4.6,200,600,8.6,81.1833,Low,Ancient hot water springs with historical significance,"hotspring,ancient,nature,unique",
148,Trincomalee Natural Harbour,Nature,Trincomalee,Trincomalee,3.2,200,800,8.5922,81.1996,Low,One of world's finest natural harbours,"harbour,scenic,nature,historic",
149,Koneswaram Temple,Religious,Trincomalee,Trincomalee,4,0,500,8.5753,81.2327,Low,Ancient Hindu temple on Swami Rock cliff,"temple,hindu,cliff,scenic,religious",
150,Pigeon Island,Wildlife,Trincomalee,Trincomalee,3.4,1500,4000,8.75,81.2167,Medium,Marine national park with coral reefs and reef sharks,"coral,marine,snorkeling,fish,wildlife",
151,Dutch Bay,Beach,Trincomalee,Trincomalee,3.5,200,800,8.5667,81.2167,Low,Calm bay with good swimming conditions,"beach,bay,calm,scenic",
152,Marble Beach,Beach,Trincomalee,Trincomalee,3.5,300,1000,8.5333,81.2667,Low,Clean beach near naval base with calm waters,"beach,calm,scenic,peaceful",
153,Hot Springs Kanniya,Nature,Trincomalee,Trincomalee,3.2,200,600,8.6,81.1833,Low,Ancient hot water springs with historical significance,"hotspring,ancient,nature,unique",
154,Hot Springs Kanniya,Nature,Trincomalee,Trincomalee,3.9,200,600,8.6,81.1833,Low,Ancient hot water springs with historical significance,"hotspring,ancient,nature,unique",
155,Pigeon Island,Wildlife,Trincomalee,Trincomalee,5,1500,4000,8.75,81.2167,Medium,Marine national park with coral reefs and reef sharks,"coral,marine,snorkeling,fish,wildlife",
156,Pigeon Island,Wildlife,Trincomalee,Trincomalee,3.6,1500,4000,8.75,81.2167,Medium,Marine national park with coral reefs and reef sharks,"coral,marine,snorkeling,fish,wildlife",
157,Koneswaram Temple,Religious,Trincomalee,Trincomalee,4.3,0,500,8.5753,81.2327,Low,Ancient Hindu temple on Swami Rock cliff,"temple,hindu,cliff,scenic,religious",
158,Nilaveli Beach,Beach,Trincomalee,Trincomalee,3.2,500,2000,8.7167,81.2167,Low,One of Sri Lanka's most beautiful beaches with clear water,"beach,clear,scenic,snorkeling",
159,Hot Springs Kanniya,Nature,Trincomalee,Trincomalee,3.8,200,600,8.6,81.1833,Low,Ancient hot water springs with historical significance,"hotspring,ancient,nature,unique",
160,Seruwila Temple,Religious,Trincomalee,Trincomalee,3.1,300,800,8.3,81.1,Low,Ancient Buddhist temple near Trincomalee,"temple,buddhist,ancient,religious",
161,Nilaveli Beach,Beach,Trincomalee,Trincomalee,4.4,500,2000,8.7167,81.2167,Low,One of Sri Lanka's most beautiful beaches with clear water,"beach,clear,scenic,snorkeling",
162,Koneswaram Temple,Religious,Trincomalee,Trincomalee,4,0,500,8.5753,81.2327,Low,Ancient Hindu temple on Swami Rock cliff,"temple,hindu,cliff,scenic,religious",
163,Hot Springs Kanniya,Nature,Trincomalee,Trincomalee,4.3,200,600,8.6,81.1833,Low,Ancient hot water springs with historical significance,"hotspring,ancient,nature,unique",
164,Marble Beach,Beach,Trincomalee,Trincomalee,4.1,300,1000,8.5333,81.2667,Low,Clean beach near naval base with calm waters,"beach,calm,scenic,peaceful",
165,Koneswaram Temple,Religious,Trincomalee,Trincomalee,4.8,0,500,8.5753,81.2327,Low,Ancient Hindu temple on Swami Rock cliff,"temple,hindu,cliff,scenic,religious",
166,Nilaveli Beach,Beach,Trincomalee,Trincomalee,3.5,500,2000,8.7167,81.2167,Low,One of Sri Lanka's most beautiful beaches with clear water,"beach,clear,scenic,snorkeling",
167,Whale Watching Trincomalee,Wildlife,Trincomalee,Trincomalee,4,5000,12000,8.5922,81.1996,High,Best whale watching spot in Sri Lanka,"whale,dolphin,ocean,wildlife",
168,Nilaveli Beach,Beach,Trincomalee,Trincomalee,4.8,500,2000,8.7167,81.2167,Low,One of Sri Lanka's most beautiful beaches with clear water,"beach,clear,scenic,snorkeling",
169,Fort Frederick,Historical,Trincomalee,Trincomalee,4.8,0,500,8.5753,81.2327,Low,Dutch fort with resident deer - unique experience,"fort,deer,colonial,historical",
170,Whale Watching Trincomalee,Wildlife,Trincomalee,Trincomalee,4.3,5000,12000,8.5922,81.1996,High,Best whale watching spot in Sri Lanka,"whale,dolphin,ocean,wildlife",
171,Trincomalee Natural Harbour,Nature,Trincomalee,Trincomalee,4.9,200,800,8.5922,81.1996,Low,One of world's finest natural harbours,"harbour,scenic,nature,historic",
172,Marble Beach,Beach,Trincomalee,Trincomalee,3,300,1000,8.5333,81.2667,Low,Clean beach near naval base with calm waters,"beach,calm,scenic,peaceful",
173,Pigeon Island,Wildlife,Trincomalee,Trincomalee,4.2,1500,4000,8.75,81.2167,Medium,Marine national park with coral reefs and reef sharks,"coral,marine,snorkeling,fish,wildlife",
174,Hot Springs Kanniya,Nature,Trincomalee,Trincomalee,4.9,200,600,8.6,81.1833,Low,Ancient hot water springs with historical significance,"hotspring,ancient,nature,unique",
175,Fort Frederick,Historical,Trincomalee,Trincomalee,3.3,0,500,8.5753,81.2327,Low,Dutch fort with resident deer - unique experience,"fort,deer,colonial,historical",
176,Pigeon Island,Wildlife,Trincomalee,Trincomalee,4.1,1500,4000,8.75,81.2167,Medium,Marine national park with coral reefs and reef sharks,"coral,marine,snorkeling,fish,wildlife",
177,Hot Springs Kanniya,Nature,Trincomalee,Trincomalee,4.4,200,600,8.6,81.1833,Low,Ancient hot water springs with historical significance,"hotspring,ancient,nature,unique",
178,Dutch Bay,Beach,Trincomalee,Trincomalee,3.7,200,800,8.5667,81.2167,Low,Calm bay with good swimming conditions,"beach,bay,calm,scenic",
179,Trincomalee Natural Harbour,Nature,Trincomalee,Trincomalee,4.6,200,800,8.5922,81.1996,Low,One of world's finest natural harbours,"harbour,scenic,nature,historic",
180,Koneswaram Temple,Religious,Trincomalee,Trincomalee,4,0,500,8.5753,81.2327,Low,Ancient Hindu temple on Swami Rock cliff,"temple,hindu,cliff,scenic,religious",
181,Marble Beach,Beach,Trincomalee,Trincomalee,3.1,300,1000,8.5333,81.2667,Low,Clean beach near naval base with calm waters,"beach,calm,scenic,peaceful",
182,Hot Springs Kanniya,Nature,Trincomalee,Trincomalee,3.5,200,600,8.6,81.1833,Low,Ancient hot water springs with historical significance,"hotspring,ancient,nature,unique",
183,Koneswaram Temple,Religious,Trincomalee,Trincomalee,3.7,0,500,8.5753,81.2327,Low,Ancient Hindu temple on Swami Rock cliff,"temple,hindu,cliff,scenic,religious",
184,Whale Watching Trincomalee,Wildlife,Trincomalee,Trincomalee,4.9,5000,12000,8.5922,81.1996,High,Best whale watching spot in Sri Lanka,"whale,dolphin,ocean,wildlife",
185,Hot Springs Kanniya,Nature,Trincomalee,Trincomalee,4.9,200,600,8.6,81.1833,Low,Ancient hot water springs with historical significance,"hotspring,ancient,nature,unique",
186,Marble Beach,Beach,Trincomalee,Trincomalee,3.1,300,1000,8.5333,81.2667,Low,Clean beach near naval base with calm waters,"beach,calm,scenic,peaceful",
187,Fort Frederick,Historical,Trincomalee,Trincomalee,4.6,0,500,8.5753,81.2327,Low,Dutch fort with resident deer - unique experience,"fort,deer,colonial,historical",
188,Seruwila Temple,Religious,Trincomalee,Trincomalee,4,300,800,8.3,81.1,Low,Ancient Buddhist temple near Trincomalee,"temple,buddhist,ancient,religious",
189,Marble Beach,Beach,Trincomalee,Trincomalee,4.1,300,1000,8.5333,81.2667,Low,Clean beach near naval base with calm waters,"beach,calm,scenic,peaceful",
190,Hot Springs Kanniya,Nature,Trincomalee,Trincomalee,3.9,200,600,8.6,81.1833,Low,Ancient hot water springs with historical significance,"hotspring,ancient,nature,unique",
191,Whale Watching Trincomalee,Wildlife,Trincomalee,Trincomalee,4.3,5000,12000,8.5922,81.1996,High,Best whale watching spot in Sri Lanka,"whale,dolphin,ocean,wildlife",
192,Koneswaram Temple,Religious,Trincomalee,Trincomalee,4.5,0,500,8.5753,81.2327,Low,Ancient Hindu temple on Swami Rock cliff,"temple,hindu,cliff,scenic,religious",
193,Fort Frederick,Historical,Trincomalee,Trincomalee,4.6,0,500,8.5753,81.2327,Low,Dutch fort with resident deer - unique experience,"fort,deer,colonial,historical",
194,Koneswaram Temple,Religious,Trincomalee,Trincomalee,3.2,0,500,8.5753,81.2327,Low,Ancient Hindu temple on Swami Rock cliff,"temple,hindu,cliff,scenic,religious",
195,Trincomalee Natural Harbour,Nature,Trincomalee,Trincomalee,3.8,200,800,8.5922,81.1996,Low,One of world's finest natural harbours,"harbour,scenic,nature,historic",
196,Trincomalee Natural Harbour,Nature,Trincomalee,Trincomalee,4.5,200,800,8.5922,81.1996,Low,One of world's finest natural harbours,"harbour,scenic,nature,historic",
197,Marble Beach,Beach,Trincomalee,Trincomalee,3.7,300,1000,8.5333,81.2667,Low,Clean beach near naval base with calm waters,"beach,calm,scenic,peaceful",
198,Koneswaram Temple,Religious,Trincomalee,Trincomalee,3,0,500,8.5753,81.2327,Low,Ancient Hindu temple on Swami Rock cliff,"temple,hindu,cliff,scenic,religious",
199,Fort Frederick,Historical,Trincomalee,Trincomalee,3.9,0,500,8.5753,81.2327,Low,Dutch fort with resident deer - unique experience,"fort,deer,colonial,historical",
200,Fort Frederick,Historical,Trincomalee,Trincomalee,3.2,0,500,8.5753,81.2327,Low,Dutch fort with resident deer - unique experience,"fort,deer,colonial,historical",
201,Koneswaram Temple,Religious,Trincomalee,Trincomalee,3.4,0,500,8.5753,81.2327,Low,Ancient Hindu temple on Swami Rock cliff,"temple,hindu,cliff,scenic,religious",
202,Seruwila Temple,Religious,Trincomalee,Trincomalee,4.1,300,800,8.3,81.1,Low,Ancient Buddhist temple near Trincomalee,"temple,buddhist,ancient,religious",
203,Dutch Bay,Beach,Trincomalee,Trincomalee,3.8,200,800,8.5667,81.2167,Low,Calm bay with good swimming conditions,"beach,bay,calm,scenic",
204,Nilaveli Beach,Beach,Trincomalee,Trincomalee,3.2,500,2000,8.7167,81.2167,Low,One of Sri Lanka's most beautiful beaches with clear water,"beach,clear,scenic,snorkeling",
205,Dutch Bay,Beach,Trincomalee,Trincomalee,3.2,200,800,8.5667,81.2167,Low,Calm bay with good swimming conditions,"beach,bay,calm,scenic",
206,Whale Watching Trincomalee,Wildlife,Trincomalee,Trincomalee,4.6,5000,12000,8.5922,81.1996,High,Best whale watching spot in Sri Lanka,"whale,dolphin,ocean,wildlife",
207,Hot Springs Kanniya,Nature,Trincomalee,Trincomalee,3,200,600,8.6,81.1833,Low,Ancient hot water springs with historical significance,"hotspring,ancient,nature,unique",
208,Hot Springs Kanniya,Nature,Trincomalee,Trincomalee,3.8,200,600,8.6,81.1833,Low,Ancient hot water springs with historical significance,"hotspring,ancient,nature,unique",
209,Koneswaram Temple,Religious,Trincomalee,Trincomalee,4.4,0,500,8.5753,81.2327,Low,Ancient Hindu temple on Swami Rock cliff,"temple,hindu,cliff,scenic,religious",
210,Dutch Bay,Beach,Trincomalee,Trincomalee,4.8,200,800,8.5667,81.2167,Low,Calm bay with good swimming conditions,"beach,bay,calm,scenic",
211,Pigeon Island,Wildlife,Trincomalee,Trincomalee,4.1,1500,4000,8.75,81.2167,Medium,Marine national park with coral reefs and reef sharks,"coral,marine,snorkeling,fish,wildlife",
212,Trincomalee Natural Harbour,Nature,Trincomalee,Trincomalee,4.4,200,800,8.5922,81.1996,Low,One of world's finest natural harbours,"harbour,scenic,nature,historic",
213,Trincomalee Natural Harbour,Nature,Trincomalee,Trincomalee,3.3,200,800,8.5922,81.1996,Low,One of world's finest natural harbours,"harbour,scenic,nature,historic",
214,Fort Frederick,Historical,Trincomalee,Trincomalee,3.5,0,500,8.5753,81.2327,Low,Dutch fort with resident deer - unique experience,"fort,deer,colonial,historical",
215,Trincomalee Natural Harbour,Nature,Trincomalee,Trincomalee,3.1,200,800,8.5922,81.1996,Low,One of world's finest natural harbours,"harbour,scenic,nature,historic",
216,Hot Springs Kanniya,Nature,Trincomalee,Trincomalee,3.6,200,600,8.6,81.1833,Low,Ancient hot water springs with historical significance,"hotspring,ancient,nature,unique",
217,Fort Frederick,Historical,Trincomalee,Trincomalee,4,0,500,8.5753,81.2327,Low,Dutch fort with resident deer - unique experience,"fort,deer,colonial,historical",
218,Koneswaram Temple,Religious,Trincomalee,Trincomalee,3.7,0,500,8.5753,81.2327,Low,Ancient Hindu temple on Swami Rock cliff,"temple,hindu,cliff,scenic,religious",
219,Pigeon Island,Wildlife,Trincomalee,Trincomalee,4.4,1500,4000,8.75,81.2167,Medium,Marine national park with coral reefs and reef sharks,"coral,marine,snorkeling,fish,wildlife",
220,Seruwila Temple,Religious,Trincomalee,Trincomalee,4.2,300,800,8.3,81.1,Low,Ancient Buddhist temple near Trincomalee,"temple,buddhist,ancient,religious",
1,Vavuniya Archaeological Museum,Historical,Vavuniya,Vavuniya,4.7,200,600,8.7515,80.4969,Low,Museum with ancient artifacts from northern Sri Lanka,"museum,artifacts,historical,culture",
2,Padaviya Tank,Nature,Vavuniya,Vavuniya,4.6,0,500,8.8667,80.6667,Low,Ancient irrigation tank with wildlife,"tank,wildlife,ancient,nature",images/padaviya.jpg
3,Vavuniya Market,Cultural,Vavuniya,Vavuniya,3.8,100,400,8.7515,80.4969,Low,Busy local market with diverse goods,"market,culture,local,town",
4,Madhu Church,Religious,Vavuniya,Vavuniya,4.2,0,500,8.9667,80.2667,Low,Famous Catholic shrine - pilgrimage site for all religions,"church,catholic,pilgrimage,religious",images/Madhu_church.jpg
5,Nochchiagama Ancient Site,Historical,Vavuniya,Vavuniya,3.8,200,700,8.65,80.5167,Low,Ancient ruins near Vavuniya,"ruins,ancient,historical,archaeological",
6,Vavuniya Market,Cultural,Vavuniya,Vavuniya,4.7,100,400,8.7515,80.4969,Low,Busy local market with diverse goods,"market,culture,local,town",
7,Madhu Church,Religious,Vavuniya,Vavuniya,3.8,0,500,8.9667,80.2667,Low,Famous Catholic shrine - pilgrimage site for all religions,"church,catholic,pilgrimage,religious",images/Madhu_church.jpg
8,Vavuniya Archaeological Museum,Historical,Vavuniya,Vavuniya,3.6,200,600,8.7515,80.4969,Low,Museum with ancient artifacts from northern Sri Lanka,"museum,artifacts,historical,culture",
9,Vavuniya Market,Cultural,Vavuniya,Vavuniya,4.3,100,400,8.7515,80.4969,Low,Busy local market with diverse goods,"market,culture,local,town",
10,Vavuniya Market,Cultural,Vavuniya,Vavuniya,4.9,100,400,8.7515,80.4969,Low,Busy local market with diverse goods,"market,culture,local,town",
11,Madhu Church,Religious,Vavuniya,Vavuniya,3.1,0,500,8.9667,80.2667,Low,Famous Catholic shrine - pilgrimage site for all religions,"church,catholic,pilgrimage,religious",images/Madhu_church.jpg
12,Vavuniya Archaeological Museum,Historical,Vavuniya,Vavuniya,3.2,200,600,8.7515,80.4969,Low,Museum with ancient artifacts from northern Sri Lanka,"museum,artifacts,historical,culture",
13,Vavuniya Archaeological Museum,Historical,Vavuniya,Vavuniya,4.5,200,600,8.7515,80.4969,Low,Museum with ancient artifacts from northern Sri Lanka,"museum,artifacts,historical,culture",
14,Vavuniya Market,Cultural,Vavuniya,Vavuniya,4.6,100,400,8.7515,80.4969,Low,Busy local market with diverse goods,"market,culture,local,town",
15,Nochchiagama Ancient Site,Historical,Vavuniya,Vavuniya,3.1,200,700,8.65,80.5167,Low,Ancient ruins near Vavuniya,"ruins,ancient,historical,archaeological",
16,Nochchiagama Ancient Site,Historical,Vavuniya,Vavuniya,4.1,200,700,8.65,80.5167,Low,Ancient ruins near Vavuniya,"ruins,ancient,historical,archaeological",
17,Vavuniya Archaeological Museum,Historical,Vavuniya,Vavuniya,3.8,200,600,8.7515,80.4969,Low,Museum with ancient artifacts from northern Sri Lanka,"museum,artifacts,historical,culture",
18,Madhu Church,Religious,Vavuniya,Vavuniya,4.7,0,500,8.9667,80.2667,Low,Famous Catholic shrine - pilgrimage site for all religions,"church,catholic,pilgrimage,religious",images/Madhu_church.jpg
19,Vavuniya Archaeological Museum,Historical,Vavuniya,Vavuniya,4.9,200,600,8.7515,80.4969,Low,Museum with ancient artifacts from northern Sri Lanka,"museum,artifacts,historical,culture",
20,Nochchiagama Ancient Site,Historical,Vavuniya,Vavuniya,3.6,200,700,8.65,80.5167,Low,Ancient ruins near Vavuniya,"ruins,ancient,historical,archaeological",
21,Vavuniya Archaeological Museum,Historical,Vavuniya,Vavuniya,4.2,200,600,8.7515,80.4969,Low,Museum with ancient artifacts from northern Sri Lanka,"museum,artifacts,historical,culture",
22,Padaviya Tank,Nature,Vavuniya,Vavuniya,3.3,0,500,8.8667,80.6667,Low,Ancient irrigation tank with wildlife,"tank,wildlife,ancient,nature",images/padaviya.jpg
23,Madhu Church,Religious,Vavuniya,Vavuniya,3.4,0,500,8.9667,80.2667,Low,Famous Catholic shrine - pilgrimage site for all religions,"church,catholic,pilgrimage,religious",images/Madhu_church.jpg
24,Vavuniya Archaeological Museum,Historical,Vavuniya,Vavuniya,3.7,200,600,8.7515,80.4969,Low,Museum with ancient artifacts from northern Sri Lanka,"museum,artifacts,historical,culture",
25,Nochchiagama Ancient Site,Historical,Vavuniya,Vavuniya,3.7,200,700,8.65,80.5167,Low,Ancient ruins near Vavuniya,"ruins,ancient,historical,archaeological",
26,Vavuniya Market,Cultural,Vavuniya,Vavuniya,4.1,100,400,8.7515,80.4969,Low,Busy local market with diverse goods,"market,culture,local,town",
27,Madhu Church,Religious,Vavuniya,Vavuniya,4.7,0,500,8.9667,80.2667,Low,Famous Catholic shrine - pilgrimage site for all religions,"church,catholic,pilgrimage,religious",images/Madhu_church.jpg
28,Nochchiagama Ancient Site,Historical,Vavuniya,Vavuniya,4.2,200,700,8.65,80.5167,Low,Ancient ruins near Vavuniya,"ruins,ancient,historical,archaeological",
29,Nochchiagama Ancient Site,Historical,Vavuniya,Vavuniya,3.1,200,700,8.65,80.5167,Low,Ancient ruins near Vavuniya,"ruins,ancient,historical,archaeological",
30,Vavuniya Market,Cultural,Vavuniya,Vavuniya,3.1,100,400,8.7515,80.4969,Low,Busy local market with diverse goods,"market,culture,local,town",
31,Vavuniya Market,Cultural,Vavuniya,Vavuniya,4.4,100,400,8.7515,80.4969,Low,Busy local market with diverse goods,"market,culture,local,town",
32,Vavuniya Market,Cultural,Vavuniya,Vavuniya,4.8,100,400,8.7515,80.4969,Low,Busy local market with diverse goods,"market,culture,local,town",
33,Vavuniya Market,Cultural,Vavuniya,Vavuniya,3,100,400,8.7515,80.4969,Low,Busy local market with diverse goods,"market,culture,local,town",
34,Padaviya Tank,Nature,Vavuniya,Vavuniya,4.1,0,500,8.8667,80.6667,Low,Ancient irrigation tank with wildlife,"tank,wildlife,ancient,nature",images/padaviya.jpg
35,Madhu Church,Religious,Vavuniya,Vavuniya,3.1,0,500,8.9667,80.2667,Low,Famous Catholic shrine - pilgrimage site for all religions,"church,catholic,pilgrimage,religious",images/Madhu_church.jpg
36,Vavuniya Archaeological Museum,Historical,Vavuniya,Vavuniya,3.2,200,600,8.7515,80.4969,Low,Museum with ancient artifacts from northern Sri Lanka,"museum,artifacts,historical,culture",
37,Nochchiagama Ancient Site,Historical,Vavuniya,Vavuniya,3.4,200,700,8.65,80.5167,Low,Ancient ruins near Vavuniya,"ruins,ancient,historical,archaeological",
38,Madhu Church,Religious,Vavuniya,Vavuniya,3.9,0,500,8.9667,80.2667,Low,Famous Catholic shrine - pilgrimage site for all religions,"church,catholic,pilgrimage,religious",images/Madhu_church.jpg
39,Padaviya Tank,Nature,Vavuniya,Vavuniya,3.7,0,500,8.8667,80.6667,Low,Ancient irrigation tank with wildlife,"tank,wildlife,ancient,nature",images/padaviya.jpg
40,Vavuniya Market,Cultural,Vavuniya,Vavuniya,4.6,100,400,8.7515,80.4969,Low,Busy local market with diverse goods,"market,culture,local,town",
41,Nochchiagama Ancient Site,Historical,Vavuniya,Vavuniya,4.2,200,700,8.65,80.5167,Low,Ancient ruins near Vavuniya,"ruins,ancient,historical,archaeological",
42,Vavuniya Archaeological Museum,Historical,Vavuniya,Vavuniya,3.3,200,600,8.7515,80.4969,Low,Museum with ancient artifacts from northern Sri Lanka,"museum,artifacts,historical,culture",
43,Nochchiagama Ancient Site,Historical,Vavuniya,Vavuniya,3.1,200,700,8.65,80.5167,Low,Ancient ruins near Vavuniya,"ruins,ancient,historical,archaeological",
44,Vavuniya Archaeological Museum,Historical,Vavuniya,Vavuniya,3.5,200,600,8.7515,80.4969,Low,Museum with ancient artifacts from northern Sri Lanka,"museum,artifacts,historical,culture",
45,Madhu Church,Religious,Vavuniya,Vavuniya,4,0,500,8.9667,80.2667,Low,Famous Catholic shrine - pilgrimage site for all religions,"church,catholic,pilgrimage,religious",images/Madhu_church.jpg
46,Madhu Church,Religious,Vavuniya,Vavuniya,3.8,0,500,8.9667,80.2667,Low,Famous Catholic shrine - pilgrimage site for all religions,"church,catholic,pilgrimage,religious",images/Madhu_church.jpg
47,Padaviya Tank,Nature,Vavuniya,Vavuniya,4.5,0,500,8.8667,80.6667,Low,Ancient irrigation tank with wildlife,"tank,wildlife,ancient,nature",images/padaviya.jpg
48,Vavuniya Archaeological Museum,Historical,Vavuniya,Vavuniya,3.7,200,600,8.7515,80.4969,Low,Museum with ancient artifacts from northern Sri Lanka,"museum,artifacts,historical,culture",
49,Vavuniya Archaeological Museum,Historical,Vavuniya,Vavuniya,3.6,200,600,8.7515,80.4969,Low,Museum with ancient artifacts from northern Sri Lanka,"museum,artifacts,historical,culture",
50,Nochchiagama Ancient Site,Historical,Vavuniya,Vavuniya,4,200,700,8.65,80.5167,Low,Ancient ruins near Vavuniya,"ruins,ancient,historical,archaeological",
51,Vavuniya Market,Cultural,Vavuniya,Vavuniya,3.1,100,400,8.7515,80.4969,Low,Busy local market with diverse goods,"market,culture,local,town",
52,Madhu Church,Religious,Vavuniya,Vavuniya,5,0,500,8.9667,80.2667,Low,Famous Catholic shrine - pilgrimage site for all religions,"church,catholic,pilgrimage,religious",images/Madhu_church.jpg
53,Vavuniya Archaeological Museum,Historical,Vavuniya,Vavuniya,3,200,600,8.7515,80.4969,Low,Museum with ancient artifacts from northern Sri Lanka,"museum,artifacts,historical,culture",
54,Vavuniya Market,Cultural,Vavuniya,Vavuniya,4.9,100,400,8.7515,80.4969,Low,Busy local market with diverse goods,"market,culture,local,town",
55,Padaviya Tank,Nature,Vavuniya,Vavuniya,4.5,0,500,8.8667,80.6667,Low,Ancient irrigation tank with wildlife,"tank,wildlife,ancient,nature",images/padaviya.jpg
56,Vavuniya Market,Cultural,Vavuniya,Vavuniya,3.7,100,400,8.7515,80.4969,Low,Busy local market with diverse goods,"market,culture,local,town",
57,Vavuniya Archaeological Museum,Historical,Vavuniya,Vavuniya,4,200,600,8.7515,80.4969,Low,Museum with ancient artifacts from northern Sri Lanka,"museum,artifacts,historical,culture",
58,Madhu Church,Religious,Vavuniya,Vavuniya,3.4,0,500,8.9667,80.2667,Low,Famous Catholic shrine - pilgrimage site for all religions,"church,catholic,pilgrimage,religious",images/Madhu_church.jpg
59,Madhu Church,Religious,Vavuniya,Vavuniya,4.1,0,500,8.9667,80.2667,Low,Famous Catholic shrine - pilgrimage site for all religions,"church,catholic,pilgrimage,religious",images/Madhu_church.jpg
60,Padaviya Tank,Nature,Vavuniya,Vavuniya,4,0,500,8.8667,80.6667,Low,Ancient irrigation tank with wildlife,"tank,wildlife,ancient,nature",images/padaviya.jpg
61,Vavuniya Market,Cultural,Vavuniya,Vavuniya,3.1,100,400,8.7515,80.4969,Low,Busy local market with diverse goods,"market,culture,local,town",
62,Vavuniya Archaeological Museum,Historical,Vavuniya,Vavuniya,3.9,200,600,8.7515,80.4969,Low,Museum with ancient artifacts from northern Sri Lanka,"museum,artifacts,historical,culture",
63,Madhu Church,Religious,Vavuniya,Vavuniya,4.8,0,500,8.9667,80.2667,Low,Famous Catholic shrine - pilgrimage site for all religions,"church,catholic,pilgrimage,religious",images/Madhu_church.jpg
64,Vavuniya Market,Cultural,Vavuniya,Vavuniya,4.2,100,400,8.7515,80.4969,Low,Busy local market with diverse goods,"market,culture,local,town",
65,Nochchiagama Ancient Site,Historical,Vavuniya,Vavuniya,3.8,200,700,8.65,80.5167,Low,Ancient ruins near Vavuniya,"ruins,ancient,historical,archaeological",
66,Madhu Church,Religious,Vavuniya,Vavuniya,3.6,0,500,8.9667,80.2667,Low,Famous Catholic shrine - pilgrimage site for all religions,"church,catholic,pilgrimage,religious",images/Madhu_church.jpg
67,Madhu Church,Religious,Vavuniya,Vavuniya,3,0,500,8.9667,80.2667,Low,Famous Catholic shrine - pilgrimage site for all religions,"church,catholic,pilgrimage,religious",images/Madhu_church.jpg
68,Vavuniya Market,Cultural,Vavuniya,Vavuniya,3.3,100,400,8.7515,80.4969,Low,Busy local market with diverse goods,"market,culture,local,town",
69,Nochchiagama Ancient Site,Historical,Vavuniya,Vavuniya,3.9,200,700,8.65,80.5167,Low,Ancient ruins near Vavuniya,"ruins,ancient,historical,archaeological",
70,Vavuniya Market,Cultural,Vavuniya,Vavuniya,3.2,100,400,8.7515,80.4969,Low,Busy local market with diverse goods,"market,culture,local,town",
71,Vavuniya Archaeological Museum,Historical,Vavuniya,Vavuniya,3.5,200,600,8.7515,80.4969,Low,Museum with ancient artifacts from northern Sri Lanka,"museum,artifacts,historical,culture",
72,Nochchiagama Ancient Site,Historical,Vavuniya,Vavuniya,3.8,200,700,8.65,80.5167,Low,Ancient ruins near Vavuniya,"ruins,ancient,historical,archaeological",
73,Vavuniya Archaeological Museum,Historical,Vavuniya,Vavuniya,3.8,200,600,8.7515,80.4969,Low,Museum with ancient artifacts from northern Sri Lanka,"museum,artifacts,historical,culture",
74,Vavuniya Market,Cultural,Vavuniya,Vavuniya,4.5,100,400,8.7515,80.4969,Low,Busy local market with diverse goods,"market,culture,local,town",
75,Padaviya Tank,Nature,Vavuniya,Vavuniya,3.7,0,500,8.8667,80.6667,Low,Ancient irrigation tank with wildlife,"tank,wildlife,ancient,nature",images/padaviya.jpg
76,Padaviya Tank,Nature,Vavuniya,Vavuniya,3.2,0,500,8.8667,80.6667,Low,Ancient irrigation tank with wildlife,"tank,wildlife,ancient,nature",images/padaviya.jpg
77,Vavuniya Archaeological Museum,Historical,Vavuniya,Vavuniya,4.1,200,600,8.7515,80.4969,Low,Museum with ancient artifacts from northern Sri Lanka,"museum,artifacts,historical,culture",
78,Padaviya Tank,Nature,Vavuniya,Vavuniya,4.8,0,500,8.8667,80.6667,Low,Ancient irrigation tank with wildlife,"tank,wildlife,ancient,nature",images/padaviya.jpg
79,Vavuniya Market,Cultural,Vavuniya,Vavuniya,3.7,100,400,8.7515,80.4969,Low,Busy local market with diverse goods,"market,culture,local,town",
80,Padaviya Tank,Nature,Vavuniya,Vavuniya,3.5,0,500,8.8667,80.6667,Low,Ancient irrigation tank with wildlife,"tank,wildlife,ancient,nature",images/padaviya.jpg
81,Padaviya Tank,Nature,Vavuniya,Vavuniya,3.5,0,500,8.8667,80.6667,Low,Ancient irrigation tank with wildlife,"tank,wildlife,ancient,nature",images/padaviya.jpg
82,Padaviya Tank,Nature,Vavuniya,Vavuniya,4.2,0,500,8.8667,80.6667,Low,Ancient irrigation tank with wildlife,"tank,wildlife,ancient,nature",images/padaviya.jpg
83,Vavuniya Archaeological Museum,Historical,Vavuniya,Vavuniya,3.4,200,600,8.7515,80.4969,Low,Museum with ancient artifacts from northern Sri Lanka,"museum,artifacts,historical,culture",
84,Madhu Church,Religious,Vavuniya,Vavuniya,3.9,0,500,8.9667,80.2667,Low,Famous Catholic shrine - pilgrimage site for all religions,"church,catholic,pilgrimage,religious",images/Madhu_church.jpg
85,Nochchiagama Ancient Site,Historical,Vavuniya,Vavuniya,4.5,200,700,8.65,80.5167,Low,Ancient ruins near Vavuniya,"ruins,ancient,historical,archaeological",
86,Madhu Church,Religious,Vavuniya,Vavuniya,4.4,0,500,8.9667,80.2667,Low,Famous Catholic shrine - pilgrimage site for all religions,"church,catholic,pilgrimage,religious",images/Madhu_church.jpg
87,Nochchiagama Ancient Site,Historical,Vavuniya,Vavuniya,4.3,200,700,8.65,80.5167,Low,Ancient ruins near Vavuniya,"ruins,ancient,historical,archaeological",
88,Nochchiagama Ancient Site,Historical,Vavuniya,Vavuniya,3.6,200,700,8.65,80.5167,Low,Ancient ruins near Vavuniya,"ruins,ancient,historical,archaeological",
89,Vavuniya Market,Cultural,Vavuniya,Vavuniya,3.3,100,400,8.7515,80.4969,Low,Busy local market with diverse goods,"market,culture,local,town",
90,Vavuniya Archaeological Museum,Historical,Vavuniya,Vavuniya,3.9,200,600,8.7515,80.4969,Low,Museum with ancient artifacts from northern Sri Lanka,"museum,artifacts,historical,culture",
91,Vavuniya Market,Cultural,Vavuniya,Vavuniya,4.6,100,400,8.7515,80.4969,Low,Busy local market with diverse goods,"market,culture,local,town",
92,Nochchiagama Ancient Site,Historical,Vavuniya,Vavuniya,3.1,200,700,8.65,80.5167,Low,Ancient ruins near Vavuniya,"ruins,ancient,historical,archaeological",
93,Nochchiagama Ancient Site,Historical,Vavuniya,Vavuniya,3.1,200,700,8.65,80.5167,Low,Ancient ruins near Vavuniya,"ruins,ancient,historical,archaeological",
94,Madhu Church,Religious,Vavuniya,Vavuniya,3.9,0,500,8.9667,80.2667,Low,Famous Catholic shrine - pilgrimage site for all religions,"church,catholic,pilgrimage,religious",images/Madhu_church.jpg
95,Vavuniya Archaeological Museum,Historical,Vavuniya,Vavuniya,3.7,200,600,8.7515,80.4969,Low,Museum with ancient artifacts from northern Sri Lanka,"museum,artifacts,historical,culture",
96,Vavuniya Market,Cultural,Vavuniya,Vavuniya,3.2,100,400,8.7515,80.4969,Low,Busy local market with diverse goods,"market,culture,local,town",
97,Vavuniya Archaeological Museum,Historical,Vavuniya,Vavuniya,4.2,200,600,8.7515,80.4969,Low,Museum with ancient artifacts from northern Sri Lanka,"museum,artifacts,historical,culture",
98,Nochchiagama Ancient Site,Historical,Vavuniya,Vavuniya,3.8,200,700,8.65,80.5167,Low,Ancient ruins near Vavuniya,"ruins,ancient,historical,archaeological",
99,Nochchiagama Ancient Site,Historical,Vavuniya,Vavuniya,4.1,200,700,8.65,80.5167,Low,Ancient ruins near Vavuniya,"ruins,ancient,historical,archaeological",
100,Vavuniya Archaeological Museum,Historical,Vavuniya,Vavuniya,3.9,200,600,8.7515,80.4969,Low,Museum with ancient artifacts from northern Sri Lanka,"museum,artifacts,historical,culture",
101,Nochchiagama Ancient Site,Historical,Vavuniya,Vavuniya,4.3,200,700,8.65,80.5167,Low,Ancient ruins near Vavuniya,"ruins,ancient,historical,archaeological",
102,Vavuniya Market,Cultural,Vavuniya,Vavuniya,4.2,100,400,8.7515,80.4969,Low,Busy local market with diverse goods,"market,culture,local,town",
103,Nochchiagama Ancient Site,Historical,Vavuniya,Vavuniya,3.3,200,700,8.65,80.5167,Low,Ancient ruins near Vavuniya,"ruins,ancient,historical,archaeological",
104,Vavuniya Archaeological Museum,Historical,Vavuniya,Vavuniya,3.9,200,600,8.7515,80.4969,Low,Museum with ancient artifacts from northern Sri Lanka,"museum,artifacts,historical,culture",
105,Vavuniya Market,Cultural,Vavuniya,Vavuniya,5,100,400,8.7515,80.4969,Low,Busy local market with diverse goods,"market,culture,local,town",
106,Vavuniya Archaeological Museum,Historical,Vavuniya,Vavuniya,4,200,600,8.7515,80.4969,Low,Museum with ancient artifacts from northern Sri Lanka,"museum,artifacts,historical,culture",
107,Padaviya Tank,Nature,Vavuniya,Vavuniya,3.1,0,500,8.8667,80.6667,Low,Ancient irrigation tank with wildlife,"tank,wildlife,ancient,nature",images/padaviya.jpg
108,Madhu Church,Religious,Vavuniya,Vavuniya,5,0,500,8.9667,80.2667,Low,Famous Catholic shrine - pilgrimage site for all religions,"church,catholic,pilgrimage,religious",images/Madhu_church.jpg
109,Nochchiagama Ancient Site,Historical,Vavuniya,Vavuniya,4,200,700,8.65,80.5167,Low,Ancient ruins near Vavuniya,"ruins,ancient,historical,archaeological",
110,Padaviya Tank,Nature,Vavuniya,Vavuniya,3.7,0,500,8.8667,80.6667,Low,Ancient irrigation tank with wildlife,"tank,wildlife,ancient,nature",images/padaviya.jpg
111,Vavuniya Market,Cultural,Vavuniya,Vavuniya,3.8,100,400,8.7515,80.4969,Low,Busy local market with diverse goods,"market,culture,local,town",
112,Vavuniya Market,Cultural,Vavuniya,Vavuniya,4.4,100,400,8.7515,80.4969,Low,Busy local market with diverse goods,"market,culture,local,town",
113,Vavuniya Archaeological Museum,Historical,Vavuniya,Vavuniya,4.6,200,600,8.7515,80.4969,Low,Museum with ancient artifacts from northern Sri Lanka,"museum,artifacts,historical,culture",
114,Vavuniya Market,Cultural,Vavuniya,Vavuniya,3.1,100,400,8.7515,80.4969,Low,Busy local market with diverse goods,"market,culture,local,town",
115,Vavuniya Archaeological Museum,Historical,Vavuniya,Vavuniya,4.1,200,600,8.7515,80.4969,Low,Museum with ancient artifacts from northern Sri Lanka,"museum,artifacts,historical,culture",
116,Madhu Church,Religious,Vavuniya,Vavuniya,3.6,0,500,8.9667,80.2667,Low,Famous Catholic shrine - pilgrimage site for all religions,"church,catholic,pilgrimage,religious",images/Madhu_church.jpg
117,Nochchiagama Ancient Site,Historical,Vavuniya,Vavuniya,4.7,200,700,8.65,80.5167,Low,Ancient ruins near Vavuniya,"ruins,ancient,historical,archaeological",
118,Vavuniya Market,Cultural,Vavuniya,Vavuniya,3.2,100,400,8.7515,80.4969,Low,Busy local market with diverse goods,"market,culture,local,town",
119,Padaviya Tank,Nature,Vavuniya,Vavuniya,4.8,0,500,8.8667,80.6667,Low,Ancient irrigation tank with wildlife,"tank,wildlife,ancient,nature",images/padaviya.jpg
120,Vavuniya Market,Cultural,Vavuniya,Vavuniya,4.9,100,400,8.7515,80.4969,Low,Busy local market with diverse goods,"market,culture,local,town",
121,Madhu Church,Religious,Vavuniya,Vavuniya,3.3,0,500,8.9667,80.2667,Low,Famous Catholic shrine - pilgrimage site for all religions,"church,catholic,pilgrimage,religious",images/Madhu_church.jpg
122,Vavuniya Archaeological Museum,Historical,Vavuniya,Vavuniya,3.6,200,600,8.7515,80.4969,Low,Museum with ancient artifacts from northern Sri Lanka,"museum,artifacts,historical,culture",
123,Madhu Church,Religious,Vavuniya,Vavuniya,4.3,0,500,8.9667,80.2667,Low,Famous Catholic shrine - pilgrimage site for all religions,"church,catholic,pilgrimage,religious",images/Madhu_church.jpg
124,Vavuniya Market,Cultural,Vavuniya,Vavuniya,4.6,100,400,8.7515,80.4969,Low,Busy local market with diverse goods,"market,culture,local,town",
125,Nochchiagama Ancient Site,Historical,Vavuniya,Vavuniya,3.2,200,700,8.65,80.5167,Low,Ancient ruins near Vavuniya,"ruins,ancient,historical,archaeological",
126,Madhu Church,Religious,Vavuniya,Vavuniya,4,0,500,8.9667,80.2667,Low,Famous Catholic shrine - pilgrimage site for all religions,"church,catholic,pilgrimage,religious",images/Madhu_church.jpg
127,Vavuniya Archaeological Museum,Historical,Vavuniya,Vavuniya,3.7,200,600,8.7515,80.4969,Low,Museum with ancient artifacts from northern Sri Lanka,"museum,artifacts,historical,culture",
128,Padaviya Tank,Nature,Vavuniya,Vavuniya,4.9,0,500,8.8667,80.6667,Low,Ancient irrigation tank with wildlife,"tank,wildlife,ancient,nature",images/padaviya.jpg
129,Vavuniya Market,Cultural,Vavuniya,Vavuniya,4.9,100,400,8.7515,80.4969,Low,Busy local market with diverse goods,"market,culture,local,town",
130,Madhu Church,Religious,Vavuniya,Vavuniya,3.4,0,500,8.9667,80.2667,Low,Famous Catholic shrine - pilgrimage site for all religions,"church,catholic,pilgrimage,religious",images/Madhu_church.jpg
131,Padaviya Tank,Nature,Vavuniya,Vavuniya,3.3,0,500,8.8667,80.6667,Low,Ancient irrigation tank with wildlife,"tank,wildlife,ancient,nature",images/padaviya.jpg
132,Vavuniya Market,Cultural,Vavuniya,Vavuniya,4.7,100,400,8.7515,80.4969,Low,Busy local market with diverse goods,"market,culture,local,town",
133,Vavuniya Archaeological Museum,Historical,Vavuniya,Vavuniya,4,200,600,8.7515,80.4969,Low,Museum with ancient artifacts from northern Sri Lanka,"museum,artifacts,historical,culture",
134,Nochchiagama Ancient Site,Historical,Vavuniya,Vavuniya,4.7,200,700,8.65,80.5167,Low,Ancient ruins near Vavuniya,"ruins,ancient,historical,archaeological",
135,Nochchiagama Ancient Site,Historical,Vavuniya,Vavuniya,3.1,200,700,8.65,80.5167,Low,Ancient ruins near Vavuniya,"ruins,ancient,historical,archaeological",
136,Vavuniya Market,Cultural,Vavuniya,Vavuniya,4.8,100,400,8.7515,80.4969,Low,Busy local market with diverse goods,"market,culture,local,town",
137,Nochchiagama Ancient Site,Historical,Vavuniya,Vavuniya,3.3,200,700,8.65,80.5167,Low,Ancient ruins near Vavuniya,"ruins,ancient,historical,archaeological",
138,Madhu Church,Religious,Vavuniya,Vavuniya,3.3,0,500,8.9667,80.2667,Low,Famous Catholic shrine - pilgrimage site for all religions,"church,catholic,pilgrimage,religious",images/Madhu_church.jpg
139,Padaviya Tank,Nature,Vavuniya,Vavuniya,4.7,0,500,8.8667,80.6667,Low,Ancient irrigation tank with wildlife,"tank,wildlife,ancient,nature",images/padaviya.jpg
140,Nochchiagama Ancient Site,Historical,Vavuniya,Vavuniya,4.6,200,700,8.65,80.5167,Low,Ancient ruins near Vavuniya,"ruins,ancient,historical,archaeological",
141,Padaviya Tank,Nature,Vavuniya,Vavuniya,4.4,0,500,8.8667,80.6667,Low,Ancient irrigation tank with wildlife,"tank,wildlife,ancient,nature",images/padaviya.jpg
142,Vavuniya Archaeological Museum,Historical,Vavuniya,Vavuniya,3.8,200,600,8.7515,80.4969,Low,Museum with ancient artifacts from northern Sri Lanka,"museum,artifacts,historical,culture",
143,Padaviya Tank,Nature,Vavuniya,Vavuniya,4.9,0,500,8.8667,80.6667,Low,Ancient irrigation tank with wildlife,"tank,wildlife,ancient,nature",images/padaviya.jpg
144,Nochchiagama Ancient Site,Historical,Vavuniya,Vavuniya,3.6,200,700,8.65,80.5167,Low,Ancient ruins near Vavuniya,"ruins,ancient,historical,archaeological",
145,Madhu Church,Religious,Vavuniya,Vavuniya,3.5,0,500,8.9667,80.2667,Low,Famous Catholic shrine - pilgrimage site for all religions,"church,catholic,pilgrimage,religious",images/Madhu_church.jpg
146,Padaviya Tank,Nature,Vavuniya,Vavuniya,3.6,0,500,8.8667,80.6667,Low,Ancient irrigation tank with wildlife,"tank,wildlife,ancient,nature",images/padaviya.jpg
147,Madhu Church,Religious,Vavuniya,Vavuniya,4.8,0,500,8.9667,80.2667,Low,Famous Catholic shrine - pilgrimage site for all religions,"church,catholic,pilgrimage,religious",images/Madhu_church.jpg
148,Padaviya Tank,Nature,Vavuniya,Vavuniya,3.7,0,500,8.8667,80.6667,Low,Ancient irrigation tank with wildlife,"tank,wildlife,ancient,nature",images/padaviya.jpg
149,Nochchiagama Ancient Site,Historical,Vavuniya,Vavuniya,5,200,700,8.65,80.5167,Low,Ancient ruins near Vavuniya,"ruins,ancient,historical,archaeological",
150,Madhu Church,Religious,Vavuniya,Vavuniya,4.5,0,500,8.9667,80.2667,Low,Famous Catholic shrine - pilgrimage site for all religions,"church,catholic,pilgrimage,religious",images/Madhu_church.jpg
151,Madhu Church,Religious,Vavuniya,Vavuniya,4,0,500,8.9667,80.2667,Low,Famous Catholic shrine - pilgrimage site for all religions,"church,catholic,pilgrimage,religious",images/Madhu_church.jpg
152,Madhu Church,Religious,Vavuniya,Vavuniya,4.9,0,500,8.9667,80.2667,Low,Famous Catholic shrine - pilgrimage site for all religions,"church,catholic,pilgrimage,religious",images/Madhu_church.jpg
153,Padaviya Tank,Nature,Vavuniya,Vavuniya,4.6,0,500,8.8667,80.6667,Low,Ancient irrigation tank with wildlife,"tank,wildlife,ancient,nature",images/padaviya.jpg
154,Padaviya Tank,Nature,Vavuniya,Vavuniya,4.7,0,500,8.8667,80.6667,Low,Ancient irrigation tank with wildlife,"tank,wildlife,ancient,nature",images/padaviya.jpg
155,Vavuniya Archaeological Museum,Historical,Vavuniya,Vavuniya,4.3,200,600,8.7515,80.4969,Low,Museum with ancient artifacts from northern Sri Lanka,"museum,artifacts,historical,culture",
156,Vavuniya Market,Cultural,Vavuniya,Vavuniya,4.1,100,400,8.7515,80.4969,Low,Busy local market with diverse goods,"market,culture,local,town",
157,Vavuniya Archaeological Museum,Historical,Vavuniya,Vavuniya,4.4,200,600,8.7515,80.4969,Low,Museum with ancient artifacts from northern Sri Lanka,"museum,artifacts,historical,culture",
158,Nochchiagama Ancient Site,Historical,Vavuniya,Vavuniya,4.7,200,700,8.65,80.5167,Low,Ancient ruins near Vavuniya,"ruins,ancient,historical,archaeological",
159,Vavuniya Market,Cultural,Vavuniya,Vavuniya,3.2,100,400,8.7515,80.4969,Low,Busy local market with diverse goods,"market,culture,local,town",
160,Padaviya Tank,Nature,Vavuniya,Vavuniya,3.5,0,500,8.8667,80.6667,Low,Ancient irrigation tank with wildlife,"tank,wildlife,ancient,nature",images/padaviya.jpg
161,Nochchiagama Ancient Site,Historical,Vavuniya,Vavuniya,3.3,200,700,8.65,80.5167,Low,Ancient ruins near Vavuniya,"ruins,ancient,historical,archaeological",
162,Madhu Church,Religious,Vavuniya,Vavuniya,3.2,0,500,8.9667,80.2667,Low,Famous Catholic shrine - pilgrimage site for all religions,"church,catholic,pilgrimage,religious",images/Madhu_church.jpg
163,Padaviya Tank,Nature,Vavuniya,Vavuniya,4.6,0,500,8.8667,80.6667,Low,Ancient irrigation tank with wildlife,"tank,wildlife,ancient,nature",images/padaviya.jpg
164,Vavuniya Market,Cultural,Vavuniya,Vavuniya,4.9,100,400,8.7515,80.4969,Low,Busy local market with diverse goods,"market,culture,local,town",
165,Madhu Church,Religious,Vavuniya,Vavuniya,3.1,0,500,8.9667,80.2667,Low,Famous Catholic shrine - pilgrimage site for all religions,"church,catholic,pilgrimage,religious",images/Madhu_church.jpg
166,Nochchiagama Ancient Site,Historical,Vavuniya,Vavuniya,3.7,200,700,8.65,80.5167,Low,Ancient ruins near Vavuniya,"ruins,ancient,historical,archaeological",
167,Madhu Church,Religious,Vavuniya,Vavuniya,5,0,500,8.9667,80.2667,Low,Famous Catholic shrine - pilgrimage site for all religions,"church,catholic,pilgrimage,religious",images/Madhu_church.jpg
168,Vavuniya Market,Cultural,Vavuniya,Vavuniya,3.4,100,400,8.7515,80.4969,Low,Busy local market with diverse goods,"market,culture,local,town",
169,Vavuniya Market,Cultural,Vavuniya,Vavuniya,4.9,100,400,8.7515,80.4969,Low,Busy local market with diverse goods,"market,culture,local,town",
170,Vavuniya Market,Cultural,Vavuniya,Vavuniya,4.6,100,400,8.7515,80.4969,Low,Busy local market with diverse goods,"market,culture,local,town",
171,Padaviya Tank,Nature,Vavuniya,Vavuniya,3.1,0,500,8.8667,80.6667,Low,Ancient irrigation tank with wildlife,"tank,wildlife,ancient,nature",images/padaviya.jpg
172,Madhu Church,Religious,Vavuniya,Vavuniya,4.4,0,500,8.9667,80.2667,Low,Famous Catholic shrine - pilgrimage site for all religions,"church,catholic,pilgrimage,religious",images/Madhu_church.jpg
173,Padaviya Tank,Nature,Vavuniya,Vavuniya,4.5,0,500,8.8667,80.6667,Low,Ancient irrigation tank with wildlife,"tank,wildlife,ancient,nature",images/padaviya.jpg
174,Madhu Church,Religious,Vavuniya,Vavuniya,3.9,0,500,8.9667,80.2667,Low,Famous Catholic shrine - pilgrimage site for all religions,"church,catholic,pilgrimage,religious",images/Madhu_church.jpg
175,Vavuniya Archaeological Museum,Historical,Vavuniya,Vavuniya,4.8,200,600,8.7515,80.4969,Low,Museum with ancient artifacts from northern Sri Lanka,"museum,artifacts,historical,culture",
176,Vavuniya Archaeological Museum,Historical,Vavuniya,Vavuniya,3.5,200,600,8.7515,80.4969,Low,Museum with ancient artifacts from northern Sri Lanka,"museum,artifacts,historical,culture",
177,Padaviya Tank,Nature,Vavuniya,Vavuniya,4.1,0,500,8.8667,80.6667,Low,Ancient irrigation tank with wildlife,"tank,wildlife,ancient,nature",images/padaviya.jpg
178,Nochchiagama Ancient Site,Historical,Vavuniya,Vavuniya,4.1,200,700,8.65,80.5167,Low,Ancient ruins near Vavuniya,"ruins,ancient,historical,archaeological",
179,Vavuniya Archaeological Museum,Historical,Vavuniya,Vavuniya,4.6,200,600,8.7515,80.4969,Low,Museum with ancient artifacts from northern Sri Lanka,"museum,artifacts,historical,culture",
180,Padaviya Tank,Nature,Vavuniya,Vavuniya,3.6,0,500,8.8667,80.6667,Low,Ancient irrigation tank with wildlife,"tank,wildlife,ancient,nature",images/padaviya.jpg
181,Vavuniya Archaeological Museum,Historical,Vavuniya,Vavuniya,3.5,200,600,8.7515,80.4969,Low,Museum with ancient artifacts from northern Sri Lanka,"museum,artifacts,historical,culture",
182,Nochchiagama Ancient Site,Historical,Vavuniya,Vavuniya,3.9,200,700,8.65,80.5167,Low,Ancient ruins near Vavuniya,"ruins,ancient,historical,archaeological",
183,Vavuniya Archaeological Museum,Historical,Vavuniya,Vavuniya,4.7,200,600,8.7515,80.4969,Low,Museum with ancient artifacts from northern Sri Lanka,"museum,artifacts,historical,culture",
184,Madhu Church,Religious,Vavuniya,Vavuniya,4.2,0,500,8.9667,80.2667,Low,Famous Catholic shrine - pilgrimage site for all religions,"church,catholic,pilgrimage,religious",images/Madhu_church.jpg
185,Vavuniya Archaeological Museum,Historical,Vavuniya,Vavuniya,4.3,200,600,8.7515,80.4969,Low,Museum with ancient artifacts from northern Sri Lanka,"museum,artifacts,historical,culture",
186,Nochchiagama Ancient Site,Historical,Vavuniya,Vavuniya,3.5,200,700,8.65,80.5167,Low,Ancient ruins near Vavuniya,"ruins,ancient,historical,archaeological",
187,Padaviya Tank,Nature,Vavuniya,Vavuniya,3.6,0,500,8.8667,80.6667,Low,Ancient irrigation tank with wildlife,"tank,wildlife,ancient,nature",images/padaviya.jpg
188,Vavuniya Archaeological Museum,Historical,Vavuniya,Vavuniya,4.2,200,600,8.7515,80.4969,Low,Museum with ancient artifacts from northern Sri Lanka,"museum,artifacts,historical,culture",
189,Padaviya Tank,Nature,Vavuniya,Vavuniya,4.1,0,500,8.8667,80.6667,Low,Ancient irrigation tank with wildlife,"tank,wildlife,ancient,nature",images/padaviya.jpg
190,Padaviya Tank,Nature,Vavuniya,Vavuniya,4.3,0,500,8.8667,80.6667,Low,Ancient irrigation tank with wildlife,"tank,wildlife,ancient,nature",images/padaviya.jpg
191,Vavuniya Archaeological Museum,Historical,Vavuniya,Vavuniya,4,200,600,8.7515,80.4969,Low,Museum with ancient artifacts from northern Sri Lanka,"museum,artifacts,historical,culture",
192,Vavuniya Market,Cultural,Vavuniya,Vavuniya,3.1,100,400,8.7515,80.4969,Low,Busy local market with diverse goods,"market,culture,local,town",
193,Nochchiagama Ancient Site,Historical,Vavuniya,Vavuniya,4.1,200,700,8.65,80.5167,Low,Ancient ruins near Vavuniya,"ruins,ancient,historical,archaeological",
194,Nochchiagama Ancient Site,Historical,Vavuniya,Vavuniya,4.1,200,700,8.65,80.5167,Low,Ancient ruins near Vavuniya,"ruins,ancient,historical,archaeological",
195,Madhu Church,Religious,Vavuniya,Vavuniya,4.7,0,500,8.9667,80.2667,Low,Famous Catholic shrine - pilgrimage site for all religions,"church,catholic,pilgrimage,religious",images/Madhu_church.jpg
196,Vavuniya Archaeological Museum,Historical,Vavuniya,Vavuniya,4.3,200,600,8.7515,80.4969,Low,Museum with ancient artifacts from northern Sri Lanka,"museum,artifacts,historical,culture",
197,Vavuniya Market,Cultural,Vavuniya,Vavuniya,3.5,100,400,8.7515,80.4969,Low,Busy local market with diverse goods,"market,culture,local,town",
198,Vavuniya Archaeological Museum,Historical,Vavuniya,Vavuniya,3.7,200,600,8.7515,80.4969,Low,Museum with ancient artifacts from northern Sri Lanka,"museum,artifacts,historical,culture",
199,Vavuniya Archaeological Museum,Historical,Vavuniya,Vavuniya,3.7,200,600,8.7515,80.4969,Low,Museum with ancient artifacts from northern Sri Lanka,"museum,artifacts,historical,culture",
200,Vavuniya Archaeological Museum,Historical,Vavuniya,Vavuniya,4.5,200,600,8.7515,80.4969,Low,Museum with ancient artifacts from northern Sri Lanka,"museum,artifacts,historical,culture",
201,Vavuniya Market,Cultural,Vavuniya,Vavuniya,3.3,100,400,8.7515,80.4969,Low,Busy local market with diverse goods,"market,culture,local,town",
202,Vavuniya Market,Cultural,Vavuniya,Vavuniya,4.1,100,400,8.7515,80.4969,Low,Busy local market with diverse goods,"market,culture,local,town",
203,Padaviya Tank,Nature,Vavuniya,Vavuniya,4.7,0,500,8.8667,80.6667,Low,Ancient irrigation tank with wildlife,"tank,wildlife,ancient,nature",images/padaviya.jpg
204,Madhu Church,Religious,Vavuniya,Vavuniya,5,0,500,8.9667,80.2667,Low,Famous Catholic shrine - pilgrimage site for all religions,"church,catholic,pilgrimage,religious",images/Madhu_church.jpg
205,Madhu Church,Religious,Vavuniya,Vavuniya,4.3,0,500,8.9667,80.2667,Low,Famous Catholic shrine - pilgrimage site for all religions,"church,catholic,pilgrimage,religious",images/Madhu_church.jpg
206,Padaviya Tank,Nature,Vavuniya,Vavuniya,3.1,0,500,8.8667,80.6667,Low,Ancient irrigation tank with wildlife,"tank,wildlife,ancient,nature",images/padaviya.jpg
207,Madhu Church,Religious,Vavuniya,Vavuniya,3.1,0,500,8.9667,80.2667,Low,Famous Catholic shrine - pilgrimage site for all religions,"church,catholic,pilgrimage,religious",images/Madhu_church.jpg
208,Padaviya Tank,Nature,Vavuniya,Vavuniya,3.1,0,500,8.8667,80.6667,Low,Ancient irrigation tank with wildlife,"tank,wildlife,ancient,nature",images/padaviya.jpg
209,Padaviya Tank,Nature,Vavuniya,Vavuniya,4.8,0,500,8.8667,80.6667,Low,Ancient irrigation tank with wildlife,"tank,wildlife,ancient,nature",images/padaviya.jpg
210,Vavuniya Market,Cultural,Vavuniya,Vavuniya,4.9,100,400,8.7515,80.4969,Low,Busy local market with diverse goods,"market,culture,local,town",
211,Nochchiagama Ancient Site,Historical,Vavuniya,Vavuniya,3.8,200,700,8.65,80.5167,Low,Ancient ruins near Vavuniya,"ruins,ancient,historical,archaeological",
212,Nochchiagama Ancient Site,Historical,Vavuniya,Vavuniya,3.9,200,700,8.65,80.5167,Low,Ancient ruins near Vavuniya,"ruins,ancient,historical,archaeological",
213,Vavuniya Archaeological Museum,Historical,Vavuniya,Vavuniya,4.5,200,600,8.7515,80.4969,Low,Museum with ancient artifacts from northern Sri Lanka,"museum,artifacts,historical,culture",
214,Padaviya Tank,Nature,Vavuniya,Vavuniya,3.6,0,500,8.8667,80.6667,Low,Ancient irrigation tank with wildlife,"tank,wildlife,ancient,nature",images/padaviya.jpg
215,Vavuniya Archaeological Museum,Historical,Vavuniya,Vavuniya,4.7,200,600,8.7515,80.4969,Low,Museum with ancient artifacts from northern Sri Lanka,"museum,artifacts,historical,culture",
216,Vavuniya Market,Cultural,Vavuniya,Vavuniya,3.5,100,400,8.7515,80.4969,Low,Busy local market with diverse goods,"market,culture,local,town",
217,Vavuniya Market,Cultural,Vavuniya,Vavuniya,3.9,100,400,8.7515,80.4969,Low,Busy local market with diverse goods,"market,culture,local,town",
218,Madhu Church,Religious,Vavuniya,Vavuniya,4.5,0,500,8.9667,80.2667,Low,Famous Catholic shrine - pilgrimage site for all religions,"church,catholic,pilgrimage,religious",images/Madhu_church.jpg
219,Madhu Church,Religious,Vavuniya,Vavuniya,3.7,0,500,8.9667,80.2667,Low,Famous Catholic shrine - pilgrimage site for all religions,"church,catholic,pilgrimage,religious",images/Madhu_church.jpg
220,Padaviya Tank,Nature,Vavuniya,Vavuniya,4,0,500,8.8667,80.6667,Low,Ancient irrigation tank with wildlife,"tank,wildlife,ancient,nature",images/padaviya.jpg
